{"type":"Topology","arcs":[[[174021,26458],[-127,15],[39,-34],[-23,-85]],[[173910,26354],[-6,-22],[-181,-81],[-36,-58],[49,-40],[-217,-136],[-19,-77],[48,-24],[-38,-99],[54,-31],[-129,-70],[-191,-231],[42,-213],[-141,-130],[6,-2],[3,-3],[-9,5],[-127,-116],[10,-71],[-88,-31],[26,-120],[-132,-126],[-104,74],[-184,0],[120,-108],[74,-197],[-42,-22],[35,-83],[-155,9],[-29,-52],[42,-34],[-71,-6],[-61,-86],[48,-376],[-100,-163],[26,-86],[-58,-148],[80,-385],[-58,-68],[29,-49],[-236,-290],[58,-92],[-97,-182],[42,-203],[-274,-456],[-13,-62],[42,-12],[-49,-135],[-116,-130],[-23,-98],[52,-34],[-65,-59],[26,-86],[-58,22],[-49,-62],[26,-92],[107,-13],[-61,-132],[67,-80]],[[171805,20702],[-9,-111],[-71,25],[-26,-93],[-136,-21],[16,-56],[107,-34],[139,34],[110,-123],[55,0],[0,-2],[3,2],[0,-6],[-2,2],[57,-215],[-39,0],[133,-154],[-210,68],[-140,-117],[85,-98],[-65,-201],[23,-151],[58,-64],[6,-185],[-5762,2184]],[[166137,21386],[-278,-16],[-36,43],[113,111],[-6,49],[126,68],[133,191],[29,96],[-55,24],[48,43],[-90,65],[-94,-9],[-36,68],[-55,-28],[-25,314],[-120,40],[-26,92],[-136,99],[68,215],[-78,28],[-29,271],[49,49],[-62,96],[52,108],[-109,3],[-1,0],[-42,58],[26,68],[-61,37],[1,2],[63,124],[-213,-6],[-21,18],[-15,13],[-38,34],[5,89],[-2,9],[-94,-21],[-249,114],[-94,-13],[-222,123],[-198,-52],[-149,-101],[-168,43],[-3,-43],[116,-19],[-103,-58],[-101,55],[17,71],[-104,58],[-97,0],[-42,-52],[-164,35],[-25,-33],[2,-39],[-50,-24]],[[163494,23896],[-64,-31],[-8,-64]],[[163422,23801],[-8,-63],[-101,-82],[-7,-6],[-2,-1],[-110,68],[-255,-34],[-136,59],[-65,-22],[-68,135],[-80,-49],[-10,-132],[-107,-40],[-29,-130],[-61,-21],[-88,95],[-84,-34],[-77,53],[-42,-117],[-55,58],[-62,-43],[-3,80],[-84,-9],[-26,43],[-155,-46],[-68,105],[-175,-19],[10,59],[-71,-10],[3,65],[-149,-52],[-19,58],[-78,-12],[-16,55],[-119,37],[-10,69],[-87,-32],[-68,50],[-42,-74],[-153,102],[-8,-87],[12,-3],[-13,-3],[-13,-4],[-10,-2],[-84,21],[-29,52],[-46,-24],[-4,-2],[-2,-1],[-5,4],[-54,25],[-20,-21]],[[160389,23919],[-118,-122],[12,-39]],[[160283,23758],[11,-32],[-58,-46],[-3,2],[-98,75],[-32,-52],[-149,6],[33,34],[-33,58],[-32,-49],[-52,46],[-229,-92],[-43,70],[-135,0],[13,50],[-52,-46],[-91,27],[4,-37],[-198,80],[-190,-64],[-85,98],[26,68],[-84,-37],[-81,15],[0,53],[-158,-25],[13,-46],[-155,-49],[-104,95],[-197,28],[29,28],[-94,15],[4,49],[-78,-15],[16,28],[-191,101],[20,65],[-81,-37],[-26,80],[-113,65],[16,46],[-78,-28],[-12,59],[-43,-50],[-161,31],[-29,-55],[-139,-3],[-30,-65],[-181,-55],[-100,49],[-213,0],[-39,65],[-298,-40],[1,0],[16,36],[-92,20],[-35,7],[-75,-12],[-197,-56],[-103,-30],[-105,-30],[-10,-6],[22,-56],[-84,-148],[25,-89],[-84,-21],[-22,-65],[141,-137],[49,-48],[-5,-65],[-1,-7],[0,-2],[-107,-31],[-48,50],[-227,24],[-67,-129],[-104,-3],[-6,-65],[-29,31],[-68,-52],[-1,1]],[[155087,23438],[-19,42],[-61,2]],[[155007,23482],[-69,2],[-18,1],[-26,1],[3,86],[-113,-31],[0,4],[16,104],[-110,-43],[-7,68],[-64,15],[-49,-89],[-9,138],[-91,-18],[-13,-3],[-65,95],[-152,43],[-2,74],[-49,0],[1,7],[-21,-4],[-87,108],[-65,-6],[-97,80],[23,31],[-52,-12],[10,138],[-97,22],[-26,46],[45,3],[-48,12],[39,37],[-62,-3],[39,86],[-49,-9],[-42,90],[-174,40],[3,52],[-91,-52],[-7,11],[-57,90],[-104,46],[-9,59],[-165,46],[-29,89],[-72,7],[-84,154],[-139,43],[-74,86],[-94,-43],[-64,24],[22,59],[-71,9],[-16,102],[-120,-22],[-239,83],[-13,56],[-136,49],[16,25],[-178,46],[3,77],[-24,18],[-153,-3],[-81,77],[-120,-95],[-6,1],[-15,3],[-30,5],[-23,29],[-84,107],[-116,43],[1,2],[92,170],[-64,46],[-15,61],[-4,16],[-4,16],[54,54],[-8,9],[-31,28],[-58,-6],[-70,-33],[-188,3],[-71,93],[-181,0],[-6,0],[0,8],[0,127],[-162,151],[-7,86],[39,10],[-94,86],[46,0],[6,80],[-61,55],[-7,123],[84,62],[-71,136],[104,95],[6,37],[-45,0],[61,89],[-38,77],[-127,37],[-103,-37],[-13,50],[-68,9],[71,61],[-81,-15],[-25,40],[-55,-43],[-17,92],[-58,-12],[-64,74],[-52,-28],[-10,62],[-48,-53],[-94,37],[32,31],[-68,-28],[45,47],[-29,18],[-61,-61],[-71,70],[-52,-64],[-48,40],[-4,-53],[-19,62],[-74,-34],[22,62],[-90,34],[-52,-99],[-45,92],[-114,53],[-119,-99],[-84,46],[35,47],[-55,33],[42,37],[-87,4],[-55,80],[-68,-22],[26,55],[-78,0],[75,87],[-62,46],[-68,-68],[46,-34],[-117,6],[32,-62],[4,-8],[-148,2],[-36,-25],[6,-21],[-41,-11],[57,-13],[-2,-3],[2,0],[-63,-91],[21,-24],[49,-48],[-6,-1],[-43,-7],[-53,-8],[31,-66],[32,-66],[-2,0],[-63,6],[0,-52],[-58,52],[-139,-22],[6,-86],[85,-18],[-23,-53],[-13,2]],[[148158,27596],[-324,57]],[[147834,27653],[-35,6],[-78,62],[62,110],[-62,0],[46,34],[-55,56],[61,30],[-129,-27],[26,114],[-101,9],[-3,0],[52,62],[0,150],[-61,16],[9,-77],[-84,68],[-58,-19],[-7,80],[-51,-21],[-71,58],[103,25],[-81,21],[65,68],[-113,-18],[77,64],[-100,25],[49,108],[-55,117],[74,28],[13,70],[-45,10],[84,-4],[22,77],[-365,34],[48,65],[-42,28],[-161,-31],[31,86],[-41,69],[-3,2],[0,2],[0,1],[37,134],[-22,30],[-36,40],[-193,18],[0,93],[-7,2],[-141,-15],[0,-56],[-120,4],[-58,70],[35,62],[-148,15],[25,80],[-80,-15],[29,-62],[-143,37],[-25,-70],[-81,52],[-36,-59],[-1,3],[-34,68],[-66,12],[-8,-2],[-75,-77],[-323,61],[3,46],[-68,-30],[16,43],[-101,21],[-19,-37],[-18,-34],[-1,-3],[-18,30],[-21,28],[-97,-15],[-142,-61],[-16,-74],[-52,18],[23,-52],[-107,12],[55,-30],[-45,-47],[45,-43],[-223,0],[0,-61],[-78,-16],[29,108],[-74,76],[-165,-36],[-36,68],[-87,0],[3,55],[-64,-21],[-94,74],[-110,-87],[-26,84],[-184,104],[-55,-28],[-3,81],[-46,-40],[-71,36],[-66,-89],[-2,-3],[-32,59],[-68,-28],[-3,83],[-107,-31],[-84,43],[-16,-80],[-75,83],[-77,-33],[-24,69],[-34,-66],[-3,2],[-69,62],[33,43]],[[142910,29919],[-36,13272]],[[142874,43191],[-1,2207]],[[142873,45398],[25731,0],[45,65],[194,64],[159,355],[152,18],[39,89],[126,13],[32,86],[117,31],[64,80],[78,-13],[90,102],[68,-12],[133,92],[90,-37],[211,311],[164,65],[272,3],[78,-86],[45,21],[120,-49],[16,-68],[119,-6],[55,77],[828,-15],[123,101],[210,-9],[39,62],[149,-3],[48,46],[194,-74],[249,114],[198,-117],[61,-142],[146,-40],[-7,-49],[94,-43],[268,31],[45,-19],[-38,-28],[77,-9],[10,59],[252,-74],[133,83],[26,-37],[226,86],[398,-185],[106,16],[101,-130],[233,-30],[58,-65],[-13,-95],[61,-28],[3,-130],[191,22],[553,-312],[15,-96],[15,-121],[-36,-65],[61,-65]],[[176148,45238],[-52,-77],[14,-68]],[[176110,45093],[-1,-3],[2,-1],[124,-119],[-16,-77],[10,-6],[7,-4],[64,-39],[181,3],[191,160],[12,31],[150,141],[-42,40],[26,111],[152,210],[210,92],[81,-21],[229,178],[91,3],[26,-148],[100,-58],[13,-65],[97,43],[77,-52],[62,166],[213,-64],[259,104],[48,-37],[88,133],[0,37],[-75,6],[71,99],[17,264],[110,74],[-33,83],[-181,50],[-77,255],[-94,53],[-7,141],[91,50],[19,-71],[91,3],[171,172],[165,19],[126,92],[184,-49],[298,265],[255,-13],[91,99],[-3,114],[90,0],[65,120],[145,31],[85,-43],[-26,-133],[174,-101],[110,215],[84,-132],[91,0],[268,-160],[84,55],[88,-24],[87,104],[158,31],[175,-86],[359,-3],[204,-59],[55,123],[139,71],[29,139],[181,-46],[152,98],[249,-49],[388,283],[187,-64],[55,43]],[[183459,47970],[-13,-62],[-27,-4],[73,-67],[-81,-101],[52,6],[34,89],[21,-105],[51,-46],[-110,-773],[94,-314],[97,-89],[91,21],[-139,-437],[42,-209],[-55,-102],[-49,25],[-6,86],[-39,-22],[45,-71],[-161,-9],[203,-15],[-407,-435],[-100,-252],[77,-120],[-365,-484],[0,-144],[106,-68],[-45,-490],[-77,-120],[13,-135],[-72,-139],[42,-68],[-122,-191],[24,-111],[1,0],[0,-3],[0,1],[0,-4],[-116,-277],[29,-86],[-55,-182],[-204,-274],[10,-194],[45,-18],[-22,-145],[-130,-126],[-87,-179],[0,-136],[49,-15],[-49,-15],[42,3],[-129,-99],[-118,-276],[5,-7],[-6,5],[-1,-2],[-129,-166],[-78,-296],[26,-203],[-97,-185],[68,-456],[84,-80],[126,12],[1,-2],[2,2],[0,-3],[-2,0],[41,-98],[-161,-284],[6,-117],[78,-49],[-285,-351],[23,-49],[-78,-170],[52,-221],[-197,-293],[74,-206],[-301,-299],[-35,-173],[51,-37],[-145,-126],[-39,-89],[42,-59],[-226,-249],[3,-80],[58,-25],[-472,-314],[-197,-249],[0,-133]],[[180213,35937],[0,-9],[-113,-132],[-13,-170],[200,-135],[-152,-241],[-3,-55],[94,-71],[-117,-228],[78,-104],[-660,-259],[-165,-210],[-287,-163],[-30,-114],[59,-49],[-104,71],[-142,-25],[29,46],[-52,40],[-26,-70],[-171,-22],[-36,37],[36,80],[-58,-92],[-42,49],[-117,-15],[-77,46],[-81,-68],[48,-65],[62,0],[-32,-55],[-85,-9],[0,-65],[146,62],[168,-34],[62,43],[35,-62],[-22,114],[90,-89],[314,49],[-49,-154],[0,-3],[-3,3],[-152,-15],[-29,-80],[-204,24],[-465,-132],[-321,-154],[-80,-128],[58,11],[-210,-145],[-30,-148],[-194,-126],[-25,-99],[-68,-3],[32,68],[-36,25],[59,58],[-94,65],[52,123],[-97,37],[9,-132],[-56,16],[66,-146],[-84,65],[-55,-18],[74,-25],[0,-56],[-45,37],[-16,-64],[107,-43],[-198,64],[-139,-98],[46,-43],[77,55],[55,-37],[0,-52],[-84,12],[10,-37],[-104,-37],[55,-3],[10,-68],[36,53],[87,-96],[13,62],[-62,28],[101,70],[-17,62],[59,-182],[119,280],[26,-77],[78,28],[-117,-206],[29,-68],[-45,-68],[-197,-157],[48,-101],[-249,-191],[143,203],[-84,46],[123,34],[90,136],[-78,40],[0,-136],[-171,49],[32,-120],[-77,-6],[-97,-117],[-75,-15],[88,-65],[-88,-6],[23,-77],[81,-34],[65,89],[32,-80],[-191,-222],[26,-49],[-58,-52],[39,-56],[-91,-110],[-239,-77],[-29,77],[87,3],[-71,98],[113,-37],[23,90],[-52,-7],[10,-55],[-91,34],[87,129],[-87,-37],[-10,65],[-51,6],[19,-71],[-52,-31],[36,-49],[-55,28],[35,-56],[-58,-30],[117,37],[-20,-44],[65,-55],[-120,-43],[-9,-77],[-117,12],[-48,-61],[-71,184],[93,80],[-113,-67],[-13,-71],[-94,108],[130,58],[-3,68],[-17,-59],[-129,-49],[23,-145],[-55,108],[-71,-31],[-20,74],[58,56],[-64,27],[68,68],[-23,34],[-84,-129],[-81,15],[-42,-52],[-45,51],[32,-60],[188,52],[-81,-74],[77,-25],[-3,-77],[-139,53],[65,-37],[-16,-37],[55,3],[-84,-49],[90,12],[19,-62],[-54,-28],[90,-15],[-32,77],[58,-24],[-68,67],[68,-6],[19,77],[75,-111],[103,37],[-58,-108],[58,37],[52,-52],[-45,-49],[-152,6],[87,-49],[-159,-56],[-48,-89],[48,-9],[30,98],[148,53],[33,-28],[-29,58],[119,-18],[-22,49],[74,0],[39,53],[84,-25],[-58,-77],[35,6],[-3,-55],[-107,-34],[42,-16],[-35,-67],[42,46],[87,-71],[-23,99],[36,64],[52,-28],[-52,65],[26,71],[61,-142],[-47,-108],[5,-3],[-3,0],[-2,3],[-59,-135],[-8,-2],[-25,-69],[58,-46],[-87,-15],[39,0],[0,-65],[-49,-74],[62,-46],[-16,-49],[-65,73],[-52,4],[29,-37],[-45,-25],[-35,55],[-49,-9],[-7,49],[-58,-9],[52,-18],[-39,-71],[88,49],[22,-74],[52,0],[-71,-80],[-45,53],[0,-41],[-59,25],[13,-37],[-97,59],[-26,-25],[4,37],[-117,3],[-6,80],[0,-80],[97,-43],[-59,-3],[33,-34],[-78,-46],[139,74],[39,-43],[-71,-37],[62,30],[25,-33],[20,58],[119,-62],[78,16],[36,111],[25,-53],[-6,-129],[-91,-92],[26,-142],[-45,9],[-10,-114],[-74,77],[-55,-15],[39,43],[-62,-9],[-9,34],[42,-13],[-62,31],[-3,-61],[-23,67],[-6,-49],[-68,46],[-42,-126],[-68,-37],[7,68],[-49,-53],[-81,59],[-58,-37],[10,31],[-68,-3],[26,30],[-65,-39],[78,-13],[-75,-49],[0,-65],[13,68],[75,34],[70,-15],[10,9],[68,-28],[-19,-52],[55,43],[58,-90],[52,31],[-62,46],[65,43],[55,-40],[-61,-30],[116,6],[32,21],[-61,19],[113,21],[26,-77],[-49,-49],[-158,3],[-42,-98],[-13,55],[-29,-58],[-20,55],[-71,-49],[-22,92],[-10,-52],[-16,37],[-65,-22],[35,-33],[46,-1],[13,-46],[-87,-28],[171,40],[3,7],[117,-4],[9,-37],[-142,-157],[-449,-289],[-198,-262],[-29,-129],[39,-31],[-94,-120],[26,-176],[-84,22],[78,-56],[19,34],[26,-89],[-100,-37],[-52,-111],[-39,40],[78,114],[-178,19],[19,-43],[-74,-7],[-3,-98],[-55,-37],[42,-9],[-49,-13],[33,-24],[187,71],[39,-158],[94,-24],[-155,-56],[29,-175],[-130,-342],[-45,31],[-94,-56],[-103,-197],[3,-111],[65,-15],[-7,-92],[55,-13],[-3,-175],[81,-77],[129,-3],[-58,-87],[35,-30],[-29,-71],[-90,-62],[-65,65],[-32,-31],[35,145],[-87,135],[-262,-98],[-13,-126],[75,-19],[13,-160],[-133,15]],[[174111,26553],[-87,-95],[-3,0]],[[183399,47901],[-79,-11],[-51,-84],[87,-12],[-10,83],[53,24]],[[177746,33323],[16,181],[87,114],[-136,0],[-55,-85],[55,-16],[7,-139],[-27,14],[24,-74],[29,5]],[[175641,31317],[-101,-52],[75,-37],[-23,34],[87,19],[-38,36]],[[176201,30906],[-121,-32],[75,-18],[46,50]],[[175698,30477],[-58,-3],[-132,77],[-136,-13],[107,7],[-7,-56],[33,49],[26,-61],[67,6],[-9,-68],[29,62],[48,-28],[32,28]],[[175329,30036],[9,43],[-50,-12],[-10,40],[-22,-58],[73,-13]],[[169403,26211],[-58,199],[-50,36],[-147,80],[-28,2],[-139,-77],[-41,-24],[-819,-464],[-47,-90],[48,-133],[-111,-214],[-22,-80],[8,-133]],[[167997,25313],[9,-146],[52,-61]],[[168058,25106],[-68,-46],[48,-80],[-51,-56],[100,-61],[-23,-111],[212,-175],[50,119],[49,6],[51,-120],[-51,-160],[71,-132],[171,-136],[162,-9],[114,-59],[13,20],[41,116],[93,80],[10,15],[-16,241],[58,212],[-100,342],[210,-22],[-38,121],[58,162],[-46,142],[1,1],[-1,3],[63,53],[-50,17],[3,4],[11,22],[12,24],[191,212],[1,0],[32,12],[103,37],[14,-2],[9,2],[314,-62],[59,31],[87,62],[-8,53],[-106,-19],[-152,102],[-140,9],[4,43],[-126,49],[14,56],[-14,6],[-94,-19]],[[201296,37680],[0,3],[3,0],[-3,-3]],[[177277,32898],[9,-13],[-6,0],[-3,13]],[[201422,37573],[7,3],[-7,-10],[0,7]],[[201312,37690],[3,0],[-6,-4],[3,4]],[[201283,37690],[0,3],[3,-3],[-3,0]],[[201302,37708],[4,6],[0,-6],[-4,0]],[[201309,37736],[-3,-3],[0,3],[3,0]],[[201280,37646],[136,-147],[-101,-105],[10,169],[-129,80],[84,3]],[[201416,37569],[3,4],[0,-4],[-3,0]],[[178745,33717],[0,3],[3,-6],[-3,3]],[[201296,37693],[-6,9],[12,3],[-6,-12]],[[178829,33723],[0,3],[3,0],[-3,-3]],[[177144,32768],[-45,25],[19,12],[26,-37]],[[175867,31435],[26,15],[16,-6],[-42,-9]],[[175786,31487],[-6,28],[19,-37],[-13,9]],[[175699,31450],[3,9],[3,-9],[-6,0]],[[177390,32808],[-13,-6],[3,6],[10,0]],[[177060,32180],[-10,3],[7,3],[3,-6]],[[177364,32787],[3,3],[0,-3],[-3,0]],[[179081,33858],[-42,-12],[23,31],[19,-19]],[[179178,33982],[10,-13],[-16,3],[6,10]],[[178434,33997],[13,-3],[3,-12],[-16,15]],[[178619,33991],[6,9],[7,-6],[-13,-3]],[[178900,33791],[3,3],[7,-3],[-10,0]],[[179223,33997],[4,3],[0,-6],[-4,3]],[[179104,33871],[0,-3],[-4,0],[4,3]],[[178961,33803],[4,0],[0,-3],[-4,3]],[[179013,33828],[0,3],[7,-3],[-7,0]],[[179488,34259],[-38,-34],[-23,61],[61,-27]],[[178376,34083],[0,-15],[-19,40],[19,-25]],[[178328,34080],[16,19],[16,-37],[-32,18]],[[179162,34034],[0,15],[19,-9],[-19,-6]],[[179511,34250],[16,-4],[0,-15],[-16,19]],[[178654,34015],[0,7],[10,-3],[-10,-4]],[[179463,34216],[3,6],[3,-9],[-6,3]],[[178389,34092],[10,-3],[-3,0],[-7,3]],[[180226,34730],[3,3],[0,-3],[-3,0]],[[178615,34015],[0,4],[4,-4],[-4,0]],[[180190,34776],[3,3],[4,-3],[-7,0]],[[180213,35937],[3,0],[0,-3],[-3,3]],[[180203,35906],[3,3],[0,-3],[-3,0]],[[178383,34086],[3,0],[3,-3],[-6,3]],[[179172,34025],[-4,-3],[0,3],[4,0]],[[182939,42543],[-7,9],[10,-3],[-3,-6]],[[182538,41690],[6,-9],[-6,-6],[0,15]],[[182945,42525],[0,15],[7,-18],[-7,3]],[[182402,41823],[13,-4],[-7,-3],[-6,7]],[[183547,47871],[-10,0],[6,3],[4,-3]],[[182263,41573],[-10,3],[7,3],[3,-6]],[[182573,42565],[-3,-6],[-3,3],[6,3]],[[182515,42395],[-6,3],[3,0],[3,-3]],[[181965,39510],[4,3],[0,-3],[-4,0]],[[182515,42395],[3,-3],[-3,0],[0,3]],[[182137,41404],[3,3],[0,-3],[-3,0]],[[181959,39494],[0,3],[3,-3],[-3,0]],[[181998,39427],[3,0],[3,-4],[-6,4]],[[181885,39063],[0,3],[3,-3],[-3,0]],[[182347,42023],[0,-3],[-3,0],[3,3]],[[172721,23082],[-13,-46],[-13,43],[26,3]],[[176135,31111],[29,-12],[-16,-9],[-13,21]],[[173328,25281],[-25,3],[32,13],[-7,-16]],[[175983,31422],[10,-9],[-26,-6],[16,15]],[[174978,28481],[-4,13],[26,-16],[-22,3]],[[175770,30471],[0,-10],[-16,0],[16,10]],[[176226,31364],[19,-3],[-10,-6],[-9,9]],[[174809,28318],[17,-3],[-10,-3],[-7,6]],[[172808,24604],[-10,-3],[7,9],[3,-6]],[[172730,24394],[0,7],[10,-3],[-10,-4]],[[175838,30449],[13,6],[-7,-9],[-6,3]],[[172814,24613],[7,-3],[-3,-6],[-4,9]],[[173639,26076],[-3,6],[13,-3],[-10,-3]],[[173054,24970],[3,-3],[-13,9],[10,-6]],[[172979,24866],[3,-7],[-6,4],[3,3]],[[173231,25214],[7,0],[3,-7],[-10,7]],[[174978,28592],[3,6],[3,-9],[-6,3]],[[175036,28564],[-7,0],[-3,3],[10,-3]],[[175003,28472],[7,3],[-3,-3],[-4,0]],[[176045,30428],[-7,6],[3,0],[4,-6]],[[171877,21416],[-4,-3],[0,3],[4,0]],[[172659,24684],[3,0],[0,-3],[-3,3]],[[171889,21441],[-3,-3],[0,3],[0,3],[3,-3]],[[171805,20702],[0,3],[4,-3],[-4,0]],[[172041,20175],[0,3],[4,-3],[-4,0]],[[172206,22402],[4,3],[0,-3],[-4,0]],[[166137,21386],[5759,-2184],[-223,-117],[-427,-46],[-116,-83],[-201,-308],[-194,-50],[-68,-80],[-226,-30],[-133,-117],[-469,-7],[-210,-83],[-90,74],[-398,9],[-1019,-27],[-194,-34],[-68,-56],[-119,43],[-1297,-30],[-1093,-256],[-530,-188],[-1009,-607],[-1918,-1487],[139,126],[-87,-55],[-178,21],[-5,-28],[122,-6],[-91,-55],[-103,-52],[-93,54],[-17,-39],[-79,-32],[40,-11],[-36,3],[-10,5],[-58,-23],[-93,52],[-49,-83],[-49,4],[7,-4],[-10,5],[-77,7],[42,25],[-58,61],[-39,-80],[-184,-24],[-4,-65],[-9,58],[-10,-40],[-16,44],[-81,-22],[65,-19],[-46,7],[-6,-47],[-33,59],[-84,-28],[-64,43],[-7,-52],[-181,9],[-84,-83],[-78,0],[-19,108],[-97,40],[-61,-25],[22,-31],[-410,-6],[55,-24],[-120,-77],[61,-37],[-58,27],[-22,-43],[103,-89],[49,-114],[129,9],[-10,-166],[75,-49],[0,-90],[97,4],[97,110],[200,50],[74,224],[133,-40],[-36,-243],[68,-120],[-123,-117],[-48,-102],[32,-70],[-45,-22],[139,-46],[-48,-34],[74,-74],[-168,-15],[-20,-56],[55,-18],[-55,-127],[-255,19],[-81,138],[100,65],[-113,22],[29,34],[-31,22],[-37,-16],[-100,132],[-81,0],[58,16],[7,55],[-113,166],[-346,262],[-301,65],[-116,-102],[25,-98],[-274,-99],[-165,413],[-337,335],[-168,65],[-184,-95],[-162,-7],[-148,87],[-249,292],[-363,62],[-29,46],[181,25],[49,58],[-52,71],[52,111],[-58,86],[320,-25],[110,133],[-13,98],[-97,7],[22,120],[-77,77],[-29,126],[-165,59],[-88,-44],[-206,44],[-72,-87],[-87,-18],[-139,77],[23,-59],[-117,-92],[-9,-105],[-97,28],[93,-250],[-123,10],[101,-25],[64,-83],[-190,40],[-149,21],[-259,-123],[-61,-175],[-463,-37],[-3,68],[-155,144],[-605,388],[265,-55],[107,-105],[155,-40],[349,62],[211,98],[-17,65],[140,132],[19,124],[278,212],[26,222],[-97,157],[-110,92],[-78,-15],[-64,43],[-159,379],[-226,58],[29,-95],[-126,37],[-159,-43],[-87,-167],[-184,-49],[-272,-182],[-194,-6],[-107,-104],[-139,-25],[-29,-139],[-139,43],[-61,-46],[-152,56],[-117,-96],[10,-123],[168,-31],[29,96],[169,-124],[258,28],[236,148],[198,-40],[90,-83],[-45,-194],[-33,-31],[23,55],[-52,16],[-207,-166],[33,-59],[126,15],[-168,-33],[-20,-50],[-242,62],[-100,-9],[-26,-47],[-230,25],[-314,-126],[-252,-222],[-388,-123],[-94,-105],[-226,-24],[-178,-170],[-19,-101],[-165,-87],[-269,-302],[-501,-135],[-74,-148],[-149,-40],[-197,-182],[-142,-9],[-266,228],[-181,74],[-226,31],[-139,-71],[-87,22],[-392,298],[-134,63],[-5,-4],[0,3],[4,2],[-107,50],[-323,16],[-256,67],[-954,564],[-229,86],[-65,-31],[-320,170],[-359,-50],[-55,-95],[-320,15],[-699,348],[-608,77],[-200,-46],[-252,-138],[155,-247],[-71,0],[-7,-40],[-171,49],[-97,-132],[-71,55],[-7,77],[-187,87],[-175,-22],[19,-83],[-126,28],[-26,67],[104,81],[-19,58],[-314,305],[-469,289],[-595,219]],[[142761,17505],[-6,12550],[74,-151],[1,1]],[[142830,29905],[2,-4],[78,18]],[[147834,27653],[72,-43],[242,-28],[10,14]],[[155007,23482],[77,-45],[3,1]],[[160283,23758],[106,161]],[[163422,23801],[72,95]],[[159987,14111],[9,6],[-3,-9],[-6,3]],[[160006,14117],[0,3],[3,0],[-3,-3]],[[160016,14124],[0,3],[3,-3],[-3,0]],[[160190,14170],[39,0],[-26,-6],[-13,6]],[[160042,14114],[-4,22],[20,-22],[-16,0]],[[160025,14130],[-3,3],[7,-3],[-4,0]],[[171670,19020],[-4,50],[42,-62],[-38,12]],[[171469,19045],[10,-3],[-13,0],[3,3]],[[154790,16920],[-6,3],[13,0],[-7,-3]],[[154729,16892],[38,53],[0,-40],[-38,-13]],[[156494,16664],[-13,-12],[0,19],[13,-7]],[[154725,16880],[-12,0],[12,6],[0,-6]],[[156701,16483],[65,326],[178,-89],[323,12],[165,-142],[-314,-61],[-64,-105],[-52,-19],[6,-15],[-19,6],[3,5],[-45,-17],[-213,74],[-55,-40],[22,65]],[[146134,16393],[-33,-24],[-19,24],[52,0]],[[156326,16224],[149,68],[297,-3],[-84,-28],[120,-3],[-62,-59],[49,-15],[-29,-65],[213,-18],[-71,-71],[65,-96],[-291,188],[-100,-6],[-62,-71],[-162,62],[-177,-25],[100,46],[45,96]],[[160876,15392],[39,22],[125,-64],[-67,-10],[-172,-98],[-161,49],[-97,111],[145,61],[-6,-55],[110,28],[-47,-39],[1,-2],[-6,-3],[1,2],[-82,-66],[217,64]],[[161067,15448],[-136,31],[106,49],[194,-31],[-164,-49]],[[160536,15479],[126,-7],[-203,-36],[77,43]],[[161765,15636],[49,34],[-72,-7],[139,50],[-164,-127],[48,50]],[[161671,15593],[39,-22],[-236,-18],[197,40]],[[161380,15593],[-45,0],[58,49],[4,-4],[-1,1],[26,-16],[-11,0],[18,-18],[-49,-12]],[[161293,15562],[35,31],[26,-31],[-61,0]],[[159786,14327],[-29,52],[48,-83],[-19,31]],[[161076,15448],[126,18],[-51,-27],[-75,9]],[[161674,15648],[-93,-31],[26,37],[67,-6]],[[161202,15574],[52,16],[-6,-37],[-46,21]],[[161328,15491],[78,43],[-171,-95],[93,52]],[[160080,14151],[-32,31],[55,-12],[-23,-19]],[[156898,16156],[26,-46],[-42,31],[16,15]],[[159812,14539],[23,-15],[-13,-19],[-10,34]],[[161050,15368],[59,18],[9,-9],[-68,-9]],[[159763,14690],[0,9],[33,-3],[-33,-6]],[[161063,15546],[26,-15],[-39,6],[13,9]],[[160798,15386],[7,13],[22,-4],[-29,-9]],[[160701,14875],[-6,-12],[-20,3],[26,9]],[[161180,14838],[9,-12],[-12,-3],[3,15]],[[161008,15571],[-6,-6],[-29,0],[35,6]],[[159805,14262],[0,25],[13,-22],[-13,-3]],[[161435,15623],[23,-6],[-33,0],[10,6]],[[159799,14247],[13,0],[-7,-13],[-6,13]],[[161225,14776],[-6,13],[16,-9],[-10,-4]],[[160824,15509],[7,7],[25,-10],[-32,3]],[[160688,15448],[0,6],[23,3],[-23,-9]],[[161451,15590],[-19,-4],[16,13],[3,-9]],[[161636,15626],[61,19],[-42,-19],[-19,0]],[[161144,15605],[13,9],[3,-9],[-16,0]],[[161277,15494],[9,6],[17,-9],[-26,3]],[[160866,15479],[23,-3],[-13,-4],[-10,7]],[[160876,15531],[9,-3],[-25,3],[16,0]],[[159815,14241],[7,6],[6,-9],[-13,3]],[[161238,14736],[3,7],[10,-3],[-13,-4]],[[160960,15556],[-16,-10],[-4,3],[20,7]],[[160229,15084],[10,4],[0,-10],[-10,6]],[[161319,14746],[-3,9],[9,-3],[-6,-6]],[[156740,16276],[16,3],[7,-3],[-23,0]],[[160892,15519],[3,-10],[-10,-3],[7,13]],[[161383,15571],[-9,-6],[-10,3],[19,3]],[[161151,15639],[6,9],[10,0],[-16,-9]],[[160750,15482],[22,-10],[-13,0],[-9,10]],[[161115,15565],[29,9],[-19,-15],[-10,6]],[[161144,15565],[3,3],[20,-3],[-23,0]],[[161393,15568],[16,0],[-9,-3],[-7,3]],[[161267,15491],[-6,-3],[6,6],[0,-3]],[[159935,15300],[0,3],[9,-3],[-9,0]],[[161691,15630],[22,12],[7,0],[-29,-12]],[[160539,15411],[7,-3],[-7,-3],[0,6]],[[161487,15608],[6,6],[7,0],[-13,-6]],[[161390,15586],[6,7],[4,-3],[-10,-4]],[[161468,15599],[0,-3],[-10,-3],[10,6]],[[161067,15583],[12,3],[-6,-3],[-6,0]],[[156161,16076],[0,6],[7,-3],[-7,-3]],[[160792,15380],[0,-3],[-10,-3],[10,6]],[[149539,15676],[6,3],[7,0],[-13,-3]],[[161306,15513],[6,3],[4,0],[-10,-3]],[[161261,15525],[3,6],[6,0],[-9,-6]],[[161005,15583],[0,-6],[-6,3],[6,3]],[[160905,15525],[3,-3],[0,-3],[-3,6]],[[161613,15623],[7,3],[6,0],[-13,-3]],[[160313,15195],[0,-3],[-3,0],[3,3]],[[161267,15562],[0,6],[3,0],[-3,-6]],[[160882,15549],[3,4],[0,-4],[-3,0]],[[155447,16138],[3,0],[0,-3],[-3,3]],[[161451,15608],[4,0],[-4,-3],[0,3]],[[161261,15525],[9,-6],[-9,3],[0,3]],[[161700,15590],[0,3],[4,-10],[-4,7]],[[160911,15516],[7,0],[-3,-3],[-4,3]],[[149603,15660],[0,-3],[-3,3],[3,0]],[[149571,15673],[0,3],[3,0],[-3,-3]],[[161636,15596],[3,0],[0,-3],[-3,3]],[[142873,45398],[-5,0],[0,9248],[-9701,-3]],[[133167,54643],[0,1],[-13,29130]],[[133154,83774],[398,-341],[666,-311],[16,43],[107,-13],[213,-114],[168,-21],[-26,28],[508,21],[825,-360],[307,-6],[194,-77],[13,-117],[142,-151],[230,-93],[-55,-154],[45,-261],[268,-481],[220,-139],[359,-30],[107,-59],[-45,-89],[51,83],[81,-15],[550,-422],[242,-31],[114,-89],[210,18],[55,-58],[-16,-47],[42,28],[294,-108],[35,-132],[178,-126],[288,-25],[944,139],[204,110],[100,-9],[372,145],[375,271],[81,-6],[110,104],[191,41],[236,357],[39,357],[87,148],[71,283],[-48,160],[35,133],[346,394],[55,206],[152,71],[243,271],[93,320],[59,93],[64,0],[81,191],[29,120],[-61,151],[113,203],[97,379],[265,443],[-194,487],[81,21],[36,121],[84,656],[122,418],[314,709],[20,268],[194,169],[-20,139],[117,231],[-10,79],[-236,453],[-207,1140],[233,705],[3,434],[-84,185],[-314,342],[-29,253],[181,899],[556,930],[-48,160],[-165,182],[-36,366],[-113,133],[172,271],[55,-25],[281,197],[207,533],[55,25],[136,-65],[48,68],[-123,9],[-42,58],[191,99],[26,71],[-49,31],[-190,-53],[-169,108],[-25,83],[-165,62],[-46,-117],[-168,-65],[-55,-15],[-110,74],[398,997],[65,53],[372,720],[97,93],[93,-3],[-71,-93],[25,-43],[1,0],[0,0],[74,-129],[23,-250],[65,-73],[-104,-56],[117,43],[-59,108],[4,136],[84,89],[116,-56],[58,65],[-129,182],[-94,6],[-3,98],[65,385],[129,210],[159,610],[158,283],[65,289],[-13,444],[71,55],[61,262],[-100,434],[23,102],[197,102],[294,-10],[91,53],[6,-43],[243,268],[155,369],[194,-28],[107,90],[84,-117],[77,3],[91,-74],[-194,-256],[-104,-37],[-3,-200],[-110,-212],[197,215],[42,-15],[-42,34],[49,86],[52,-40],[3,52],[62,-56],[-17,62],[91,-74],[0,-70],[-42,9],[48,-12],[-13,-80],[172,-10],[97,-101],[58,52],[226,-348],[42,-256],[-51,-203],[35,-172],[149,-124],[94,-194],[-117,-160],[-19,-132],[103,-490],[-9,-647],[384,-267],[295,15],[103,108],[162,-80],[61,-167],[146,59],[103,-46],[-52,-62],[-38,43],[-97,-49],[-275,-477],[-71,-41],[51,-43],[7,-138],[-58,-367],[19,-34],[307,16],[162,-120],[55,9],[87,-86],[-9,-274],[109,-170],[356,-132],[13,-68],[62,12],[-117,-154],[0,-52],[55,-9],[-94,-102],[-103,-262],[-13,-295],[51,15],[-19,16],[42,6],[-3,-16],[45,13],[36,-50],[13,102],[142,58],[84,-49],[223,68],[-148,-326],[45,-37],[10,-145],[-42,-357],[64,-170],[16,-456],[42,-80],[136,-71],[49,-144],[-59,-237],[23,-136],[-113,-225],[-65,-425],[52,-148],[142,-172],[104,-326],[184,-154],[74,-598],[262,-607],[314,-234],[220,-43],[268,40],[440,314],[97,179],[-10,191],[68,21],[207,-147],[188,-16],[313,145],[182,290],[80,-4],[259,-286],[-52,-148],[26,-163],[181,40],[23,-34],[-87,-185],[-17,-175],[149,-108],[58,-123],[104,-31],[194,46],[26,-148],[181,-61],[229,0],[46,-154],[84,-43],[13,-182],[174,-59],[49,-120],[216,-24],[91,-77],[178,-46],[184,33],[-35,-150],[200,-228],[230,6],[9,-105],[-213,-172],[-178,-302],[16,-176],[91,-178],[158,-10],[78,99],[55,-154],[-81,-3],[-149,-117],[39,-80],[-32,-105],[-130,-123],[-22,-141],[71,2],[68,-111],[-39,-135],[49,-56],[64,22],[75,-129],[-55,-164],[155,-224],[22,-145],[-51,-126],[81,-102],[-65,-213],[184,-126],[204,-385],[-113,-339],[87,-77],[65,-203],[-130,-43],[-100,-145],[-26,-372],[191,-65],[3,-105],[362,-532],[288,-154],[39,-121],[136,-86],[162,-203],[-43,-86],[68,-59],[-13,-71],[46,90],[181,123],[68,-111],[116,31],[42,101],[126,-101],[-184,-262],[-39,-234],[194,-225],[75,-342],[158,-323],[168,-148],[-26,-197],[39,-142],[-81,0],[9,-33],[43,18],[78,-160],[116,-96],[-42,-52],[58,28],[52,-148],[-117,-136],[0,-240],[-71,-86],[52,-163],[42,-13],[-71,-126],[10,-246],[-88,-40],[-213,-404],[26,-382],[281,-320],[123,-46],[87,-250],[104,-21],[-30,-57],[56,32],[-7,-37],[-50,3],[-5,-9],[84,6],[21,-9],[-98,333],[-126,166],[-165,83],[-97,120],[181,37],[378,-185],[-15,27],[5,-20],[-48,49],[33,-13],[-20,34],[45,13],[-90,120],[22,101],[91,-132],[178,-9],[-97,-240],[97,-117],[80,-19],[30,-58],[-52,-59],[110,-55],[-94,-90],[-3,-111],[-75,-34],[-243,48],[350,-149],[3,-247],[-64,-120],[64,50],[-119,-231],[-84,-333],[45,-243],[530,-561],[207,-80],[142,-129],[372,-148],[295,15],[71,-166],[100,-40],[58,28],[-10,-86],[152,-102],[191,28],[52,-43],[207,286],[-20,105],[146,-228],[-65,-123],[275,-388],[29,46],[88,6],[274,-83],[185,74],[443,-40],[45,80],[-29,92],[-71,116],[106,-144],[97,-283],[233,-262],[49,-240],[132,-135],[-90,-161],[45,-98],[226,-219],[304,-28],[13,139],[-77,71],[51,129],[-29,62],[233,-9],[88,-90],[-17,-132],[62,-213],[171,-175],[239,-62],[110,105],[175,37],[107,-182],[168,-52],[68,43],[110,-37],[61,-86],[68,27],[23,-150],[-88,3],[-29,-68],[172,-99],[-20,-71],[207,-163],[301,-46],[142,154],[-113,22],[26,160],[197,-105],[162,80],[-26,-145],[81,-61],[-33,-111],[91,12],[-48,-98],[51,-10],[68,74],[-61,-104],[94,-28],[29,151],[45,-139],[81,114],[-55,-117],[6,-92],[52,49],[19,-31],[-38,-126],[139,58],[74,-58],[-16,86],[61,-24],[-3,80],[55,0],[29,-117],[78,-13],[-52,-46],[-65,19],[10,-40],[74,-65],[78,0],[-29,-68],[35,-34],[26,50],[49,-44],[-33,-98],[-48,-3],[78,-22],[-4,-120],[133,-126],[74,15],[26,-37],[-87,-27],[149,-142],[-101,-34],[-45,68],[-90,-16],[-39,77],[-78,19],[10,218],[-10,-55],[-23,71],[-74,18],[10,-120],[-26,74],[-97,34],[90,-102],[-64,-86],[-91,-6],[-181,126],[113,-166],[-171,-280],[91,-40],[32,-127],[87,22],[-68,-117],[88,-52],[-7,-90],[152,-46],[10,-92],[194,-90],[-84,0],[9,-33],[-74,-34],[142,-37],[20,-157],[103,3],[26,80],[16,-90],[81,-43],[116,50],[65,-74],[78,24],[32,-61],[133,27],[48,-77],[-152,-24],[58,-68],[-35,0],[-13,-108],[233,53],[87,-80],[136,6],[42,-130],[52,25],[61,-132],[68,43],[26,-133],[-39,-129],[-84,68],[6,-37],[-148,-16],[200,-6],[-48,-43],[-13,-156],[19,-10],[39,-90],[-113,-132],[71,25],[-10,-59],[188,157],[58,-101],[81,15],[-26,-139],[78,-110],[6,-121],[-133,13],[0,-37],[62,-46],[116,18],[23,-52],[-129,3],[0,-139],[-78,-21],[74,-102],[97,18],[-58,25],[100,68],[55,-65],[-22,-40],[148,49],[-71,-129],[81,-18],[3,-59],[46,43],[77,-24],[19,-72],[16,-2],[27,67],[48,-12],[-45,22],[32,55],[55,9],[3,-120],[-152,-215],[55,-120],[-22,-102],[71,15],[29,-107],[-82,37],[-96,-37],[-9,-90],[29,80],[9,-221],[78,0],[45,-65],[-22,-268],[80,-197],[107,-114],[-19,-148],[161,-299],[-42,-46],[146,-206],[-7,-83],[104,-50],[94,-178],[84,31],[87,-77],[65,67],[116,-71],[-65,-49],[17,-151],[103,173],[87,-6],[127,-105],[122,-237],[243,-142],[90,-194],[72,-71],[0,6],[1,-8],[109,-109],[-143,404],[-291,566],[46,4],[-25,117],[-18,6],[7,6],[10,-10],[-10,50],[90,246],[175,197],[201,43],[19,-64],[52,3],[23,-79],[3,2],[0,-3],[-2,0],[40,-136],[162,-120],[16,-135],[113,-62],[-48,-108],[94,-27],[35,-77],[272,-13],[0,-71],[268,-135],[210,-216],[7,37],[107,-34],[45,-80],[-4,24],[-3,-2],[1,12],[-14,86],[172,-123],[-23,-34],[-74,47],[48,-74],[46,21],[-46,-86],[62,-46],[-39,83],[32,43],[42,-83],[-25,114],[129,-28],[19,49],[-148,231],[181,-52],[-68,40],[48,6],[-29,31],[-120,-3],[-74,83],[184,-43],[-165,68],[4,46],[51,-12],[-84,89],[33,157],[71,108],[136,-59],[71,22],[64,-56],[-16,-52],[-77,40],[84,-92],[-104,-28],[107,-6],[45,-71],[-97,-22],[58,-9],[-61,-55],[91,61],[-17,-52],[52,-46],[20,157],[-72,105],[62,67],[77,-258],[194,-47],[20,-67],[-91,-53],[-22,-104],[-149,141],[-13,-67],[-97,64],[97,-83],[-23,-68],[72,-67],[-26,-75],[2,-3],[24,35],[0,6],[3,0],[6,9],[107,-28],[-19,-114],[42,-71],[-55,-30],[-68,83],[42,-93],[168,28],[-65,0],[42,15],[-35,56],[38,-3],[-38,24],[106,139],[-68,65],[55,27],[62,-46],[-36,-320],[84,-19],[7,-80],[94,-34],[-146,-560],[-10,-172],[42,-34],[-74,-90],[-87,-514],[81,-111],[61,9],[-16,-141],[32,-62],[65,19],[35,-102],[-16,-77],[-113,-92],[-100,30],[55,-70],[52,3],[58,-262],[197,-228],[-68,-80],[-191,3],[125,-49],[5,6],[8,-11],[48,-18],[-34,26],[88,-22],[-28,-14],[73,-29],[-36,-108],[217,102],[71,-19],[7,-154],[-110,-70],[139,55],[22,154],[168,-52],[62,-173],[246,-132],[42,-83],[-81,-19],[132,-74],[26,-61],[-48,-68],[35,-28],[33,49],[61,-92],[-61,-9],[26,-62],[64,-34],[80,21],[-5,4],[22,3],[-5,-4],[38,10],[135,-61],[20,-62],[136,3],[-13,-58],[116,-191],[233,-160],[26,-117],[-33,-62],[49,-96],[10,158],[51,-97],[0,1],[7,-3],[-6,-2],[3,-4],[3,0],[0,-6],[16,-31],[91,15],[-62,102],[-107,55],[-3,74],[333,-114],[-139,-49],[84,-46],[-6,-90],[74,0],[-9,-73],[25,95],[36,-89],[-13,114],[65,-40],[-81,52],[61,105],[29,-43],[88,21],[81,-40],[152,-148],[-55,136],[67,-22],[-29,53],[-51,21],[9,-15],[-39,3],[30,12],[-20,8],[3,-8],[-38,19],[8,1],[-28,11],[0,111],[-26,-49],[-84,12],[23,92],[107,6],[278,-138],[-81,-56],[35,-144],[94,169],[-22,89],[87,-40],[71,-314],[-52,-37],[71,13],[139,-158],[130,16],[-87,-142],[97,74],[-33,12],[55,127],[65,-182],[119,-99],[204,-597],[168,-240],[-45,-40],[52,21],[284,-335],[408,-262],[239,-80],[-45,-19],[145,37],[59,-58],[-62,-53],[10,-89],[10,105],[93,15],[178,-178],[87,-308],[-6,-36],[3,-1],[7,-13],[-10,11],[-23,-131],[211,-317],[-16,-1],[100,-138],[181,-101],[-49,-65],[-204,3],[-48,-55],[23,-46],[32,70],[187,-3],[94,-157],[252,-111],[272,19],[26,64],[65,-101],[258,-52],[-42,-65],[75,-360],[-64,27],[2,-3],[-6,-3],[3,6],[-23,9],[-22,-24],[58,-6],[-116,-47],[-68,-126],[-42,-13],[32,7],[-10,-12],[-30,3],[-38,-13],[81,-12],[275,203],[71,-6],[-22,-64],[0,-3],[-2,0],[-5,-16],[-162,-117],[20,-132]],[[181361,56045],[-133,-34],[39,-19]],[[181267,55992],[13,-6],[-1,-11],[4,5],[13,-37],[-18,10],[-8,-115],[55,-27],[62,-176],[-107,-28],[136,-67],[-42,-68],[93,-49],[4,-74],[64,34],[62,-47],[-36,-89],[-81,15],[4,-73],[119,33],[16,-49],[13,68],[110,-83],[16,-68],[-103,-89],[49,-13],[42,59],[32,-37],[-100,-89],[48,9],[-42,-96],[91,3],[-107,-61],[61,-133],[33,28],[-39,34],[52,-3],[-23,58],[49,-33],[-23,73],[81,50],[-94,24],[-10,43],[33,12],[0,4],[6,0],[-2,-2],[47,17],[23,-49],[26,86],[-65,114],[81,90],[-81,36],[84,-12],[46,-237],[109,-139],[136,-49],[97,52],[-255,-526],[-168,-644],[61,-209],[129,6],[-90,-428],[23,-385],[32,-86],[97,-25],[-7,-289],[46,-90],[-84,-15],[-52,-247],[-123,-67],[-32,49],[1,-47],[5,13],[10,-15],[-15,-7],[2,-52],[-62,-55],[75,-90],[-75,19],[115,-120],[2,18],[23,-15],[-21,-7],[75,-79],[33,-59],[-45,-31],[145,-37],[-249,-107],[-123,-210],[29,-55],[159,-28],[90,46],[-22,-218],[-97,-4],[-7,108],[-71,-6],[81,-108],[-45,-111],[93,-129],[201,-61],[16,-44],[-65,-123],[-102,-74],[15,0],[162,120],[-26,31],[107,145],[42,-25],[-62,-123],[-58,-15],[87,-241],[117,-21],[42,55],[3,-49],[61,-9],[4,-99],[93,16],[-32,-120],[120,-99],[-55,-58],[71,-305],[-97,-7],[39,-32],[14,-1],[125,55],[29,-52],[113,12],[65,-102],[30,6],[-92,99],[4,27],[-62,-27],[-32,166],[116,25],[7,34],[42,-25],[-91,-46],[24,-101],[12,83],[74,64],[-49,96],[20,305],[-39,37],[71,92],[55,237],[337,-102],[-227,-548],[-65,-385],[-51,-12],[6,55],[-50,-72],[47,8],[-39,-133],[-103,-27],[55,-10],[-91,-89],[-18,12],[20,-27],[1,0],[0,-2],[4,-4],[-5,-10],[8,3],[16,-9],[-25,3],[-7,-15],[45,9],[0,-22],[-45,13],[-10,-22],[52,9],[17,-55],[5,-3],[4,-12],[-9,13],[5,-16],[-51,-29],[48,4],[5,-42],[5,-4],[-4,-2],[39,-346],[42,31],[-22,150],[42,19],[52,-459],[206,-237],[123,-9]],[[176110,45093],[38,145]],[[163631,75202],[-113,60],[93,-34],[20,-26]],[[180205,57484],[-62,-5],[25,-42],[37,47]],[[182915,49119],[-109,-28],[62,-6],[16,-24],[8,15],[-11,-7],[0,16],[16,0],[18,34]],[[182907,48826],[-1,-9],[-126,-19],[4,-46],[19,-28],[29,80],[78,6],[-3,16]],[[182680,57849],[126,-21],[33,-136],[-793,-1641],[-119,-410],[35,-262],[-39,-107],[-100,-7],[-162,195],[-67,329],[-43,60],[-19,-23],[-10,25],[25,2],[-18,25],[29,59],[-36,-52],[-32,24],[52,37],[-18,46],[-11,-6],[0,16],[11,-8],[-8,20],[123,123],[-7,197],[207,317],[-35,210],[39,98],[-42,68],[-152,-6],[122,151],[430,292],[191,262],[13,259],[-184,246],[-162,53],[188,221],[239,142],[52,-22],[-7,-532],[149,-244]],[[137034,83393],[-106,-10],[-39,96],[32,74],[165,126],[97,197],[213,132],[511,50],[278,169],[175,-37],[146,-145],[84,-3],[84,-107],[32,-142],[-178,40],[-203,-111],[-52,160],[-65,31],[29,55],[-64,44],[45,-59],[-65,-25],[-35,-92],[-178,-25],[126,-58],[-26,-102],[-71,68],[-100,-43],[64,-40],[-58,9],[52,-25],[-20,-126],[-84,-6],[39,-108],[-110,-18],[-48,98],[-84,-6],[-7,-135],[-74,-10],[-123,-126],[-272,-9],[-26,65],[-68,12],[-16,142]],[[176106,61788],[120,-258],[-81,-3],[-16,-108],[-65,58],[36,40],[-42,-30],[38,67],[-42,13],[-55,-139],[-93,-9],[-278,394],[-266,142],[-48,163],[-178,252],[110,40],[16,71],[129,13],[78,-59],[-26,-65],[46,25],[219,-95],[152,-4],[-61,-27],[32,-19],[-32,-43],[110,71],[58,105],[-29,-385],[71,-148],[97,-62]],[[182851,51157],[-6,213],[129,77],[-42,-47],[136,50],[-61,3],[181,15],[-155,-542],[-7,-215],[62,-185],[-30,-93],[-200,502],[-7,222]],[[146735,102077],[265,-342],[-38,-64],[-72,49],[-42,-86],[-9,55],[-65,-15],[-94,-139],[-90,19],[-117,132],[-13,182],[275,209]],[[182108,51896],[233,-566],[-33,-74],[-100,-6],[-104,194],[-181,175],[46,105],[-42,117],[168,101],[3,198],[10,-244]],[[147123,103244],[-123,-135],[-116,80],[-81,-12],[-97,147],[81,59],[29,129],[155,40],[188,-58],[58,-105],[-94,-145]],[[137972,81988],[-13,102],[-165,-59],[16,-107],[-132,172],[94,12],[126,167],[90,-62],[-52,46],[85,86],[-20,68],[201,-166],[-7,-111],[78,-74],[-178,-28],[-13,-61],[-110,15]],[[168588,72339],[16,71],[-65,-27],[94,249],[55,-89],[-26,-62],[71,-15],[-19,-123],[110,46],[-36,-108],[33,46],[123,-120],[-52,-49],[-45,31],[-36,-65],[-103,61],[-10,-67],[-78,-19],[-3,77],[-39,3],[81,105],[-120,-117],[-29,65],[-51,-16],[129,123]],[[148333,105831],[219,28],[143,-46],[-304,-142],[-178,0],[-175,62],[7,68],[145,64],[87,-20],[56,42],[116,-31],[-161,-14],[45,-11]],[[146489,103451],[-84,34],[-26,77],[94,135],[220,31],[16,-287],[-74,-89],[-97,6],[-49,93]],[[171527,66429],[15,71],[-15,6],[17,3],[48,235],[84,46],[71,-250],[-94,-305],[-113,34],[42,56],[-55,104]],[[173497,66072],[38,22],[-25,55],[80,-28],[-71,47],[45,0],[13,61],[-84,40],[62,47],[100,-56],[49,-154],[84,-61],[-55,-16],[-4,-65],[-48,13],[-16,-53],[-120,-49],[-32,46],[45,31],[-39,12],[71,56],[-119,6],[26,46]],[[146535,106161],[287,123],[68,-92],[169,-13],[-75,-83],[-449,65]],[[160915,76916],[-42,46],[71,117],[-49,111],[139,-89],[81,-139],[136,40],[35,-68],[-152,-55],[-122,58],[-97,-21]],[[168575,72857],[26,-71],[-39,37],[-26,-40],[45,-154],[-61,-65],[-6,139],[-49,-126],[-42,24],[45,133],[-90,-142],[-13,142],[90,70],[-16,90],[52,28],[10,-62],[106,68],[29,-31],[-61,-40]],[[161736,75638],[-171,172],[164,59],[65,-40],[32,46],[68,-28],[-32,-126],[-126,-83]],[[146881,102059],[55,67],[158,25],[68,-129],[-197,-90],[-84,127]],[[176384,61228],[-9,108],[-78,-3],[-29,83],[16,135],[197,-342],[-64,-49],[-33,68]],[[136996,83282],[19,-65],[-49,-28],[36,-18],[-67,-29],[9,-14],[-10,9],[-1,4],[-73,-32],[16,191],[110,62],[10,-80]],[[172012,66630],[91,-22],[-84,6],[22,-52],[-252,-136],[-19,80],[132,84],[75,-13],[35,53]],[[167052,73112],[-6,-144],[-62,-16],[-61,96],[16,135],[42,13],[71,-84]],[[183068,49109],[16,71],[-6,0],[6,3],[13,59],[-39,-564],[-60,258],[-1,-2],[-3,9],[3,-2],[-10,42],[81,126]],[[172775,67957],[0,169],[175,-141],[-90,-50],[-85,22]],[[181396,56094],[-16,80],[139,55],[-22,-98],[-101,-37]],[[136847,82952],[42,-58],[-71,-7],[-49,-70],[-58,18],[-3,93],[139,24]],[[168957,71493],[-75,12],[-22,55],[90,6],[58,207],[71,-142],[-74,-9],[-48,-129]],[[175013,63264],[-22,92],[58,-9],[81,67],[38,-132],[-32,28],[-123,-46]],[[146803,102302],[49,-46],[-117,-117],[-48,43],[116,120]],[[153387,91070],[68,31],[32,-114],[-165,34],[65,49]],[[173131,67775],[-84,-120],[-103,83],[129,13],[71,70],[-13,-46]],[[160607,77372],[-3,154],[78,-173],[-55,-135],[29,101],[-49,53]],[[173332,66041],[64,194],[78,25],[-3,-105],[-104,-40],[-35,-74]],[[148371,101005],[17,-43],[-46,-6],[-16,68],[-65,3],[-48,65],[123,-16],[35,-71]],[[138751,83907],[-80,61],[54,77],[43,-15],[-17,-123]],[[170754,70476],[-19,-86],[-126,43],[91,15],[-10,59],[64,-31]],[[138360,81927],[-29,80],[61,18],[46,136],[35,-50],[-113,-184]],[[147133,105255],[-36,-33],[-158,61],[194,-28]],[[170137,70242],[-23,77],[117,-24],[-114,-96],[20,43]],[[168265,72039],[68,-143],[-72,40],[4,103]],[[137154,82278],[110,-105],[-165,68],[-26,101],[81,-64]],[[137875,83359],[74,-19],[-103,-83],[-26,34],[55,68]],[[159595,78142],[23,-133],[-110,160],[87,-27]],[[148805,103799],[-26,37],[68,21],[64,-74],[-32,-37],[-74,53]],[[182434,50513],[42,53],[75,-53],[-55,-40],[-62,40]],[[157248,89533],[29,68],[74,-77],[-23,-49],[-80,58]],[[149012,104347],[58,46],[103,-40],[-161,-6]],[[182858,49654],[6,34],[-3,-77],[-65,28],[46,129],[16,-114]],[[153335,91175],[103,-46],[-74,-6],[-116,-102],[87,154]],[[159547,78727],[13,77],[100,-46],[-113,-31]],[[169037,72278],[36,61],[-29,-150],[-62,-4],[4,96],[51,-3]],[[147104,102320],[9,31],[26,-98],[-64,-13],[-52,47],[81,33]],[[160708,77172],[-33,70],[68,-40],[-22,-132],[-39,52],[26,50]],[[168614,72041],[68,0],[-94,-90],[-19,139],[45,-49]],[[159595,79380],[-123,92],[59,22],[71,-59],[-7,-55]],[[181623,56759],[29,-80],[-162,194],[133,-114]],[[170017,70279],[-29,49],[91,22],[29,-86],[-91,15]],[[168834,71723],[13,65],[103,-71],[-116,6]],[[148164,101972],[13,34],[84,-37],[-64,-83],[-33,86]],[[159631,77994],[0,3],[-33,-19],[4,31],[29,-12],[-13,126],[45,-172],[-32,43]],[[172572,67018],[-52,-77],[-55,101],[107,-24]],[[146670,104005],[-32,59],[113,12],[-81,-71]],[[182787,49975],[-16,52],[110,12],[-94,-64]],[[169632,70676],[30,59],[51,-80],[-81,21]],[[182392,50353],[55,53],[-3,-90],[-52,37]],[[148058,101643],[-65,68],[100,-22],[23,-77],[-58,31]],[[174906,63612],[-71,24],[23,71],[48,-95]],[[151848,105215],[22,-33],[-71,-37],[-13,52],[62,18]],[[147029,101680],[30,68],[32,-68],[-62,0]],[[171327,68197],[61,-34],[-123,-18],[62,52]],[[170952,69023],[-52,80],[84,-34],[-32,-46]],[[155666,90029],[-22,25],[87,18],[42,-30],[-107,-13]],[[146612,106238],[23,61],[78,-24],[-101,-37]],[[160827,77187],[-26,77],[72,-56],[-26,-52],[-20,31]],[[168407,70482],[-20,71],[36,13],[42,-84],[-58,0]],[[146506,102786],[45,6],[-7,-80],[-38,74]],[[147350,101606],[16,92],[58,28],[-74,-120]],[[169636,70655],[29,-68],[-20,31],[-48,-40],[10,40],[-62,12],[91,25]],[[146680,102089],[-29,-46],[-78,31],[107,15]],[[171695,66248],[-3,-65],[-45,-31],[48,96]],[[168245,72281],[-68,-46],[13,89],[62,-3],[-7,-40]],[[182732,49574],[45,-18],[-39,-65],[-6,83]],[[169209,70994],[19,77],[39,-3],[13,-59],[-36,28],[-35,-43]],[[170292,67467],[-32,37],[90,0],[0,-37],[-58,0]],[[168533,71995],[13,-56],[-39,136],[26,-80]],[[139217,83411],[6,34],[49,-25],[-104,-74],[-22,43],[71,22]],[[171476,66928],[113,43],[-62,-58],[-51,15]],[[160669,77590],[-13,-52],[-39,15],[10,62],[42,-25]],[[148203,104633],[-87,-24],[19,46],[68,-22]],[[152776,104184],[-68,-46],[-4,40],[72,6]],[[153426,90867],[-62,43],[107,12],[-45,-55]],[[168362,72931],[-7,67],[55,-40],[-48,-27]],[[146813,102145],[45,-6],[-78,-43],[33,49]],[[147812,105687],[3,40],[75,-34],[-65,-46],[-13,40]],[[159055,82583],[-61,-53],[16,53],[45,0]],[[171582,66177],[7,55],[39,-52],[-46,-3]],[[182706,49457],[45,-3],[20,-40],[-65,43]],[[172934,66208],[84,18],[-61,-43],[-23,25]],[[168853,72623],[13,-74],[-58,61],[45,13]],[[168442,72272],[46,64],[-4,-58],[-42,-6]],[[181500,55921],[-26,59],[23,12],[-13,10],[29,24],[-11,-32],[8,4],[-10,-77]],[[182822,49519],[4,-80],[-7,117],[3,-37]],[[168190,72370],[-64,83],[48,-33],[16,-50]],[[181312,55921],[36,13],[3,-59],[-39,46]],[[173070,67969],[-42,34],[81,-24],[-39,-10]],[[136598,82697],[55,-53],[-101,62],[46,-9]],[[169341,70997],[-16,64],[42,-18],[-26,-46]],[[171634,69977],[29,46],[23,-49],[-52,3]],[[153632,91292],[39,28],[-13,-43],[-26,15]],[[171715,66337],[23,77],[16,-37],[-39,-40]],[[169070,71419],[35,37],[36,-19],[-71,-18]],[[174179,67073],[13,46],[39,-21],[-52,-25]],[[148161,101092],[-3,-37],[-45,12],[48,25]],[[146603,102151],[-23,25],[81,27],[-58,-52]],[[146434,100872],[-6,4],[39,52],[-33,-56]],[[181529,55764],[-7,53],[26,0],[-19,-53]],[[182958,50495],[26,52],[10,-58],[-36,6]],[[176611,60633],[-23,25],[26,25],[-3,-50]],[[174729,62293],[64,22],[-22,-34],[-42,12]],[[182719,49784],[48,30],[-9,-30],[-39,0]],[[146865,106296],[29,7],[25,-31],[-54,24]],[[153225,90879],[87,77],[7,-24],[-94,-53]],[[180265,57166],[32,15],[42,-21],[-74,6]],[[170053,70744],[19,-18],[-71,3],[52,15]],[[181548,56202],[16,52],[13,-25],[-29,-27]],[[181471,55863],[3,-31],[-23,77],[20,-46]],[[148633,104214],[-42,-12],[-13,31],[55,-19]],[[147679,103146],[-22,-37],[-20,31],[42,6]],[[137264,82355],[-7,43],[49,-19],[-42,-24]],[[181315,55958],[33,31],[16,-37],[-49,6]],[[160795,76694],[23,-37],[-62,43],[39,-6]],[[170269,70809],[-22,64],[58,-43],[-36,-21]],[[181432,55897],[-3,-25],[-10,74],[13,-49]],[[172788,65829],[101,40],[-68,-59],[-33,19]],[[182758,49633],[13,12],[42,-46],[-55,34]],[[160986,76078],[-4,22],[65,0],[-61,-22]],[[182881,49614],[32,43],[23,-12],[-55,-31]],[[172378,66965],[16,25],[32,-31],[-48,6]],[[170732,70713],[22,56],[10,-37],[-32,-19]],[[172795,68422],[-29,19],[100,0],[-71,-19]],[[171039,68631],[7,50],[19,-62],[-26,12]],[[150638,104680],[71,0],[-74,-22],[3,22]],[[155172,90254],[38,25],[-6,-37],[-32,12]],[[159650,77929],[-9,-21],[-49,-7],[58,28]],[[177493,62946],[-19,19],[52,0],[-33,-19]],[[171586,66155],[-7,16],[55,-13],[-48,-3]],[[182978,48860],[22,21],[-16,-43],[-6,22]],[[150596,95065],[0,21],[39,-12],[-39,-9]],[[170554,66990],[55,58],[16,-15],[-71,-43]],[[166405,72995],[16,34],[36,-15],[-52,-19]],[[146638,103214],[26,58],[0,-58],[-26,0]],[[169138,72010],[-10,46],[23,-15],[-13,-31]],[[182929,49026],[29,-25],[-32,3],[3,22]],[[167446,72641],[36,50],[10,-47],[-46,-3]],[[172332,67162],[-9,31],[35,22],[-26,-53]],[[148097,102059],[-13,30],[55,-24],[-42,-6]],[[150198,97787],[-9,40],[42,-37],[-33,-3]],[[168850,71868],[-32,9],[6,25],[26,-34]],[[146266,102779],[0,34],[39,3],[-39,-37]],[[172850,68524],[-16,40],[48,-19],[-32,-21]],[[171676,65481],[-32,49],[35,-24],[-3,-25]],[[171440,67994],[-3,46],[26,-40],[-23,-6]],[[182858,49587],[-19,9],[84,-9],[-65,0]],[[169170,71674],[-3,-46],[-36,40],[39,6]],[[172429,67018],[0,67],[30,-12],[-30,-55]],[[181380,56023],[-6,-46],[-16,21],[22,25]],[[159608,77941],[-16,28],[26,12],[-10,-40]],[[170868,67021],[-7,37],[29,-28],[-22,-9]],[[171304,67452],[0,25],[36,-4],[-36,-21]],[[173144,66898],[16,21],[23,-37],[-39,16]],[[176944,60538],[16,25],[19,-10],[-35,-15]],[[171860,65472],[4,21],[25,-55],[-29,34]],[[171185,65681],[3,40],[19,-18],[-22,-22]],[[151663,91988],[-10,37],[23,-12],[-13,-25]],[[170593,66565],[16,18],[36,-58],[-52,40]],[[136620,82755],[-25,-25],[12,50],[13,-25]],[[150580,95086],[13,-27],[-32,0],[19,27]],[[182761,49645],[-10,18],[26,31],[-16,-49]],[[181345,56020],[-13,-25],[-29,10],[42,15]],[[138179,81954],[10,43],[26,4],[-36,-47]],[[170318,68185],[36,6],[-20,-21],[-16,15]],[[169387,71000],[29,-16],[-13,-21],[-16,37]],[[175453,63396],[10,-25],[-33,6],[23,19]],[[171343,66993],[13,15],[36,-43],[-49,28]],[[181532,56152],[32,19],[-42,-37],[7,12]],[[181529,56146],[3,6]],[[169008,71779],[7,37],[22,9],[-29,-46]],[[159524,79244],[-29,16],[36,21],[-7,-37]],[[171705,68505],[0,-34],[-35,31],[35,3]],[[169096,72232],[-20,30],[10,34],[10,-64]],[[150619,95028],[9,21],[7,-61],[-16,40]],[[167615,72786],[-20,18],[26,25],[-6,-43]],[[171404,68881],[13,9],[36,-34],[-49,25]],[[181429,55829],[16,-37],[-23,22],[7,15]],[[151210,94107],[-16,-28],[13,59],[3,-31]],[[168394,71939],[10,-12],[-42,49],[32,-37]],[[181833,55142],[-13,-24],[16,55],[-3,-31]],[[159094,81871],[-16,-28],[-23,34],[39,-6]],[[175708,62626],[-32,22],[58,3],[-26,-25]],[[171624,66205],[-9,18],[38,3],[-29,-21]],[[171191,65724],[0,22],[29,3],[-29,-25]],[[149603,98471],[39,-3],[7,-22],[-46,25]],[[150661,96866],[22,-12],[-29,-3],[7,15]],[[182952,49516],[22,30],[29,7],[-51,-37]],[[180746,60430],[13,28],[4,-22],[-17,-6]],[[171459,68662],[23,13],[23,-22],[-46,9]],[[171294,70067],[-58,9],[26,9],[32,-18]],[[148750,103266],[39,9],[-17,-15],[-22,6]],[[170855,67172],[-10,-22],[-26,12],[36,10]],[[159618,77929],[16,28],[10,-19],[-26,-9]],[[182425,50258],[9,-31],[-29,34],[20,-3]],[[150570,95037],[10,12],[23,-12],[-33,0]],[[150907,97997],[-23,-7],[-3,22],[26,-15]],[[154279,91218],[-6,28],[19,-40],[-13,12]],[[181257,56340],[33,-3],[-26,-12],[-7,15]],[[147763,103309],[-29,34],[39,-9],[-10,-25]],[[168944,71108],[-20,9],[-9,34],[29,-43]],[[161083,76118],[35,-24],[-45,-3],[10,27]],[[147741,103420],[22,12],[7,-18],[-29,6]],[[181212,56214],[3,31],[16,18],[-19,-49]],[[157406,84526],[13,3],[26,-34],[-39,31]],[[150305,105089],[3,16],[36,9],[-39,-25]],[[171615,68493],[6,46],[19,-43],[-25,-3]],[[150641,95410],[-6,-25],[-10,43],[16,-18]],[[168329,71212],[-26,-6],[-3,37],[29,-31]],[[176035,61450],[10,21],[9,-37],[-19,16]],[[136886,83103],[0,-18],[-30,0],[30,18]],[[172843,66260],[20,-15],[-45,9],[25,6]],[[176685,60640],[10,33],[3,-52],[-13,19]],[[146586,103288],[-13,-31],[-9,21],[22,10]],[[173649,65804],[9,19],[26,-22],[-35,3]],[[137299,84615],[17,3],[-29,-37],[12,34]],[[139084,83266],[10,19],[26,-6],[-36,-13]],[[155563,89721],[3,16],[29,-31],[-32,15]],[[168352,71258],[-3,34],[9,-46],[-6,12]],[[182286,50319],[-36,13],[19,12],[17,-25]],[[159938,78841],[13,15],[16,-25],[-29,10]],[[167272,72934],[-32,-22],[19,25],[13,-3]],[[168484,70476],[-9,28],[32,-15],[-23,-13]],[[174140,66664],[0,33],[23,-24],[-23,-9]],[[139013,83901],[-13,30],[36,-12],[-23,-18]],[[156614,89561],[16,28],[10,-19],[-26,-9]],[[160769,76876],[45,-34],[-22,3],[-23,31]],[[181419,55968],[-19,12],[9,18],[10,-30]],[[150949,96124],[-81,25],[-62,49],[143,-74]],[[183020,49115],[29,25],[-29,-34],[0,9]],[[146350,103109],[10,-19],[-32,3],[22,16]],[[175110,63205],[-16,6],[26,19],[-10,-25]],[[168957,72173],[3,16],[22,-19],[-25,3]],[[157487,89041],[3,9],[29,-15],[-32,6]],[[152643,104085],[32,-15],[-26,3],[-6,12]],[[170897,67794],[-13,27],[35,-30],[-22,3]],[[150839,98046],[22,18],[0,-27],[-22,9]],[[168523,70482],[-3,31],[19,-24],[-16,-7]],[[169002,71493],[0,33],[29,-27],[-29,-6]],[[183013,49060],[0,18],[26,31],[-26,-49]],[[150127,97784],[10,12],[16,-34],[-26,22]],[[157235,89456],[29,4],[-20,-13],[-9,9]],[[146832,101637],[-3,-31],[-13,28],[16,3]],[[182965,49032],[29,28],[-20,-34],[-9,6]],[[171747,66460],[3,13],[13,-31],[-16,18]],[[181613,55247],[19,-3],[-32,-3],[13,6]],[[151763,91779],[30,15],[-4,-15],[-26,0]],[[183097,49275],[16,19],[13,-12],[-29,-7]],[[169296,72343],[7,27],[13,-27],[-20,0]],[[157012,88231],[38,-9],[-16,-10],[-22,19]],[[149257,104535],[-3,-34],[-6,15],[9,19]],[[150257,104042],[32,31],[-7,-22],[-25,-9]],[[171388,67495],[20,-34],[-7,-6],[-13,40]],[[160704,76904],[17,6],[3,-22],[-20,16]],[[172924,66870],[-13,9],[42,0],[-29,-9]],[[147301,101547],[0,19],[19,15],[-19,-34]],[[150777,95828],[13,31],[3,-21],[-16,-10]],[[150318,97630],[-26,-9],[13,18],[13,-9]],[[157445,89296],[29,0],[-3,-12],[-26,12]],[[171527,68176],[4,9],[22,-19],[-26,10]],[[155534,90020],[-20,22],[30,-7],[-10,-15]],[[155696,89977],[48,3],[-29,-12],[-19,9]],[[150169,104624],[3,9],[33,6],[-36,-15]],[[146428,103001],[10,25],[9,-10],[-19,-15]],[[153435,91415],[-16,22],[19,-3],[-3,-19]],[[170244,70245],[16,9],[-10,-27],[-6,18]],[[173429,65968],[-23,24],[23,-9],[0,-15]],[[172022,65025],[-3,25],[16,-16],[-13,-9]],[[159598,79152],[13,9],[17,-15],[-30,6]],[[167362,72792],[-13,0],[7,25],[6,-25]],[[147233,101726],[0,19],[29,15],[-29,-34]],[[181923,51699],[-6,-18],[-7,12],[13,6]],[[167459,72808],[10,15],[20,0],[-30,-15]],[[174965,63353],[-20,0],[-16,21],[36,-21]],[[149535,103756],[36,3],[19,-6],[-55,3]],[[181306,55971],[3,15],[19,3],[-22,-18]],[[168853,71797],[-26,19],[33,-6],[-7,-13]],[[146434,103057],[-9,12],[29,-28],[-20,16]],[[151835,90910],[9,22],[13,-31],[-22,9]],[[174111,65906],[-13,31],[19,-16],[-6,-15]],[[171776,66263],[-6,19],[13,15],[-7,-34]],[[146619,104076],[-10,15],[29,-18],[-19,3]],[[175786,62349],[91,-31],[-107,22],[16,9]],[[181180,56202],[29,24],[-3,-15],[-26,-9]],[[183026,48675],[-6,-15],[-13,27],[19,-12]],[[151414,92293],[-19,-6],[19,18],[0,-12]],[[144730,105406],[-3,-15],[-19,-12],[22,27]],[[168727,72025],[-23,-12],[7,22],[16,-10]],[[149707,103943],[13,10],[29,3],[-42,-13]],[[151582,92616],[-16,-24],[-3,18],[19,6]],[[166674,73159],[9,12],[20,-9],[-29,-3]],[[146606,103211],[-20,24],[17,-3],[3,-21]],[[146344,103204],[23,-27],[-7,-10],[-16,37]],[[171770,66516],[16,24],[3,-12],[-19,-12]],[[147249,101301],[4,15],[32,0],[-36,-15]],[[177552,62219],[22,-6],[-39,3],[17,3]],[[151094,105422],[3,12],[16,-6],[-19,-6]],[[171249,67966],[20,-12],[0,-12],[-20,24]],[[172455,68431],[23,-18],[-10,-9],[-13,27]],[[172627,65958],[0,16],[16,0],[-16,-16]],[[182056,51983],[16,-13],[-10,-3],[-6,16]],[[137338,83125],[0,18],[23,-28],[-23,10]],[[160750,76916],[13,-6],[13,-19],[-26,25]],[[169241,72364],[-6,22],[13,-3],[-7,-19]],[[155055,90026],[-19,13],[10,9],[9,-22]],[[174059,66944],[3,-22],[-12,6],[9,16]],[[146580,106275],[-7,15],[23,3],[-16,-18]],[[161092,76300],[-9,3],[35,6],[-26,-9]],[[155430,89863],[7,9],[16,-12],[-23,3]],[[159692,79112],[-9,18],[19,-15],[-10,-3]],[[169105,71289],[-9,31],[6,-3],[3,-28]],[[169138,72275],[-13,0],[13,21],[0,-21]],[[148252,105865],[0,9],[19,-3],[-19,-6]],[[172378,67132],[-16,9],[25,9],[-9,-18]],[[174832,63017],[7,9],[22,-18],[-29,9]],[[173425,66830],[7,24],[3,-15],[-10,-9]],[[181535,56054],[-3,-6],[-45,-19],[48,25]],[[171563,66312],[-7,13],[20,0],[-13,-13]],[[149387,100303],[-10,16],[26,-16],[-16,0]],[[173196,66956],[19,-12],[-16,0],[-3,12]],[[159579,79183],[-3,18],[13,-15],[-10,-3]],[[181910,51770],[4,9],[0,-31],[-4,22]],[[157283,89429],[-19,0],[10,9],[9,-9]],[[171582,68591],[-3,13],[36,-16],[-33,3]],[[179702,61074],[16,12],[-3,-12],[-13,0]],[[156442,89330],[13,3],[17,-12],[-30,9]],[[175007,62805],[-16,18],[19,-6],[-3,-12]],[[168843,71653],[4,18],[13,6],[-17,-24]],[[150761,104686],[26,34],[16,12],[-42,-46]],[[173212,66913],[0,12],[16,-21],[-16,9]],[[171317,67415],[7,25],[3,-31],[-10,6]],[[175188,64699],[-7,18],[23,-24],[-16,6]],[[173639,65786],[3,-13],[-32,10],[29,3]],[[154861,89872],[-6,9],[26,-9],[-20,0]],[[168100,72198],[-7,18],[10,-27],[-3,9]],[[157238,86204],[0,13],[10,-28],[-10,15]],[[172675,68012],[13,13],[13,-3],[-26,-10]],[[167822,72792],[0,12],[29,-6],[-29,-6]],[[148397,104418],[-3,9],[29,-12],[-26,3]],[[171611,66128],[-3,9],[16,3],[-13,-12]],[[147447,101683],[3,-9],[-10,-10],[7,19]],[[170231,68638],[3,-13],[-16,3],[13,10]],[[169219,70085],[0,22],[12,-3],[-12,-19]],[[181843,54988],[-17,3],[-3,13],[20,-16]],[[171676,68551],[0,10],[16,-25],[-16,15]],[[166664,73962],[19,-18],[-22,3],[3,15]],[[150793,96216],[-51,44],[3,3],[48,-47]],[[169079,71677],[-3,13],[16,3],[-13,-16]],[[171935,66771],[-7,10],[10,12],[-3,-22]],[[152675,99010],[10,9],[13,-15],[-23,6]],[[169607,69494],[-17,3],[10,12],[7,-15]],[[176294,61314],[19,15],[-13,-30],[-6,15]],[[173063,68022],[16,12],[-3,-12],[-13,0]],[[150266,97827],[-3,19],[13,-10],[-10,-9]],[[169539,69531],[-23,6],[23,12],[0,-18]],[[178024,60276],[29,16],[-13,-16],[-16,0]],[[146583,106293],[-6,10],[19,3],[-13,-13]],[[150913,105231],[29,31],[7,0],[-36,-31]],[[174903,63396],[-19,12],[26,0],[-7,-12]],[[158001,83189],[23,19],[6,-13],[-29,-6]],[[166512,72789],[13,15],[10,-9],[-23,-6]],[[183010,48770],[0,-12],[-10,28],[10,-16]],[[171556,68622],[-3,13],[16,-22],[-13,9]],[[150603,104304],[9,12],[13,-3],[-22,-9]],[[149403,99327],[6,12],[23,-12],[-29,0]],[[178159,62515],[20,-6],[-29,3],[9,3]],[[181267,55992],[26,10],[-10,-13],[-16,3]],[[183010,49051],[16,18],[3,-12],[-19,-6]],[[181406,56208],[23,21],[-4,-12],[-19,-9]],[[169264,70787],[-10,19],[13,-3],[-3,-16]],[[152688,104057],[3,19],[13,-6],[-16,-13]],[[165176,73565],[7,12],[16,4],[-23,-16]],[[146373,103155],[13,12],[-3,-15],[-10,3]],[[157177,88166],[12,-6],[-6,-15],[-6,21]],[[148119,101686],[-3,12],[13,-6],[-10,-6]],[[167298,73122],[0,6],[19,18],[-19,-24]],[[146606,106263],[3,6],[-6,-3],[9,18],[0,-5],[4,8],[6,-9],[-16,-15]],[[137018,82379],[32,-6],[10,-6],[-42,12]],[[150499,104784],[10,13],[13,-4],[-23,-9]],[[150528,95043],[3,6],[20,-15],[-23,9]],[[169199,70947],[0,13],[13,-10],[-13,-3]],[[144779,91089],[6,-34],[-13,25],[7,9]],[[168135,72324],[10,12],[-3,-27],[-7,15]],[[181393,55857],[-6,3],[9,18],[-3,-21]],[[148090,102028],[-3,6],[16,9],[-13,-15]],[[181729,56744],[-3,6],[26,-34],[-23,28]],[[137930,83697],[10,-3],[-4,-9],[-6,12]],[[174884,63581],[6,15],[16,0],[-22,-15]],[[174360,65071],[0,-18],[-10,31],[10,-13]],[[168517,70455],[-23,9],[20,3],[3,-12]],[[176032,61382],[0,18],[6,-12],[-6,-6]],[[179647,61234],[19,15],[7,-3],[-26,-12]],[[157649,84230],[-4,19],[10,-10],[-6,-9]],[[137600,82349],[20,-19],[-10,0],[-10,19]],[[159547,80076],[3,6],[19,-3],[-22,-3]],[[137927,83571],[22,-3],[0,-9],[-22,12]],[[174386,65684],[-3,9],[13,-12],[-10,3]],[[147550,102481],[0,12],[10,-9],[-10,-3]],[[181898,51625],[-10,0],[6,10],[4,-10]],[[177713,63106],[16,13],[10,-3],[-26,-10]],[[147227,102222],[-10,-15],[-3,9],[13,6]],[[148287,103392],[-6,6],[26,-18],[-20,12]],[[137878,83377],[-3,16],[13,-13],[-10,-3]],[[177257,60717],[-32,9],[36,-3],[-4,-6]],[[159469,79327],[0,6],[16,-3],[-16,-3]],[[171718,68511],[-13,19],[13,-3],[0,-16]],[[160831,76900],[0,-12],[-20,16],[20,-4]],[[174816,63128],[-26,0],[13,6],[13,-6]],[[181286,55940],[-3,-25],[-3,6],[6,19]],[[157154,88169],[19,-6],[-6,-3],[-13,9]],[[159340,81643],[-3,19],[13,-10],[-10,-9]],[[167983,70981],[-19,10],[19,0],[0,-10]],[[147812,101797],[-7,3],[7,15],[0,-18]],[[168297,71317],[-13,9],[23,-6],[-10,-3]],[[171883,66836],[-10,6],[20,6],[-10,-12]],[[173409,65367],[-3,6],[19,-12],[-16,6]],[[159615,80267],[-4,6],[17,0],[-13,-6]],[[174845,63719],[-6,6],[12,0],[-6,-6]],[[157215,88449],[7,7],[13,-7],[-20,0]],[[150645,96842],[3,-10],[-13,-6],[10,16]],[[146654,104091],[13,3],[-3,-6],[-10,3]],[[156417,89324],[-17,9],[10,0],[7,-9]],[[146622,104045],[10,3],[6,-9],[-16,6]],[[150903,104261],[4,15],[6,-6],[-10,-9]],[[174706,64846],[10,-3],[-23,-3],[13,6]],[[136892,83017],[6,24],[10,7],[-16,-31]],[[157341,88948],[7,7],[13,-13],[-20,6]],[[173380,67655],[-10,3],[23,-3],[-13,0]],[[146211,101184],[7,15],[6,-6],[-13,-9]],[[150014,97972],[10,-9],[-13,0],[3,9]],[[147156,103663],[16,-15],[-16,9],[0,6]],[[169050,72167],[-3,12],[7,-3],[-4,-9]],[[147902,101723],[-9,6],[22,-6],[-13,0]],[[170881,68576],[0,9],[9,-3],[-9,-6]],[[181474,55986],[6,19],[4,-7],[-10,-12]],[[149076,100091],[26,-6],[20,-19],[-46,25]],[[173387,67680],[6,6],[7,-3],[-13,-3]],[[159505,78711],[0,-15],[-7,6],[7,9]],[[147333,101738],[7,16],[10,-3],[-17,-13]],[[171566,66239],[-16,6],[23,-3],[-7,-3]],[[168759,72573],[-3,4],[20,6],[-17,-10]],[[181286,55940],[7,0],[-7,-19],[0,19]],[[182826,49094],[22,3],[-6,-6],[-16,3]],[[171754,69712],[3,10],[10,-3],[-13,-7]],[[160100,78172],[0,13],[9,-9],[-9,-4]],[[148756,103463],[10,-3],[-23,0],[13,3]],[[146645,103294],[0,6],[13,-6],[-13,0]],[[144226,104449],[23,9],[12,-3],[-35,-6]],[[171757,66319],[-3,12],[3,3],[0,-15]],[[168979,72614],[-9,15],[6,3],[3,-18]],[[168193,72355],[4,-19],[-10,13],[6,6]],[[158952,83088],[-7,6],[20,-3],[-13,-3]],[[179369,61385],[3,6],[16,3],[-19,-9]],[[181296,55992],[3,-6],[-16,-3],[13,9]],[[168869,72392],[0,9],[16,0],[-16,-9]],[[169189,71027],[-3,13],[7,0],[-4,-13]],[[169112,72259],[3,13],[0,-19],[-3,6]],[[173189,66925],[10,10],[3,-7],[-13,-3]],[[176058,61416],[3,6],[3,-19],[-6,13]],[[157610,84249],[16,6],[-3,-6],[-13,0]],[[137574,82487],[7,9],[3,-12],[-10,3]],[[146784,104039],[-4,18],[10,-15],[-6,-3]],[[181306,55906],[3,-15],[-6,-3],[3,18]],[[172805,68530],[-10,3],[13,6],[-3,-9]],[[182615,49922],[0,9],[13,-12],[-13,3]],[[153393,91369],[7,3],[6,-9],[-13,6]],[[150683,96845],[7,3],[6,-13],[-13,10]],[[168074,72192],[13,6],[-7,-9],[-6,3]],[[149917,98671],[7,6],[0,-18],[-7,12]],[[168151,71557],[0,6],[13,-3],[-13,-3]],[[168261,72287],[7,12],[-3,-18],[-4,6]],[[146787,104057],[-7,4],[10,12],[-3,-16]],[[169186,70910],[-3,10],[13,9],[-10,-19]],[[149429,103919],[-7,6],[20,-6],[-13,0]],[[160022,78782],[-6,9],[16,-3],[-10,-6]],[[150616,104045],[12,12],[0,-6],[-12,-6]],[[171282,67520],[-4,6],[16,-12],[-12,6]],[[159679,79158],[17,0],[-4,-6],[-13,6]],[[174551,65222],[9,-9],[-9,3],[0,6]],[[171485,66494],[4,9],[9,0],[-13,-9]],[[169235,71101],[-7,3],[7,10],[0,-13]],[[167799,72771],[-3,12],[6,6],[-3,-18]],[[153380,90941],[3,6],[7,-6],[-10,0]],[[147217,101701],[-6,10],[6,3],[0,-13]],[[171062,68462],[3,6],[3,-15],[-6,9]],[[173704,65653],[6,-18],[-10,12],[4,6]],[[150651,104452],[10,15],[0,-9],[-10,-6]],[[175088,64936],[-13,-9],[3,9],[10,0]],[[170725,66784],[-3,12],[10,-9],[-7,-3]],[[182069,51946],[0,9],[10,0],[-10,-9]],[[155414,90303],[0,7],[10,0],[-10,-7]],[[181393,55857],[-6,-9],[-4,12],[10,-3]],[[173445,66001],[3,-6],[-19,16],[16,-10]],[[181519,55863],[0,9],[10,0],[-10,-9]],[[150114,97762],[4,7],[9,-10],[-13,3]],[[150328,104325],[13,13],[-4,-10],[-9,-3]],[[169102,71594],[-6,6],[0,16],[6,-22]],[[176724,60600],[3,6],[3,-6],[-6,0]],[[149885,104310],[6,6],[10,-3],[-16,-3]],[[181290,55900],[3,12],[3,-21],[-6,9]],[[147521,102481],[0,9],[13,-3],[-13,-6]],[[168756,71804],[7,9],[3,-16],[-10,7]],[[147259,103552],[10,3],[0,-9],[-10,6]],[[173477,65921],[0,-12],[-6,-3],[6,15]],[[155453,90162],[3,6],[10,-12],[-13,6]],[[182014,51440],[6,0],[4,-6],[-10,6]],[[147424,101618],[10,19],[3,-3],[-13,-16]],[[147246,102228],[-3,9],[10,-3],[-7,-6]],[[169021,71465],[-3,9],[6,6],[-3,-15]],[[163466,75111],[16,34],[-10,-28],[-6,-6]],[[177351,60633],[7,7],[3,-3],[-10,-4]],[[181794,55139],[0,9],[7,-6],[-7,-3]],[[174134,66981],[0,9],[9,-15],[-9,6]],[[146483,103328],[0,3],[6,-19],[-6,16]],[[174350,65598],[4,12],[0,-6],[-4,-6]],[[156462,89416],[-3,10],[13,-3],[-10,-7]],[[181403,55958],[-10,7],[13,0],[-3,-7]],[[167527,73063],[0,6],[7,-18],[-7,12]],[[159550,80334],[-6,13],[12,-19],[-6,6]],[[161199,76885],[0,-9],[-10,0],[10,9]],[[153720,90815],[-10,-13],[0,6],[10,7]],[[170279,70245],[-6,3],[3,10],[3,-13]],[[182719,49676],[6,12],[0,-12],[-6,0]],[[151450,105237],[-7,3],[13,6],[-6,-9]],[[183036,49066],[-3,6],[6,6],[-3,-12]],[[174480,65469],[-7,15],[10,-12],[-3,-3]],[[168730,72010],[10,9],[-13,-15],[3,6]],[[182974,49004],[0,10],[7,-6],[-7,-4]],[[175110,63267],[7,0],[0,-16],[-7,16]],[[150370,103577],[0,6],[9,3],[-9,-9]],[[178735,62309],[-3,6],[6,0],[-3,-6]],[[181345,56020],[9,3],[-6,-9],[-3,6]],[[151899,90895],[10,6],[3,-6],[-13,0]],[[146606,106284],[0,9],[10,0],[-10,-9]],[[172006,65053],[-3,6],[9,3],[-6,-9]],[[159676,79143],[7,3],[0,-10],[-7,7]],[[159974,78813],[16,-6],[-16,3],[0,3]],[[168258,72241],[0,-6],[-6,12],[6,-6]],[[157025,89438],[-7,6],[19,6],[-12,-12]],[[170864,68884],[0,6],[10,3],[-10,-9]],[[146962,103679],[-4,0],[0,12],[4,-12]],[[147353,101544],[3,7],[0,-10],[-3,3]],[[146460,102838],[4,15],[0,-12],[-4,-3]],[[137629,82259],[13,16],[-6,-16],[-7,0]],[[148782,103124],[-3,3],[16,0],[-13,-3]],[[159592,80273],[-10,3],[-3,6],[13,-9]],[[147278,102776],[-3,10],[10,-10],[-7,0]],[[169067,71770],[3,12],[3,-18],[-6,6]],[[182706,49374],[-7,-3],[-19,-3],[26,6]],[[170502,69937],[3,10],[7,-10],[-10,0]],[[175941,61403],[7,10],[3,-10],[-10,0]],[[178299,62845],[12,9],[-6,-6],[-6,-3]],[[182033,51927],[7,0],[-3,-6],[-4,6]],[[170800,67948],[0,12],[6,0],[-6,-12]],[[151660,92653],[13,6],[-10,-6],[-3,0]],[[175527,62386],[4,6],[9,-3],[-13,-3]],[[148071,102022],[0,6],[13,-3],[-13,-3]],[[159288,81714],[-6,6],[9,3],[-3,-9]],[[171427,66873],[-10,6],[10,0],[0,-6]],[[150354,98249],[3,6],[6,0],[-9,-6]],[[181826,55028],[7,7],[3,-10],[-10,3]],[[168934,70276],[3,-6],[-6,0],[3,6]],[[151670,93146],[3,6],[6,3],[-9,-9]],[[168242,71810],[3,-6],[-16,6],[13,0]],[[171411,68166],[-3,10],[6,0],[-3,-10]],[[181299,55949],[4,9],[3,-9],[-7,0]],[[175369,62546],[-3,12],[3,3],[0,-15]],[[174722,62897],[-6,6],[9,-3],[-3,-3]],[[174881,63565],[-7,6],[13,0],[-6,-6]],[[175999,61369],[0,16],[7,-12],[-7,-4]],[[177558,60655],[-10,-12],[-3,3],[13,9]],[[146871,103980],[6,4],[4,-7],[-10,3]],[[181878,51813],[-3,9],[10,3],[-7,-12]],[[160737,76722],[6,3],[3,-6],[-9,3]],[[149429,99663],[0,6],[6,-6],[-6,0]],[[154667,90528],[-6,9],[13,-9],[-7,0]],[[149138,99004],[16,6],[10,-6],[-26,0]],[[170906,67821],[0,7],[7,-3],[-7,-4]],[[157254,88431],[-3,12],[3,-3],[0,-9]],[[181358,55946],[6,0],[-16,-3],[10,3]],[[174961,62940],[4,0],[-4,-9],[0,9]],[[168944,71225],[0,3],[9,-6],[-9,3]],[[149400,100488],[-7,6],[20,0],[-13,-6]],[[181325,55872],[-3,9],[10,-6],[-7,-3]],[[182945,49001],[3,-3],[-3,-3],[0,6]],[[181471,56005],[9,6],[-6,-13],[-3,7]],[[145814,102046],[-4,7],[10,-4],[-6,-3]],[[175531,62404],[12,-12],[-9,6],[-3,6]],[[146182,101298],[7,-6],[-7,-3],[0,9]],[[152032,91871],[6,3],[4,-12],[-10,9]],[[158703,82706],[0,-6],[-7,12],[7,-6]],[[168417,70448],[9,0],[-16,-6],[7,6]],[[149115,99007],[0,3],[13,3],[-13,-6]],[[183062,49149],[6,0],[-3,-3],[-3,3]],[[159489,79407],[9,10],[0,-10],[-9,0]],[[181377,55934],[-7,-3],[4,9],[3,-6]],[[150247,98181],[0,13],[6,0],[-6,-13]],[[168604,70427],[10,9],[0,-6],[-10,-3]],[[171459,66845],[10,6],[0,-3],[-10,-3]],[[173868,67005],[0,7],[4,0],[-4,-7]],[[170363,68173],[3,6],[4,-6],[-7,0]],[[149309,100805],[3,3],[10,-3],[-13,0]],[[172384,67101],[-6,3],[6,6],[0,-9]],[[174366,65709],[10,-3],[0,-3],[-10,6]],[[172711,66001],[3,10],[3,-7],[-6,-3]],[[170033,68521],[0,9],[7,-3],[-7,-6]],[[146522,103817],[-3,13],[6,-7],[-3,-6]],[[168342,70658],[7,3],[3,-6],[-10,3]],[[181810,55115],[0,9],[7,-9],[-7,0]],[[153400,91360],[0,-9],[-7,3],[7,6]],[[171699,65992],[13,6],[0,-3],[-13,-3]],[[171230,68182],[0,6],[10,-3],[-10,-3]],[[150373,104636],[0,7],[6,0],[-6,-7]],[[148035,101723],[-3,3],[3,6],[0,-9]],[[175058,63673],[-3,6],[3,0],[0,-6]],[[147822,101806],[3,6],[10,0],[-13,-6]],[[174606,62777],[13,-6],[-20,0],[7,6]],[[173209,67036],[-7,6],[10,-3],[-3,-3]],[[168232,72250],[7,6],[0,-6],[-7,0]],[[171692,66768],[3,9],[4,-6],[-7,-3]],[[182971,49001],[-6,3],[0,4],[6,-7]],[[181403,56002],[13,0],[-13,-4],[0,4]],[[168067,72201],[-6,-3],[0,9],[6,-6]],[[168255,70686],[-7,6],[10,0],[-3,-6]],[[173390,65376],[-3,13],[6,-7],[-3,-6]],[[166467,72857],[3,9],[6,-3],[-9,-6]],[[174434,65506],[-3,6],[7,0],[-4,-6]],[[150722,104867],[13,10],[-3,-7],[-10,-3]],[[149448,99444],[-3,3],[6,9],[-3,-12]],[[151104,95018],[3,10],[3,-3],[-6,-7]],[[150153,97843],[3,6],[7,-6],[-10,0]],[[152591,91203],[-3,6],[6,3],[-3,-9]],[[171362,68259],[0,12],[4,-6],[-4,-6]],[[172407,67089],[-3,6],[3,0],[0,-6]],[[155379,89909],[9,-6],[-9,0],[0,6]],[[174331,65620],[-3,3],[6,6],[-3,-9]],[[153726,90747],[0,9],[7,-3],[-7,-6]],[[146622,106284],[-3,9],[6,-3],[-3,-6]],[[178166,62931],[0,6],[6,0],[-6,-6]],[[173351,67698],[-3,6],[6,0],[-3,-6]],[[151272,93827],[0,-10],[-7,7],[7,3]],[[168329,72863],[-6,6],[10,0],[-4,-6]],[[181248,56303],[3,13],[3,-3],[-6,-10]],[[176598,60637],[3,0],[6,-7],[-9,7]],[[174421,65478],[-3,9],[7,-6],[-4,-3]],[[150687,95930],[0,6],[3,0],[-3,-6]],[[149461,100232],[16,-6],[-13,0],[-3,6]],[[181888,51798],[3,3],[-6,-13],[3,10]],[[168607,72093],[7,3],[3,-3],[-10,0]],[[146670,104076],[-6,3],[3,3],[3,-6]],[[146596,106278],[3,9],[4,-3],[-7,-6]],[[172365,67107],[-10,9],[7,0],[3,-9]],[[172717,66069],[-6,0],[0,6],[6,-6]],[[148352,101172],[-10,6],[7,3],[3,-9]],[[174958,62943],[-10,6],[13,-3],[-3,-3]],[[170664,66513],[-3,3],[9,0],[-6,-3]],[[171411,68896],[-3,3],[3,7],[0,-10]],[[137225,84723],[0,-9],[-3,9],[3,0]],[[171408,66901],[-4,6],[4,3],[0,-9]],[[150616,95440],[3,7],[3,-4],[-6,-3]],[[149526,99681],[3,3],[6,-15],[-9,12]],[[171246,65844],[0,6],[10,0],[-10,-6]],[[173422,65348],[-3,7],[6,-3],[-3,-4]],[[170868,67002],[6,-12],[-10,9],[4,3]],[[150069,96999],[6,3],[0,-6],[-6,3]],[[172708,68025],[-4,9],[4,0],[0,-9]],[[149312,100097],[-3,3],[7,3],[-4,-6]],[[156885,86642],[4,3],[6,0],[-10,-3]],[[149225,99657],[10,0],[0,-10],[-10,10]],[[171579,67008],[0,10],[3,-6],[-3,-4]],[[148546,101886],[0,-3],[-13,3],[13,0]],[[149684,98086],[3,9],[4,-6],[-7,-3]],[[181364,55986],[6,-9],[-3,0],[-3,9]],[[154826,90128],[-4,6],[10,0],[-6,-6]],[[181370,55928],[4,-7],[-7,-3],[3,10]],[[168271,70664],[0,3],[13,-3],[-13,0]],[[162480,75431],[-4,-3],[-3,7],[7,-4]],[[176103,62229],[-3,3],[6,3],[-3,-6]],[[179411,61406],[0,4],[6,-4],[-6,0]],[[172478,67042],[-6,6],[6,0],[0,-6]],[[146392,103626],[0,6],[7,0],[-7,-6]],[[151288,95022],[3,3],[4,-10],[-7,7]],[[174247,67098],[-7,6],[7,0],[0,-6]],[[154683,90522],[-6,6],[3,0],[3,-6]],[[172973,68585],[3,10],[0,-7],[-3,-3]],[[181872,54991],[6,0],[0,-6],[-6,6]],[[173134,66368],[0,9],[4,-9],[-4,0]],[[150648,95410],[-3,3],[3,6],[0,-9]],[[172908,67726],[-3,6],[6,-3],[-3,-3]],[[151582,93534],[4,6],[0,-6],[-4,0]],[[149658,102314],[4,-6],[-4,0],[0,6]],[[146321,103220],[-3,6],[3,3],[0,-9]],[[173396,66316],[-6,6],[6,0],[0,-6]],[[149299,98594],[0,3],[10,-15],[-10,12]],[[173364,67689],[0,-6],[-3,6],[3,0]],[[181380,55848],[0,-10],[-3,3],[3,7]],[[155421,90978],[3,3],[10,0],[-13,-3]],[[173716,66131],[0,6],[10,-3],[-10,-3]],[[152171,106546],[-7,6],[10,-3],[-3,-3]],[[182059,51933],[3,13],[4,-10],[-7,-3]],[[173710,65626],[-3,3],[6,3],[-3,-6]],[[183016,49100],[0,3],[7,-3],[-7,0]],[[150202,97898],[0,6],[6,0],[-6,-6]],[[181315,55931],[4,6],[6,0],[-10,-6]],[[172931,67960],[-4,3],[7,3],[-3,-6]],[[150315,98221],[-3,-3],[0,3],[3,0]],[[168323,70633],[3,3],[3,0],[-6,-3]],[[181296,56005],[0,6],[7,3],[-7,-9]],[[173134,66352],[0,7],[10,-3],[-10,-4]],[[150189,97839],[0,13],[3,-6],[-3,-7]],[[174295,65906],[0,3],[4,3],[-4,-6]],[[156426,89389],[4,6],[6,0],[-10,-6]],[[172475,66999],[-7,3],[4,3],[3,-6]],[[176087,62219],[-7,7],[7,0],[0,-7]],[[144711,105108],[0,6],[3,0],[-3,-6]],[[168077,72229],[3,0],[0,-7],[-3,7]],[[172691,67199],[-3,7],[3,-4],[0,-3]],[[154434,90873],[0,3],[7,3],[-7,-6]],[[182066,52035],[3,6],[3,-3],[-6,-3]],[[151269,95022],[-4,3],[7,6],[-3,-9]],[[150043,97796],[-3,7],[6,-4],[-3,-3]],[[171353,68099],[6,3],[0,-3],[-6,0]],[[148216,101994],[-3,-3],[0,9],[3,-6]],[[137891,83377],[0,-3],[-3,-3],[3,6]],[[183016,49088],[0,9],[4,0],[-4,-9]],[[181477,56553],[3,3],[7,-3],[-10,0]],[[155502,89888],[6,-3],[0,-7],[-6,10]],[[146279,103235],[-3,3],[3,6],[0,-9]],[[159602,80276],[-4,6],[7,-3],[-3,-3]],[[181396,56196],[10,6],[-10,-10],[0,4]],[[171343,67446],[0,6],[6,-3],[-6,-3]],[[155443,90254],[-16,9],[0,3],[16,-12]],[[176727,60590],[-6,-3],[0,6],[6,-3]],[[175990,61397],[-4,6],[7,-6],[-3,0]],[[146402,102930],[-3,3],[6,6],[-3,-9]],[[171110,70193],[0,3],[3,6],[-3,-9]],[[173361,67701],[-3,7],[3,0],[0,-7]],[[168391,72851],[-4,3],[4,6],[0,-9]],[[146929,101640],[-3,3],[3,3],[0,-6]],[[181914,51551],[3,3],[3,0],[-6,-3]],[[177700,62324],[-3,3],[10,0],[-7,-3]],[[171631,67042],[-3,3],[6,-3],[-3,0]],[[170677,67079],[-3,6],[3,0],[0,-6]],[[172986,65940],[0,6],[3,-3],[-3,-3]],[[173047,66251],[-3,3],[3,3],[0,-6]],[[177383,60624],[13,-3],[-3,0],[-10,3]],[[169413,70954],[-4,6],[7,-3],[-3,-3]],[[174357,65077],[-3,7],[3,-3],[0,-4]],[[173180,66316],[0,6],[3,-6],[-3,0]],[[171392,68690],[0,6],[3,0],[-3,-6]],[[169199,72392],[0,3],[3,6],[-3,-9]],[[169490,70855],[0,6],[3,-3],[-3,-3]],[[168329,72925],[4,9],[0,-6],[-4,-3]],[[159534,79949],[3,10],[0,-10],[-3,0]],[[159058,82592],[7,0],[-3,-6],[-4,6]],[[136792,82786],[3,-3],[0,-3],[-3,6]],[[169781,69035],[0,3],[7,3],[-7,-6]],[[171631,66962],[-7,3],[7,3],[0,-6]],[[174072,66867],[-3,6],[3,-3],[0,-3]],[[149008,99019],[7,0],[3,-6],[-10,6]],[[148164,102065],[4,6],[3,-6],[-7,0]],[[149438,99349],[-3,6],[3,0],[0,-6]],[[148562,100836],[0,-3],[-6,3],[6,0]],[[155320,90605],[-3,3],[10,0],[-7,-3]],[[168556,70452],[3,9],[0,-3],[-3,-6]],[[177561,60603],[-3,6],[6,-3],[-3,-3]],[[169147,71422],[0,6],[4,3],[-4,-9]],[[167754,72290],[3,6],[0,-3],[-3,-3]],[[174667,62989],[7,4],[0,-4],[-7,0]],[[177231,60741],[-3,3],[3,6],[0,-9]],[[159295,81708],[0,-3],[-4,6],[4,-3]],[[159343,81665],[0,6],[3,-6],[-3,0]],[[146632,104113],[3,0],[0,-3],[-3,3]],[[170606,67082],[3,7],[3,-4],[-6,-3]],[[176294,61289],[3,3],[6,-6],[-9,3]],[[169345,71265],[-7,3],[7,0],[0,-3]],[[182050,52740],[-4,0],[-6,3],[10,-3]],[[174809,63756],[4,6],[3,-3],[-7,-3]],[[169261,72386],[-4,0],[4,6],[0,-6]],[[182916,49965],[3,3],[-3,-6],[0,3]],[[149257,98588],[7,3],[3,-3],[-10,0]],[[182981,49026],[0,6],[3,-3],[-3,-3]],[[181315,55937],[0,6],[4,0],[-4,-6]],[[172504,66913],[-3,6],[3,0],[0,-6]],[[171327,67486],[-3,3],[0,6],[3,-9]],[[181697,56614],[-10,13],[4,-3],[6,-10]],[[175482,63399],[3,0],[4,-3],[-7,3]],[[170874,67104],[0,3],[7,0],[-7,-3]],[[181526,56143],[3,9],[0,-6]],[[181529,56146],[-3,-3]],[[150321,98212],[3,3],[4,-3],[-7,0]],[[174208,67132],[0,3],[3,3],[-3,-6]],[[181487,56565],[-3,-6],[-4,0],[7,6]],[[179624,61212],[0,7],[4,-3],[-4,-4]],[[177590,60689],[-3,3],[3,3],[0,-6]],[[151320,94714],[-6,3],[6,3],[0,-6]],[[181859,51625],[3,3],[0,-3],[-3,0]],[[155485,90356],[0,3],[10,0],[-10,-3]],[[147560,102382],[0,3],[6,-3],[-6,0]],[[157286,86260],[0,6],[4,-3],[-4,-3]],[[169202,72410],[-3,6],[0,4],[3,-10]],[[176232,61517],[3,3],[4,-3],[-7,0]],[[177374,60624],[-4,3],[4,3],[0,-6]],[[147217,103583],[3,6],[3,-3],[-6,-3]],[[182990,48934],[0,9],[4,-6],[-4,-3]],[[146784,104027],[0,3],[3,3],[-3,-6]],[[179631,61231],[0,6],[3,-6],[-3,0]],[[181383,55848],[4,-7],[-7,10],[3,-3]],[[146612,106259],[4,7],[0,-3],[-4,-4]],[[166929,72918],[0,4],[7,-4],[-7,0]],[[159744,77815],[0,6],[3,-3],[-3,-3]],[[170001,68573],[3,3],[4,-3],[-7,0]],[[181519,56020],[0,3],[10,6],[-10,-9]],[[150670,95342],[-6,6],[6,-3],[0,-3]],[[172614,67058],[3,3],[0,-6],[-3,3]],[[170903,66996],[-3,6],[6,-6],[-3,0]],[[146412,103672],[0,7],[3,-7],[-3,0]],[[174444,65570],[-6,3],[3,0],[3,-3]],[[173348,66183],[0,3],[6,0],[-6,-3]],[[147696,101766],[0,6],[3,0],[-3,-6]],[[146344,103552],[3,-9],[-3,0],[0,9]],[[151479,105101],[-3,4],[6,0],[-3,-4]],[[170848,67079],[3,3],[0,-3],[-3,0]],[[170874,67079],[-3,6],[3,-3],[0,-3]],[[147298,101714],[6,0],[-3,-3],[-3,3]],[[156080,89321],[-6,0],[3,3],[3,-3]],[[174463,65358],[4,3],[3,-3],[-7,0]],[[149312,98557],[4,6],[0,-9],[-4,3]],[[181894,51638],[4,3],[0,-3],[-4,0]],[[174337,65638],[0,3],[4,0],[-4,-3]],[[168607,70439],[0,3],[4,0],[-4,-3]],[[174822,63729],[-6,3],[6,0],[0,-3]],[[151333,94717],[0,-10],[-3,10],[3,0]],[[159553,80054],[3,3],[4,0],[-7,-3]],[[167961,71040],[-4,0],[0,3],[4,-3]],[[146677,104104],[6,3],[0,-3],[-6,0]],[[169613,70781],[-3,3],[3,3],[0,-6]],[[172863,67926],[0,3],[3,0],[-3,-3]],[[169028,71551],[-4,3],[7,0],[-3,-3]],[[136840,82995],[-3,3],[3,0],[0,-3]],[[136856,82998],[-3,3],[3,0],[0,-3]],[[175941,61366],[-6,3],[3,0],[3,-3]],[[181231,56242],[0,3],[4,3],[-4,-6]],[[172436,66971],[-3,4],[3,0],[0,-4]],[[150586,95028],[4,3],[9,0],[-13,-3]],[[177577,60738],[-3,3],[3,0],[0,-3]],[[152042,91723],[-4,3],[7,0],[-3,-3]],[[181277,55888],[6,3],[0,-3],[-6,0]],[[147683,103186],[-4,3],[4,0],[0,-3]],[[174577,63341],[-4,0],[4,3],[0,-3]],[[149303,100811],[0,7],[3,-4],[-3,-3]],[[173425,65342],[0,3],[7,3],[-7,-6]],[[156792,88101],[-4,4],[7,-4],[-3,0]],[[182968,49020],[0,3],[6,-3],[-6,0]],[[168226,70575],[-3,3],[6,0],[-3,-3]],[[157642,84252],[-6,3],[3,0],[3,-3]],[[146784,104024],[-4,0],[0,3],[4,-3]],[[173416,65355],[0,-7],[-3,10],[3,-3]],[[147456,101643],[0,3],[3,-3],[-3,0]],[[156856,88080],[0,6],[4,0],[-4,-6]],[[168546,70455],[-3,6],[3,-3],[0,-3]],[[172953,66001],[-3,3],[3,0],[0,-3]],[[173054,66254],[0,3],[3,-3],[-3,0]],[[170874,67116],[-3,3],[3,3],[0,-6]],[[160093,78545],[-3,3],[3,0],[0,-3]],[[172811,65900],[0,3],[3,0],[-3,-3]],[[148032,101738],[-3,3],[3,4],[0,-7]],[[168973,71185],[0,6],[3,-3],[-3,-3]],[[173083,67951],[0,3],[3,0],[-3,-3]],[[168242,70673],[-7,0],[4,3],[3,-3]],[[170871,67092],[-3,3],[3,3],[0,-6]],[[146790,101554],[0,3],[3,3],[-3,-6]],[[147233,101310],[-3,0],[3,3],[0,-3]],[[150919,96506],[4,3],[-4,-9],[0,6]],[[181400,55912],[3,3],[0,-3],[-3,0]],[[168966,71074],[0,6],[4,-3],[-4,-3]],[[154134,91126],[3,3],[0,-6],[-3,3]],[[172468,68391],[-3,3],[3,3],[0,-6]],[[146806,103993],[-6,3],[6,0],[0,-3]],[[168536,70464],[3,3],[4,0],[-7,-3]],[[169112,72506],[0,3],[3,0],[-3,-3]],[[155453,90251],[-3,3],[6,-3],[-3,0]],[[173694,65770],[-3,3],[6,0],[-3,-3]],[[154829,90122],[0,6],[3,-3],[-3,-3]],[[172433,67008],[3,-3],[-3,0],[0,3]],[[148303,101936],[-3,3],[3,0],[0,-3]],[[154308,91024],[0,3],[4,-3],[-4,0]],[[181361,56045],[3,0],[0,-3],[-3,3]],[[168792,71819],[0,3],[3,0],[-3,-3]],[[157316,89460],[-7,0],[3,3],[4,-3]],[[172898,67935],[-6,4],[3,0],[3,-4]],[[172717,68025],[-3,0],[7,3],[-4,-3]],[[148928,100066],[0,3],[3,-3],[-3,0]],[[181345,56408],[3,-3],[-7,3],[4,0]],[[149309,98576],[3,3],[0,-7],[-3,4]],[[182037,51909],[-4,3],[7,0],[-3,-3]],[[173309,67714],[-3,3],[3,0],[0,-3]],[[156132,89339],[0,-3],[-3,0],[3,3]],[[157008,88231],[-3,3],[3,3],[0,-6]],[[172290,66854],[0,4],[4,0],[-4,-4]],[[181484,56581],[3,3],[0,-3],[-3,0]],[[154147,91083],[0,3],[3,0],[-3,-3]],[[157251,84905],[3,3],[0,-3],[-3,0]],[[157160,88151],[-3,3],[0,3],[3,-6]],[[172995,67769],[-3,3],[3,0],[0,-3]],[[172581,67002],[0,3],[4,3],[-4,-6]],[[156934,86879],[3,3],[3,-3],[-6,0]],[[182997,49054],[3,6],[0,-3],[-3,-3]],[[183016,48786],[0,-3],[-3,3],[3,0]],[[181839,55047],[-3,3],[3,0],[0,-3]],[[181771,54822],[7,3],[-3,-3],[-4,0]],[[151188,94002],[0,3],[3,-3],[-3,0]],[[173024,65635],[-3,3],[3,0],[0,-3]],[[155495,89888],[0,3],[3,-3],[-3,0]],[[168252,71797],[0,3],[3,-3],[-3,0]],[[149092,103448],[0,3],[4,-3],[-4,0]],[[174004,65943],[-3,3],[3,0],[0,-3]],[[146596,104030],[3,-3],[-3,0],[0,3]],[[181400,56214],[3,6],[0,-3],[-3,-3]],[[172701,68006],[-3,3],[3,0],[0,-3]],[[139130,83254],[0,3],[3,-3],[-3,0]],[[172970,68582],[-4,0],[4,3],[0,-3]],[[181374,56060],[3,3],[0,-3],[-3,0]],[[151117,95022],[-4,0],[4,3],[0,-3]],[[162502,75398],[4,3],[3,-3],[-7,0]],[[146606,106229],[0,3],[3,-3],[-3,0]],[[149316,98545],[0,3],[3,0],[-3,-3]],[[155421,90266],[0,4],[3,0],[-3,-4]],[[172290,66808],[-3,3],[3,3],[0,-6]],[[159479,79503],[-3,0],[3,3],[0,-3]],[[181290,55885],[-4,0],[4,3],[0,-3]],[[154231,91212],[0,3],[3,0],[-3,-3]],[[181849,55035],[3,0],[3,-4],[-6,4]],[[172902,67942],[-4,3],[4,0],[0,-3]],[[159970,78816],[-3,3],[0,3],[3,-6]],[[158053,83177],[0,3],[3,0],[-3,-3]],[[169532,69734],[-3,3],[3,0],[0,-3]],[[172924,67957],[0,3],[3,0],[-3,-3]],[[172138,66550],[0,3],[4,0],[-4,-3]],[[181671,56645],[0,3],[3,-6],[-3,3]],[[173057,66245],[0,-3],[-3,3],[3,0]],[[173429,65955],[-4,3],[4,0],[0,-3]],[[157325,88924],[0,3],[3,0],[-3,-3]],[[146593,106275],[-3,3],[3,0],[0,-3]],[[181377,55925],[-3,3],[3,0],[0,-3]],[[147010,101788],[0,3],[3,0],[-3,-3]],[[173681,65795],[0,3],[3,-3],[-3,0]],[[172905,66226],[3,0],[0,-3],[-3,3]],[[172164,66546],[-3,4],[3,0],[0,-4]],[[172278,66377],[-4,3],[4,0],[0,-3]],[[153361,90947],[-3,3],[3,0],[0,-3]],[[174286,65909],[-4,3],[4,0],[0,-3]],[[181684,54770],[0,3],[3,-3],[-3,0]],[[181752,54813],[0,3],[3,-3],[-3,0]],[[183003,48783],[0,3],[4,-3],[-4,0]],[[142874,43191],[7,-13262],[-51,-24]],[[142761,17505],[-414,46],[-178,-15],[-42,-43],[-349,-3],[-65,61],[-203,34],[-405,290],[-187,52],[-479,718],[-223,212],[-213,120],[-16,40],[74,28],[-32,77],[-230,160],[-184,-21],[-611,662],[-207,274],[9,80],[146,-6],[10,141],[-152,117],[-10,164],[-230,194],[20,49],[359,145],[181,169],[64,246],[-26,305],[-177,499],[-295,576],[-371,551],[-356,410],[-867,745],[-857,515],[-753,237],[-307,-136],[-81,-64],[19,-47],[-265,-151],[-294,44],[-501,-31],[-275,-80],[-307,126],[-7,65],[230,258],[93,-15],[165,71],[159,101],[152,231],[323,133],[7,240],[87,102],[-3,400],[158,237],[-136,539],[46,142],[-39,86],[58,55],[61,-15],[-58,-249],[62,123],[161,-43],[-61,46],[29,31],[-94,188],[-313,218],[51,46],[-123,164],[-142,67],[-65,145],[-252,166],[-132,342],[-7,170],[-100,120],[-149,18],[71,65],[-13,89],[-245,259],[-65,-28],[-194,-299],[-19,-73],[64,-71],[-48,-197],[-288,-244],[-97,-243],[-39,-280],[104,-56],[-101,-160],[-38,-339],[-211,-308],[17,-104],[-156,-262],[23,-136],[-126,-40],[110,-184],[-201,-87],[-61,-80],[-133,0],[-265,157],[-427,59],[-229,-111],[-55,-105],[-314,10],[-207,-222],[-204,-19],[-109,53],[-246,9],[-185,-182],[-197,-55],[-197,169],[78,49],[0,121],[135,15],[33,86],[139,86],[64,145],[-100,163],[123,90],[26,181],[120,65],[3,83],[255,-83],[592,80],[107,-105],[123,-6],[90,-74],[239,136],[36,314],[158,585],[-113,330],[29,221],[-64,37],[-117,-141],[-39,40],[104,191],[94,18],[77,247],[0,261],[-161,281],[232,21],[146,262],[-49,92],[-80,31],[336,253],[-19,83],[-81,55],[404,330],[97,172],[330,256],[71,105],[132,30],[-87,-120],[81,3],[55,222],[55,-62],[81,44],[-20,61],[-103,-28],[32,111],[-255,354],[19,108],[49,-15],[-33,135],[-93,-9],[-133,185],[87,182],[227,111],[55,-16],[48,56],[58,-31],[-13,40],[152,71],[51,-106],[14,53],[87,40],[20,65],[-94,28],[68,58],[-87,157],[-217,93],[-165,702],[139,61],[-343,191],[71,22],[26,77],[-207,172],[101,102],[-165,62],[0,77],[-59,18],[-16,280],[-35,-311],[51,-206],[-51,-336],[9,-34],[94,22],[91,-108],[-46,-92],[49,-203],[-58,-81],[19,-70],[-29,-68],[-100,24],[-29,-43],[119,-240],[-213,28],[-97,95],[-162,16],[-148,-136],[16,-68],[-46,-3],[36,-43],[-142,-67],[-55,-114],[-272,-111],[-58,-305],[-129,-185],[-65,-9],[39,-244],[-81,-206],[-149,-101],[-116,-287],[-214,-296],[-142,-89],[-320,-28],[-252,-80],[-437,-224],[-184,-16],[-71,-86],[-156,-12],[-200,-136],[-243,-65],[-67,-70],[9,-62],[-252,-154],[-200,-59],[-233,-175],[-52,-92],[32,-74],[-84,-77],[-22,-105],[-149,-120],[-142,-231],[-149,-120],[-246,-74],[-26,-74],[84,-74],[-123,-71],[81,12],[16,-126],[-97,-234],[-61,114],[32,34],[-87,49],[-100,-15],[-10,-99],[-155,34],[-136,-74],[-97,-197],[39,-55],[61,3],[13,-120],[-149,101],[-93,-55],[-26,-96],[0,-154],[100,-30],[-48,-59],[67,-21],[-84,-59],[-6,46],[-55,6],[-194,-172],[155,-31],[191,40],[204,151],[16,-83],[64,-3],[33,108],[-39,58],[91,-15],[-17,-157],[46,-22],[-181,-169],[145,-404],[-145,-37],[-20,-43],[-81,179],[-197,86],[-39,-21],[-4,81],[-9,8],[9,-6],[-2,40],[-201,80],[-255,-13],[-23,-126],[-87,-24],[23,-96],[-217,3],[16,117],[-61,83],[-353,296],[-71,120],[-304,176],[-178,3],[71,61],[-16,114],[-291,237],[-252,-9],[-100,-114],[-110,13],[51,33],[46,228],[216,228],[49,-215],[430,-71],[-123,3],[-58,-96],[184,-86],[23,-126],[129,-37],[-90,12],[-26,-40],[233,25],[45,61],[38,1],[-103,33],[45,204],[-55,30],[-61,-37],[-16,99],[-45,-83],[100,-46],[-52,-19],[26,-101],[-58,-16],[84,-24],[-107,18],[29,120],[-68,123],[59,65],[-20,160],[-97,74],[-42,465],[-136,259],[-116,21],[-87,83],[122,93],[-22,308],[-65,120],[-187,188],[-39,129],[-65,0],[-394,379],[-521,311],[0,55],[-58,-24],[-100,55],[106,244],[-58,341],[-139,330],[-466,292],[198,13],[-55,169],[-227,40],[-119,71],[-120,-68],[129,-111],[139,44],[20,-37],[-78,-10],[26,-49],[107,-28],[-71,-3],[-36,-64],[-113,129],[-469,179],[-265,-96],[-36,157],[-210,151],[23,83],[-78,74],[-39,-21],[59,-56],[-68,-71],[58,-104],[110,-16],[145,-111],[-42,-40],[20,-89],[-75,-28],[-220,142],[7,169],[-104,170],[-122,24],[-78,-64],[-94,117],[178,12],[26,154],[-113,114],[-75,-3],[-9,-49],[-72,89],[-122,-37],[-65,58],[58,28],[-23,46],[146,50],[68,86],[-62,175],[-190,188],[68,37],[401,-46],[32,-18],[-201,21],[152,-71],[-9,-148],[81,16],[219,299],[-77,366],[-333,323],[-229,34],[-33,-24],[-81,77],[94,-93],[-159,34],[-136,-74],[-9,-64],[-223,30],[-94,-141],[-146,-3],[59,440],[97,-3],[-26,-37],[55,-3],[-62,-31],[104,-15],[90,49],[13,71],[-265,332],[-165,105],[10,40],[-49,9],[7,-37],[-123,-64],[-42,178],[-252,10],[45,148],[-162,30],[88,31],[-7,96],[-246,52],[-61,-92],[39,-74],[-104,-90],[-100,47],[10,86],[-65,-46],[45,-7],[-26,-27],[-45,6],[20,61],[-65,16],[19,49],[-51,31],[-72,-40],[0,-71],[-42,40],[-139,-58],[55,-111],[168,18],[78,-105],[-136,84],[-74,-59],[-107,-6],[-217,62],[-145,-13],[-81,-83],[-284,126],[-127,-120],[39,105],[-161,148],[-262,135],[-88,-74],[7,77],[-58,53],[-702,357],[-278,-25],[-214,71],[-207,-3],[-171,-34],[-103,-77],[-26,-92],[113,-90],[-188,96],[-232,-46],[-26,-46],[-434,6],[-161,74],[-253,261],[-1015,610],[-1025,456],[-947,333],[-217,-84],[-181,-144],[-712,-210],[-2114,90],[-2018,-142],[-1701,-197]],[[104074,37120],[-1,17517]],[[104073,54637],[27,0],[29067,6]],[[124979,28106],[162,3],[-29,55],[-162,28],[-48,-46],[77,-40]],[[141772,17484],[0,3],[3,0],[-3,-3]],[[118761,35250],[23,93],[139,40],[-39,-53],[136,90],[161,21],[-194,-77],[46,-43],[-91,-114],[-94,-34],[-87,77]],[[118629,35186],[38,43],[52,-12],[-90,-31]],[[117752,35330],[-22,-9],[16,19],[6,-10]],[[118936,35389],[13,18],[22,7],[-35,-25]],[[117794,35352],[7,19],[3,-7],[-10,-12]],[[118198,35318],[-6,-9],[-6,0],[12,9]],[[117882,35330],[0,10],[6,-10],[-6,0]],[[117778,35343],[0,6],[7,-6],[-7,0]],[[117823,35358],[-3,3],[10,-3],[-7,0]],[[117733,35297],[-3,3],[3,3],[0,-6]],[[118722,35186],[-3,-6],[-3,0],[6,6]],[[118819,35167],[-6,-3],[3,3],[3,0]],[[118968,35217],[0,3],[3,-3],[-3,0]],[[119553,35050],[84,13],[139,-102],[-223,89]],[[118541,34989],[33,34],[-7,-47],[-26,13]],[[118192,34936],[45,3],[-26,-24],[-19,21]],[[119689,35053],[-48,10],[45,9],[3,-19]],[[119485,35038],[23,3],[-48,-9],[25,6]],[[119233,34807],[13,15],[3,-3],[-16,-12]],[[119722,35038],[-7,6],[23,-15],[-16,9]],[[118127,35026],[7,3],[6,0],[-13,-3]],[[119460,35041],[-7,3],[0,6],[7,-9]],[[119747,34992],[4,-6],[-10,3],[6,3]],[[119731,34998],[13,0],[-6,-3],[-7,3]],[[121694,30726],[61,219],[188,43],[61,-142],[-93,19],[-227,-173],[10,34]],[[131068,28512],[42,62],[62,-108],[-97,-114],[-49,108],[42,52]],[[117930,34545],[-52,83],[126,-9],[-19,-71],[-55,-3]],[[127628,28386],[-33,-83],[13,141],[81,3],[-61,-61]],[[122852,31207],[-107,37],[110,12],[-3,-49]],[[119097,34761],[-25,-31],[-46,18],[71,13]],[[121105,30104],[-16,86],[42,-21],[-26,-65]],[[119169,34804],[45,-6],[-84,-46],[39,52]],[[117907,34407],[13,43],[49,-6],[-62,-37]],[[122389,32417],[16,37],[36,-18],[-52,-19]],[[121128,34077],[3,-22],[-55,10],[52,12]],[[117927,34370],[10,-19],[-36,-3],[26,22]],[[121018,29969],[10,37],[19,-28],[-29,-9]],[[127515,28373],[16,25],[16,-12],[-32,-13]],[[127634,28207],[10,9],[39,-12],[-49,3]],[[132779,32044],[10,-30],[-20,12],[10,18]],[[127379,28296],[26,16],[-10,-19],[-16,3]],[[118082,34638],[-13,27],[20,0],[-7,-27]],[[122700,31238],[-33,12],[49,-6],[-16,-6]],[[118017,34690],[17,18],[3,-9],[-20,-9]],[[127605,28494],[26,-7],[-7,-6],[-19,13]],[[117810,34582],[20,9],[-13,-15],[-7,6]],[[121151,30800],[19,-15],[-16,-3],[-3,18]],[[122211,30871],[-3,12],[23,-12],[-20,0]],[[122176,32556],[29,-3],[-19,-3],[-10,6]],[[121093,30061],[0,19],[9,-13],[-9,-6]],[[121148,32824],[16,9],[-4,-12],[-12,3]],[[120126,33929],[16,9],[-7,-12],[-9,3]],[[127534,28318],[16,12],[-3,-9],[-13,-3]],[[131579,29969],[45,9],[-29,-9],[-16,0]],[[131660,30049],[-3,6],[35,-9],[-32,3]],[[122253,32519],[7,6],[6,-9],[-13,3]],[[121070,30046],[16,6],[10,-9],[-26,3]],[[121413,32500],[9,16],[4,-13],[-13,-3]],[[117426,34160],[0,13],[9,3],[-9,-16]],[[117998,34656],[3,9],[10,0],[-13,-9]],[[118124,34681],[0,-10],[-10,0],[10,10]],[[127511,28417],[4,9],[3,-13],[-7,4]],[[121128,34012],[7,7],[9,-4],[-16,-3]],[[124304,29199],[6,9],[3,-12],[-9,3]],[[124148,28263],[4,6],[6,-6],[-10,0]],[[131679,29966],[0,-13],[-6,6],[6,7]],[[122215,32513],[3,9],[10,0],[-13,-9]],[[131110,28589],[4,6],[6,-3],[-10,-3]],[[127466,28259],[3,7],[7,0],[-10,-7]],[[127644,28244],[0,6],[10,0],[-10,-6]],[[117852,34601],[4,3],[-10,-13],[6,10]],[[119081,34715],[7,6],[3,0],[-10,-6]],[[122489,32414],[10,0],[-10,-3],[0,3]],[[117998,34548],[-6,-3],[3,3],[3,0]],[[132763,32054],[3,3],[6,-6],[-9,3]],[[122253,30846],[7,0],[-7,-3],[0,3]],[[131269,28632],[3,3],[3,-6],[-6,3]],[[119046,34705],[3,3],[3,0],[-6,-3]],[[131107,28598],[-3,6],[3,0],[0,-6]],[[131628,29978],[6,3],[-3,-3],[-3,0]],[[131243,28571],[0,3],[3,0],[-3,-3]],[[128446,24148],[35,43],[-51,-3],[22,83],[75,28],[74,311],[356,31],[74,58],[126,-9],[81,71],[925,95],[229,120],[201,16],[356,142],[433,-53],[142,49],[91,-49],[149,74],[223,22],[-23,-99],[-68,19],[-123,-99],[49,-58],[187,9],[10,-46],[-207,-167],[3,-67],[372,-31],[239,52],[72,-46],[35,-65],[-191,-145],[33,-113],[58,61],[81,-34],[58,37],[-29,8],[-7,-5],[-9,3],[11,3],[-150,40],[61,68],[243,-34],[132,114],[26,117],[129,13],[340,-84],[71,-52],[29,-111],[159,-18],[-23,-56],[48,-74],[-300,-184],[-421,135],[-119,-34],[-230,62],[-200,-6],[-49,-74],[-213,-25],[-156,-86],[-45,-92],[71,-111],[-55,-93],[-216,-52],[-243,-151],[-291,237],[-524,74],[-90,-31],[29,-40],[-87,-86],[-104,-28],[-90,50],[-217,-31],[-126,34],[-265,-84],[-198,84],[-87,-50],[7,-3],[-4,0],[-3,3],[-32,-18],[-291,-19],[-71,-58],[-30,28],[39,55],[-136,188],[-132,68],[-97,-22],[-181,191]],[[127175,26923],[-116,89],[-84,6],[-4,68],[78,40],[139,-172],[129,-50],[42,-184],[-152,52],[-32,151]],[[128164,26467],[4,37],[129,-80],[-3,-46],[-155,46],[25,43]],[[126447,27801],[-9,123],[113,-157],[-78,-28],[-26,62]],[[134858,27628],[-23,37],[101,-139],[-19,-2],[12,-10],[-61,-12],[29,19],[-49,-7],[10,114]],[[127799,27992],[65,-41],[-39,-58],[-55,62],[29,37]],[[126706,27289],[36,37],[3,-71],[-39,34]],[[126548,28176],[-20,71],[42,-21],[-22,-50]],[[126884,26193],[55,22],[-7,-31],[-48,9]],[[126625,26840],[-3,-40],[-29,49],[32,-9]],[[126868,27009],[29,40],[32,-18],[-61,-22]],[[125468,26938],[19,40],[-19,-67],[0,27]],[[127696,28167],[61,6],[-13,-12],[-48,6]],[[129481,25765],[-10,21],[35,-9],[-25,-12]],[[126803,27197],[23,6],[-20,-34],[-3,28]],[[128203,26550],[23,9],[26,-15],[-49,6]],[[127605,27899],[-32,-6],[-7,31],[39,-25]],[[123983,27751],[-25,-9],[51,37],[-26,-28]],[[127068,25925],[20,15],[-13,-40],[-7,25]],[[127075,25876],[-13,15],[48,-21],[-35,6]],[[126279,27597],[33,28],[-7,-18],[-26,-10]],[[124388,27813],[6,18],[16,-3],[-22,-15]],[[127298,27995],[-13,9],[3,21],[10,-30]],[[123621,27674],[-6,-12],[-23,-3],[29,15]],[[135194,25177],[10,9],[23,-6],[-33,-3]],[[126292,27095],[-13,-21],[-3,12],[16,9]],[[129403,26251],[-10,-3],[-16,16],[26,-13]],[[123566,27625],[4,9],[0,-31],[-4,22]],[[127508,28158],[7,9],[29,3],[-36,-12]],[[124523,27828],[10,13],[26,6],[-36,-19]],[[126790,26972],[10,6],[0,-21],[-10,15]],[[123566,27582],[7,9],[16,-3],[-23,-6]],[[126299,27123],[0,-22],[-13,4],[13,18]],[[126955,26218],[10,6],[13,-6],[-23,0]],[[132426,24391],[4,7],[16,-16],[-20,9]],[[126658,28133],[-4,-12],[-9,0],[13,12]],[[135088,25047],[0,-9],[-10,-3],[10,12]],[[127886,28001],[0,9],[13,-3],[-13,-6]],[[126803,27046],[0,15],[7,-9],[-7,-6]],[[132003,24998],[6,3],[10,-9],[-16,6]],[[132368,24441],[3,-13],[-19,-3],[16,16]],[[134816,27662],[10,9],[13,-3],[-23,-6]],[[128966,23634],[17,-3],[-4,-7],[-13,10]],[[128944,23572],[-7,9],[20,-9],[-13,0]],[[128446,24148],[-10,-9],[-3,0],[13,9]],[[129384,26208],[12,0],[-6,-6],[-6,6]],[[126561,27711],[0,-6],[-10,9],[10,-3]],[[138735,20477],[10,3],[0,-6],[-10,3]],[[132468,24379],[4,6],[9,-12],[-13,6]],[[127731,27976],[3,6],[10,-3],[-13,-3]],[[129419,26313],[-10,3],[7,3],[3,-6]],[[129633,25928],[6,-3],[3,-6],[-9,9]],[[126729,27354],[3,6],[3,-12],[-6,6]],[[126266,27058],[4,7],[3,-13],[-7,6]],[[129675,25873],[-4,3],[13,0],[-9,-3]],[[134111,24518],[0,9],[7,0],[-7,-9]],[[134140,24579],[0,3],[13,-3],[-13,0]],[[123731,27674],[3,-3],[-9,0],[6,3]],[[128258,26347],[7,6],[0,-6],[-7,0]],[[139676,19236],[-6,-6],[0,3],[6,3]],[[128294,26356],[-3,9],[6,-3],[-3,-6]],[[126561,27687],[-7,3],[3,3],[4,-6]],[[129445,25780],[-3,-6],[-3,3],[6,3]],[[132452,24404],[-3,-6],[0,9],[3,-3]],[[124873,28084],[-4,0],[-6,3],[10,-3]],[[135408,25263],[3,-3],[-10,0],[7,3]],[[130871,23859],[0,-7],[-6,0],[6,7]],[[126735,27240],[7,9],[-4,-6],[-3,-3]],[[127340,28032],[-7,0],[0,3],[7,-3]],[[126208,27259],[3,6],[4,-6],[-7,0]],[[125684,27080],[7,3],[0,-6],[-7,3]],[[138742,20489],[0,7],[3,-4],[-3,-3]],[[135136,25118],[-6,3],[6,3],[0,-6]],[[139679,19221],[4,3],[3,-7],[-7,4]],[[129432,25771],[3,0],[4,-6],[-7,6]],[[124685,28164],[-6,0],[0,3],[6,-3]],[[134101,24499],[-3,3],[10,3],[-7,-6]],[[126942,26405],[7,4],[3,0],[-10,-4]],[[132365,24401],[-7,-3],[4,3],[3,0]],[[126787,27071],[-7,3],[7,0],[0,-3]],[[135253,25140],[3,3],[0,-3],[-3,0]],[[126299,27123],[-4,3]],[[126295,27126],[4,3],[0,-6]],[[126696,27773],[0,6],[4,-3],[-4,-3]],[[123589,27573],[0,3],[3,0],[-3,-3]],[[138742,20489],[0,-3],[-4,3],[4,0]],[[125684,27080],[-3,0],[0,3],[3,-3]],[[132430,24404],[-4,0],[0,3],[4,-3]],[[129639,23701],[-3,4],[3,0],[0,-4]],[[126218,27262],[-3,3],[3,0],[0,-3]],[[127912,27992],[-3,3],[3,0],[0,-3]],[[139146,19756],[0,-3],[-3,0],[3,3]],[[126295,27126],[0,-3],[-3,3],[3,0]],[[104074,37120],[-343,-93],[-821,-412],[-1061,-394],[-944,-293],[-1022,-194],[-391,-117],[-213,-120],[-625,-133],[-1193,-126],[-595,19],[-323,-50],[-812,74],[-708,160],[-394,-132],[-143,18],[-278,-67],[-485,-234],[-870,-561],[-701,-182],[-689,-329],[-246,-43],[-423,-321],[-262,-123],[-236,-83],[-1122,-151],[-502,-212],[-275,-241],[-171,-246],[-333,-770],[-71,-409],[-327,-124],[10,-104],[-336,-200],[-88,-207],[55,-92],[-349,-160],[-55,-93],[-213,-34],[-126,-160],[-72,-9],[-12,65],[-110,49],[-333,31],[-133,-71],[-139,-188],[-401,-114],[-36,19],[27,26],[-1,1],[3,3],[0,-1],[7,6],[3,5],[0,-2],[26,26],[-78,43],[42,93],[-87,129],[-165,99],[-194,46],[-18,-17],[2,-2],[-3,-3],[0,4],[-133,-121],[-132,50],[-343,-74],[-178,98],[-84,-55],[-417,9],[-120,-71],[49,-65],[-81,-73],[-21,33],[-5,-3],[-10,6],[13,0],[-22,37],[-156,-49],[-29,49],[-184,56],[-259,15],[-32,-58],[-91,12],[-165,-92],[7,-130],[-91,-12],[-71,52],[-110,-89],[-90,46],[-165,-46],[-3,52],[-65,-9],[84,71],[-110,237],[-272,228],[-278,-28],[-68,-80],[46,-12],[-26,-34],[-356,-92],[-307,148],[-162,-114],[-55,89],[-262,126],[-135,-37],[-120,53],[-126,-22],[-217,46],[-42,-46],[-162,15],[-100,-80],[-223,19],[-71,-102],[-249,89],[-298,-73],[-449,52],[-181,-114],[-711,22],[-130,-53],[16,-71],[-391,-141],[-666,123],[-336,-68],[-275,96],[-165,-40],[-152,-130],[-301,25],[-113,-40],[-265,-240],[-272,-84],[-32,-77],[-139,-67],[-58,-77],[29,-34],[-172,-154],[-100,-207],[-152,-3],[149,-3],[13,-212],[223,-86],[-236,-74],[-81,27],[45,28],[-29,56],[-216,6],[-81,-142],[90,-123],[-94,-3],[-25,-77],[-84,31],[32,40],[-65,49],[-181,-19],[-61,-52],[45,-135],[-87,-19],[-13,-49],[-104,12],[55,46],[-68,56],[-119,37],[-94,-28],[-269,111],[-349,24],[-158,-36],[-36,-41],[42,-83],[-330,-18],[-184,-114],[-32,-148],[119,-46],[-194,-148],[-181,-34],[-68,-71],[-404,-80],[-258,-135],[-130,-194],[-10,-163],[81,-13],[20,-55],[-81,-56],[-223,80],[-110,-64],[-246,-25],[-42,-74],[-116,12],[-7,-86],[123,-34],[-52,-135],[-90,86],[-188,28],[-239,-105],[-236,22],[-42,34],[100,33],[3,157],[-13,-36],[-90,24],[0,-166],[-97,-59],[3,-58],[-194,28],[-39,-56],[197,-120],[62,34],[-58,58],[32,40],[78,-157],[187,13],[62,-62],[-146,28],[-90,-89],[-23,40],[-136,-25],[-443,209],[-246,37],[-132,-58],[19,-68],[-74,-89],[39,-65],[-94,3],[-16,56],[-185,98],[-113,25],[-94,-43],[-284,175],[-210,28],[207,77],[103,-74],[123,3],[-45,34],[90,49],[-81,83],[-84,-58],[-194,52],[-45,-74],[-68,-3],[-26,-154],[-174,71],[-249,12],[-97,-30],[-49,-105],[-168,89],[-255,-12],[-201,52],[-116,-138],[-117,49],[-74,-28],[-304,130],[-84,-25],[10,-43],[-123,24],[-249,-98],[-65,86],[-123,0],[-126,89],[-165,-37],[-149,130],[-598,302],[-368,95],[-398,15],[-39,-6],[3,93],[-136,151],[-45,129],[-660,560],[-533,361],[-120,-3],[-68,80],[-566,249],[-265,28],[-295,-45],[4,-4],[-22,-105],[-107,-59],[-45,108],[-307,271],[48,170],[-155,308],[42,52],[-10,203],[-68,167],[39,86],[-52,212],[58,50],[20,166],[-81,296],[49,6],[14,75],[-2,-1],[0,3],[3,0],[1,6],[106,108],[-77,320],[275,-117],[110,-173],[271,-83],[301,-12],[217,49],[197,96],[472,474],[200,447],[33,24],[-20,-55],[84,-10],[72,656],[-259,1362],[65,206],[268,243],[23,-114],[-152,-52],[6,-58],[-103,-77],[103,-336],[126,-185],[3,46],[43,-27],[3,89],[-55,37],[-143,385],[123,-86],[65,36],[74,-43],[88,31],[13,123],[-75,96],[-116,3],[-23,132],[84,59],[39,191],[-19,114],[-101,101],[75,25],[22,86],[-38,74],[-94,16],[-39,84],[-3,-1],[0,3],[2,0],[-15,34],[168,-13],[123,234],[-32,167],[-91,15],[84,80],[-48,148],[-52,15],[117,92],[-143,-85],[87,98],[4,536],[-65,77],[-7,176],[-142,344],[-343,487],[-132,271],[-317,400],[-414,940],[-301,431],[-97,25],[-22,163],[-308,597],[20,93],[-129,132],[54,83],[-93,431],[-71,65],[64,59],[3,92],[-45,95],[-107,19],[26,305],[-58,163],[-68,22],[-26,70],[91,425],[-81,699],[129,586],[-135,298],[-7,139],[-129,231],[22,68],[-158,425],[-766,745],[-75,246],[-116,34],[126,65],[-10,305],[-262,517],[-245,265],[35,9],[-107,40],[-90,182],[-272,323],[-262,133],[-210,234],[-226,807],[68,246],[181,274],[-29,65],[-33,-148],[-194,641],[-443,822],[-591,933],[-644,795],[-928,834],[36,40],[-97,287],[-395,437],[340,-120],[29,-157],[68,357],[-20,265],[46,74],[41,-207],[4,-6],[-2,-2],[24,-124],[23,-650],[39,-31],[55,50],[39,-210],[72,19],[-114,283],[-62,3],[94,274],[71,-6],[0,314],[-90,142],[16,148],[106,-299],[104,-77],[-16,-68],[68,-6],[9,-154],[165,-379],[-35,-64],[61,-22],[-16,-111],[-19,68],[-36,-18],[55,-111],[-55,-34],[-26,-142],[29,-25],[55,50],[9,172],[-2,-3],[-7,12],[9,-8],[1,12],[71,144],[-39,123],[-71,37],[65,25],[-7,77],[81,-9],[97,-471],[-48,-111],[80,-111],[-61,-213],[129,-123],[29,25],[-61,61],[16,228],[55,-9],[13,80],[26,-154],[29,234],[-16,-332],[52,-148],[71,71],[0,-241],[55,50],[77,-13],[-51,40],[35,31],[-45,3],[3,111],[165,-49],[100,95],[126,-74],[13,108],[230,210],[13,178],[-55,182],[48,62],[-13,110],[-268,256],[-356,105],[-3,98],[-213,262],[-133,12],[-68,465],[-132,81],[22,110],[-38,99],[-169,132],[59,80],[-59,151],[39,10],[-45,46],[42,21],[-87,0],[38,-12],[-22,-132],[45,15],[-32,-43],[48,-62],[-178,185],[59,305],[255,379],[45,-324],[110,-86],[71,46],[84,-286],[275,-231],[97,-12],[0,-231],[130,-34],[-97,-219],[6,-197],[-110,-95],[3,-268],[88,-170],[-81,-40],[126,-21],[39,67],[26,-83],[58,-3],[162,182],[16,117],[35,6],[-26,-77],[149,243],[-24,125],[-2,2],[2,-1],[-37,195],[39,34],[64,-32],[16,-5],[-16,5],[29,-15],[26,-67],[-64,-164],[45,-58],[9,-210],[120,-64],[-45,-188],[84,-123],[-8,-17],[18,11],[-19,-16],[-23,-52],[74,-231],[262,-234],[94,-111],[-20,-37],[288,237],[142,56],[91,181],[0,90],[-110,120],[-52,200],[117,188],[3,-142],[19,12]],[[56310,54138],[78,50],[-62,83],[10,138],[-142,274],[74,47],[20,-56],[132,16],[-58,138],[65,151],[-201,108],[-229,231],[38,-6],[-87,77],[3,83],[-160,117],[-8,0],[-3,6],[6,-3],[-35,26],[19,-17],[-32,19],[0,7],[-62,45],[42,-12],[-65,68],[11,-19],[-26,22],[2,11],[-64,66],[36,-4],[-81,93],[-26,89],[32,-43],[0,31],[-187,277],[45,-6],[-13,55],[-136,151],[39,28],[-74,86],[0,111],[-26,37],[0,-3],[-7,9],[4,-1],[-126,180],[-84,280],[-340,219],[-149,246],[-6,197],[90,93],[-87,101],[-48,-34],[-13,59],[-13,-3],[9,22],[-3,12],[204,83],[-288,-25],[49,191],[-33,157],[-630,708],[-68,99],[-23,225],[20,332],[-52,244],[61,0],[110,129],[-68,428],[120,89],[35,355],[143,160],[58,222],[113,70],[149,373],[453,317],[87,176],[-10,283],[55,256],[-110,539],[168,117],[55,160],[-9,231],[-230,616],[-149,126],[-126,-6],[52,163],[-58,108],[19,98],[-65,56],[36,89],[158,99],[-19,64],[97,80],[36,194],[216,284],[382,1056],[197,302],[272,182],[265,92],[97,-89],[-136,-160],[-16,-281],[-207,-603],[16,-114],[155,-219],[-55,-212],[107,92],[94,-12],[0,-148],[-181,-194],[0,-176],[55,-77],[-46,-43],[62,16],[0,-96],[23,65],[35,-53],[87,40],[97,74],[23,124],[181,70],[113,-21],[20,-194],[3,74],[52,-111],[16,80],[103,-25],[-38,25],[61,-3],[-36,25],[42,-7],[-6,62],[65,-12],[-12,13],[-8,2],[3,0],[5,-2],[-66,73],[81,6],[-62,37],[72,-6],[-52,21],[3,96],[97,-16],[-87,40],[16,71],[52,-12],[-33,40],[146,-37],[-68,34],[39,28],[-110,37],[55,34],[-10,58],[55,-9],[-19,28],[87,-105],[-6,15],[0,-3],[-4,9],[2,-3],[-31,71],[39,22],[-100,55],[100,9],[-36,37],[75,-12],[-94,68],[28,-7],[-5,19],[32,-25],[-1,0],[69,-15],[-97,49],[3,83],[23,-5],[0,2],[3,0],[-3,-2],[129,-32],[-90,93],[58,12],[-110,80],[107,6],[61,-80],[-23,105],[46,-21],[-46,83],[59,21],[22,-58],[-26,111],[58,83],[-51,-13],[-10,53],[113,0],[23,141],[48,-73],[-9,129],[45,15],[13,-67],[39,95],[16,-59],[22,139],[43,-37],[-36,80],[71,9],[-52,28],[139,77],[-51,-28],[-17,34],[17,197],[123,37],[-4,-107],[42,77],[-48,43],[52,46],[255,71],[440,317],[191,55],[48,-12],[-9,-3],[13,-4],[-1,1],[2,-2],[163,-47],[-32,18],[84,0],[171,166],[107,-83],[-32,43],[94,59],[51,-34],[-48,37],[55,43],[100,-52],[-74,49],[77,43],[29,-55],[71,120],[13,-59],[262,49],[49,-49],[-36,62],[165,86],[22,-10],[-2,4],[12,-6],[-2,-1],[25,-12],[49,65],[-107,-25],[103,56],[65,-12],[-16,-50],[29,46],[23,-30],[1,0],[-21,30],[62,68],[6,-61],[-52,-16],[42,-46],[-35,46],[61,-43],[13,99],[26,-99],[3,52],[49,-49],[52,19],[-44,62],[-8,-47],[-49,56],[-3,36],[65,-18],[-4,-23],[52,26],[0,-46],[29,49],[-80,25],[45,24],[-52,22],[74,9],[39,56],[-42,-50],[36,68],[-65,-46],[13,49],[126,71],[52,-68],[26,90],[-36,-25],[-35,71],[106,86],[-9,-52],[51,-28],[-13,58],[52,31],[-65,6],[52,59],[42,-49],[-29,64],[62,-21],[29,52],[-62,0],[71,59],[72,-47],[-30,81],[97,-10],[65,123],[7,-64],[35,71],[107,-37],[23,107],[-10,-92],[29,37],[26,-40],[-10,95],[55,-9],[-16,-98],[29,71],[36,-13],[-23,74],[81,-61],[-26,52],[113,-12],[-81,18],[39,68],[45,-9],[-35,67],[51,43],[33,-37],[-16,87],[71,37],[16,132],[61,-15],[-38,40],[93,104],[-19,-70],[249,191],[349,123],[7,-160],[13,157],[87,12],[52,-49],[-20,64],[155,74],[7,207],[120,55],[-117,-15],[45,166],[101,-80],[64,6],[-48,-58],[100,24],[87,-61],[149,154],[175,52],[310,-89],[-171,83],[103,-22],[-22,49],[68,0],[12,47],[33,-25],[-42,34],[81,55],[97,-37],[-101,59],[36,43],[58,-62],[-52,77],[207,40],[-9,-36],[58,-7],[-42,59],[100,61],[3,-58],[23,71],[-3,-123],[32,-7],[0,84],[43,-18],[-37,30],[82,-15],[70,64],[-71,-49],[-81,52],[169,74],[90,133],[139,15],[-61,37],[171,142],[-68,-7],[113,84],[-12,64],[187,10],[-155,-170],[-100,-259],[-4,-64],[33,55],[100,-126],[230,-46],[80,37],[-13,-90],[23,65],[84,-12],[-87,34],[100,37],[-35,9],[32,46],[132,25],[-67,15],[38,34],[159,34],[6,-62],[178,136],[36,-96],[74,3],[45,96],[130,95],[-4,-74],[33,16],[29,-68],[-110,15],[52,-37],[-81,-55],[77,40],[-42,-114],[52,28],[-29,28],[81,-10],[-91,-104],[36,27],[14,-10],[25,47],[65,-52],[25,6],[173,-88],[28,11],[-4,-46],[26,34],[20,-43],[16,33],[145,-27],[33,-22],[-36,-49],[-23,0],[-9,-46],[42,34],[0,-50],[65,139],[38,-154],[26,71],[26,-31],[-32,55],[52,-21],[-55,46],[25,43],[104,0],[10,-83],[35,39],[-19,13],[26,31],[329,71],[-9,-86],[45,15],[-10,83],[136,0],[-16,74],[133,50],[55,6],[-101,-77],[81,27],[16,-74],[-61,-21],[74,15],[16,-34],[-6,81],[42,52],[5,-17],[37,32],[55,-61],[-29,-16],[52,-9],[210,89],[132,-24],[-116,31],[294,175],[7,77],[100,-9],[-87,40],[35,61],[68,-6],[29,-71],[58,19],[-48,25],[16,58],[68,-9],[3,-62],[10,65],[48,-49],[-3,40],[52,-3],[-36,9],[23,68],[-36,-68],[-55,31],[62,92],[-97,-62],[29,145],[46,-20],[2,5],[4,-6],[-3,0],[29,-13],[-39,37],[210,62],[103,114],[194,64],[233,201],[49,-6],[9,-68],[-48,43],[-3,-3],[51,-68],[-64,34],[58,-34],[-91,0],[-16,-43],[130,21],[-29,-86],[61,102],[136,-22],[0,59],[77,18],[7,-43],[44,42],[-25,14],[185,58],[-7,-92],[65,-43],[16,70],[32,-58],[0,58],[71,7],[10,-47],[42,74],[107,-21],[19,37],[107,-50],[-3,77],[74,-15],[-16,-55],[39,55],[-39,9],[100,50],[20,-80],[-10,49],[55,24],[-100,28],[116,34],[26,-80],[-39,9],[-19,-89],[71,55],[16,-92],[3,65],[52,-53],[55,19],[-84,40],[139,3],[-184,55],[80,90],[0,-65],[136,31],[88,-83],[-39,-19],[61,-3],[-26,-34],[78,83],[252,105],[172,-19],[6,37],[75,-33],[-59,43],[62,34],[-55,9],[38,86],[90,-28],[-31,47],[119,175],[201,126],[113,281],[239,64],[104,173],[152,-62],[45,-102],[149,-36],[-113,49],[0,157],[148,12],[71,-58],[431,-59],[-4,-52],[139,40],[91,-68],[90,34],[317,-228],[278,102],[149,160],[26,-80],[-58,-62],[136,86],[68,-27],[-43,49],[39,68],[-74,24],[87,37],[26,-37],[-3,62],[77,-52],[253,9],[346,114],[721,58],[1406,444],[1035,403],[527,308],[311,225],[397,382],[553,727],[46,194],[135,185],[-22,123],[80,3],[81,225],[81,83],[33,-19],[16,93],[32,-56],[10,213],[-117,77],[-6,111],[36,18],[6,-68],[13,56],[149,-53],[55,68],[139,-18],[35,92],[68,28],[0,3],[3,-2],[59,23],[-4,151],[-200,102],[116,71],[84,151],[-9,-105],[32,25],[61,117],[-22,34],[-23,-84],[-45,74],[84,102],[81,21],[103,-86],[243,102],[226,148],[152,200],[214,58],[132,142],[0,15],[23,28],[-14,-34],[78,83],[-42,-52],[49,-6],[6,19],[0,3],[2,1],[40,119],[324,98],[178,173],[26,388],[-411,117],[-142,-176],[-104,108],[97,89],[26,219],[-42,582],[-178,385],[16,631],[75,281],[45,73],[78,0],[132,253],[16,-34],[81,74],[120,-43],[-100,58],[100,16],[-84,15],[32,56],[-116,-77],[-46,52],[139,163],[178,93],[49,120],[336,191],[-126,-145],[120,43],[3,-52],[39,15],[-4,265],[33,-74],[97,-46],[-39,-62],[283,-28],[-83,105],[-116,284],[48,52],[7,-46],[65,-3],[-59,95],[84,133],[101,-13],[87,-108],[314,71],[74,99],[-45,-80],[100,64],[42,-64],[-16,77],[207,-139],[-67,89],[-14,-6],[-3,6],[15,2],[-12,17],[55,40],[-91,-28],[-109,56],[25,120],[-68,-43],[-67,83],[93,166],[0,120],[126,139],[-48,-83],[123,34],[-55,15],[103,28],[42,86],[75,-34],[-97,52],[161,74],[-19,130],[87,178],[97,-40],[107,65],[-19,-77],[32,80],[152,65],[-61,-59],[48,-68],[-65,-18],[91,-105],[110,0],[-104,-104],[-6,46],[-91,21],[-103,-40],[-13,-37],[58,-27],[-84,-93],[120,-37],[-175,-160],[139,-68],[-3,-120],[87,111],[52,-49],[-10,-157],[49,-59],[90,-6],[16,86],[33,-135],[107,-6],[38,70],[20,-61],[-39,-93],[-97,-21],[0,-120],[162,-56],[80,-172],[-77,-62],[-16,-144],[278,-139],[90,-129],[91,-296],[174,-169],[123,-238],[33,-234],[45,-22],[0,1],[6,-3],[-3,0],[165,-83],[78,-142],[100,-65],[-7,-55],[85,-56],[-13,-86],[35,40],[-3,-98],[107,-71],[9,-185],[65,209],[-65,99],[10,182],[-61,58],[55,173],[42,-37],[29,71],[68,431],[71,46],[-178,256],[-23,209],[55,68],[152,34],[39,-124],[68,-45],[19,45],[-6,-37],[-12,-8],[25,-16],[48,52],[120,-77],[155,-259],[236,-200],[162,16],[-78,27],[-187,210],[-110,403],[77,19],[-55,37],[78,89],[397,301],[-9,-2],[19,18],[-5,-12],[25,18],[-26,105],[-29,-105],[-159,-15],[-29,-65],[-284,-104],[-113,110],[-10,118],[-129,163],[-20,98],[-97,3],[-207,225],[-372,62],[59,27],[-46,22],[122,31],[1,3],[3,-2],[91,23],[-10,7]],[[86512,83513],[-48,30],[51,16],[-29,61],[37,6],[-33,13],[32,-3],[5,-10],[85,13],[-42,46],[97,-21],[-12,61],[-85,49],[-32,-37],[-171,19],[51,-86],[-77,18],[-20,-98],[-58,83],[62,9],[-159,102],[13,52],[-126,22],[0,37],[220,-50],[-7,65],[-109,52],[38,22],[230,-108],[-32,-12],[352,-65],[-116,57],[0,-2],[-13,4],[7,1],[-72,36],[259,24],[-207,130],[-304,89],[-7,40],[256,-65],[-236,148],[332,-115],[4,10],[45,-21],[-14,-1],[140,-49],[101,68],[-55,-3],[26,34],[-130,62],[-61,86],[97,-19],[16,-61],[-3,46],[174,-12],[-64,104],[-227,148],[-51,9],[42,-92],[-101,19],[20,-37],[-159,123],[0,61],[52,-40],[107,37],[-75,59],[133,-53],[-23,56],[-97,15],[71,22],[-122,49],[61,0],[58,0],[-119,19],[32,30],[-52,74],[178,50],[74,-50],[-51,56],[113,-31],[16,46],[52,-31],[-36,37],[91,0],[26,-120],[42,68],[-36,43],[65,-52],[-33,52],[49,-9],[-81,86],[220,-129],[142,-151],[-139,12],[81,-145],[-45,62],[0,-59],[-20,31],[-88,-25],[53,-18],[-62,0],[-2,14],[-17,-5],[136,-107],[0,43],[42,-99],[45,-15],[-32,52],[213,-74],[-19,-68],[51,10],[-32,-47],[32,-49],[-129,74],[58,-249],[55,-37],[-13,104],[107,-30],[-52,212],[81,-28],[-74,62],[100,-28],[-107,148],[185,-172],[113,-59],[39,28],[-175,222],[87,55],[126,-37],[-271,188],[-20,65],[194,-136],[107,-3],[-10,-31],[85,28],[51,-68],[265,-6],[182,-92],[71,-293],[29,22],[39,-62],[329,9],[23,-74],[-78,-49],[36,-43],[230,74],[55,-105],[-49,-80],[74,-15],[-62,-59],[30,-6],[-16,-12],[-15,16],[-11,-10],[58,-31],[9,11],[-6,-5],[0,3],[6,3],[49,65],[26,-25],[-19,87],[42,-34],[3,43],[78,-12],[-88,73],[-71,-30],[-51,46],[-46,169],[-168,-12],[162,225],[65,-83],[61,18],[16,-83],[62,15],[-4,-67],[169,30],[320,-40],[469,74],[310,-135],[246,40],[16,92],[87,-3],[13,65],[-113,-53],[-55,-86],[-281,0],[-84,93],[-204,43],[-45,36],[0,-64],[-104,37],[103,27],[-58,47],[-394,49],[-475,-95],[-59,80],[-35,-16],[51,139],[-84,55],[42,44],[-12,6],[14,-5],[31,32],[-94,105],[68,46],[-36,34],[33,68],[116,-31],[49,176],[-20,175],[107,-43],[10,-46],[-72,-28],[182,-191],[-20,-126],[36,83],[22,-49],[-3,43],[39,-9],[-32,67],[110,133],[122,-25],[156,89],[-94,25],[-36,-71],[-61,10],[3,421],[100,-70],[-13,43],[59,-6],[-91,43],[32,15],[-58,-9],[-3,77],[94,68],[-58,92],[151,114],[88,-108],[0,120],[97,34],[-23,77],[120,-25],[-133,118],[58,43],[-41,10],[-1,-1],[-3,0],[2,1],[-8,2],[3,49],[-32,-101],[-62,-7],[97,136],[-145,-126],[-84,-25],[-3,23],[-1,-1],[0,9],[1,-1],[-1,4],[-443,-671],[-13,117],[65,77],[-65,-7],[-16,50],[-32,-68],[-7,172],[30,-4],[0,63],[-75,40],[-6,111],[58,-6],[-55,12],[3,41],[-58,-19],[48,-7],[-61,-181],[-45,67],[-23,-89],[-29,40],[3,179],[-77,271],[34,-13],[-12,139],[-77,15],[68,31],[74,-58],[3,135],[26,-92],[71,-9],[42,43],[-74,101],[52,62],[6,-40],[159,-65],[-13,65],[-139,6],[0,68],[-68,-49],[-7,61],[-81,-92],[78,135],[-39,77],[68,46]],[[89319,86866],[23,16],[64,-25],[-13,77],[81,46],[75,-86],[-55,120],[-152,-58],[100,83],[97,-19],[32,47],[123,-105],[81,9],[0,-61],[120,49],[38,-68],[33,68],[-55,9],[-13,108],[87,126],[-10,-117],[88,-35],[-3,17],[6,-16],[-2,-2],[15,-6],[0,2],[3,-3],[0,0],[7,-3],[-10,-62],[55,93],[-62,46],[-9,74],[58,46],[-36,40],[224,120],[-130,6],[0,50],[-139,-34],[32,27],[-51,28],[19,37],[94,-25],[52,37],[-33,77],[-97,-3],[39,25],[-13,105],[84,-71],[13,77],[77,-55],[-2,6],[6,-3],[-3,-3],[136,-96],[-114,-126],[55,-34],[97,185],[156,-99],[-30,43],[81,40],[-35,-52],[27,-80],[47,-6],[-32,-16],[-14,18],[11,-30],[45,-19],[45,50],[181,-99],[-15,-54],[2,-1],[0,-3],[-2,4],[-1,-4],[58,-7],[3,37],[81,-114],[26,34],[78,-117],[-165,-83],[3,-43],[100,40],[-71,-40],[62,19],[3,-37],[45,55],[-29,-89],[42,-13],[13,102],[45,18],[16,-107],[-67,-37],[35,-61],[3,2],[-3,-3],[13,-21],[16,92],[25,-9],[1,0],[0,-1],[32,-12],[-29,56],[29,18],[13,-43],[36,40],[-26,77],[136,34],[440,-336],[633,-381],[-388,252],[-77,80],[35,12],[-106,10],[-101,123],[-22,-37],[-246,219],[-230,129],[68,262],[159,67],[13,-46],[0,65],[64,-12],[-19,77],[-16,-50],[-91,16],[-116,-65],[68,56],[-36,18],[55,37],[-45,37],[55,105],[-62,-93],[-32,117],[-10,-49],[-45,31],[75,-90],[-52,-24],[45,-3],[-42,-68],[-133,40],[17,52],[-46,28],[-16,-77],[-152,-89],[-191,-83],[-71,49],[29,71],[-51,-34],[-26,37],[39,34],[-62,9],[58,92],[36,-12],[0,62],[58,-43],[13,126],[136,52],[119,-92],[114,194],[61,-6],[-13,52],[-36,-6],[1,0],[-20,-16],[8,14],[-69,-11],[-20,47],[-68,-133],[-35,22],[42,89],[-32,-43],[-49,37],[2,-69],[5,4],[-4,-31],[-1,1],[1,-41],[-116,65],[29,-80],[-68,-40],[-19,34],[-29,-96],[-104,-49],[52,99],[-75,-43],[39,110],[-55,40],[104,68],[-133,-34],[23,47],[-78,-44],[26,62],[-39,15],[246,157],[107,-58],[29,40],[71,-68],[120,127],[61,-59],[58,111],[-90,92],[19,50],[-39,-13],[36,133],[-42,27],[68,-40],[39,37],[35,-49],[58,74],[62,-37],[-110,-123],[77,-40],[-35,-74],[94,3],[16,95],[65,-33],[-13,-148],[132,-182],[36,65],[161,27],[-6,3],[-3,-3],[-4,0],[6,3],[-31,13],[35,34],[7,6],[61,-31],[71,40],[16,-43],[33,49],[3,-141],[171,-59],[-9,52],[26,6],[0,1],[3,0],[0,-1],[16,4],[71,-40],[32,40],[110,-47],[223,10],[-1,16],[-99,30],[91,9],[7,-29],[-4,38],[-265,7],[-126,73],[142,71],[0,65],[-103,-31],[16,65],[116,18],[230,148],[-133,0],[10,-46],[-75,-25],[-38,71],[0,-80],[-75,-25],[-68,130],[-38,-56],[-52,19],[10,49],[-68,-58],[-107,21],[-26,62],[87,52],[-110,6],[-55,-55],[13,104],[-58,7],[-19,-71],[-11,-3],[1,0],[-3,0],[-52,-13],[-19,71],[42,-6],[32,92],[78,-24],[3,83],[45,-102],[81,-15],[42,55],[-42,50],[42,-16],[-3,56],[87,31],[-94,0],[-58,86],[-42,-53],[-6,50],[-26,-34],[-33,37],[-9,-59],[-49,13],[26,110],[-65,-107],[-45,6],[-3,68],[-81,49],[68,111],[-39,0],[7,46],[-42,-49],[25,52],[-74,-49],[-9,14],[3,-5],[0,-6],[-4,12],[-74,117],[61,49],[94,-46],[-29,114],[68,37],[32,-74],[7,163],[68,25],[26,-28],[0,0],[3,-3],[0,0],[61,-68],[-3,108],[131,22],[-5,21],[18,-8],[-57,73],[-26,-52],[-74,27],[-26,62],[39,-15],[-19,55],[54,36],[-58,23],[36,46],[30,-63],[25,17],[71,-3],[-13,67],[84,-80],[7,77],[64,-18],[-19,132],[71,49],[-29,-141],[45,-37],[-45,-62],[146,34],[32,83],[14,-36],[2,2],[0,-3],[-2,0],[34,-86],[-38,-46],[80,-40],[-25,-83],[64,52],[-42,89],[84,-30],[-35,80],[100,33],[-52,28],[0,71],[42,12],[36,-86],[-7,126],[101,59],[29,-68],[103,22],[-42,-102],[-58,6],[16,-55],[207,3],[-13,7],[0,-1],[-2,2],[-72,38],[136,114],[-85,15],[42,37],[0,185],[68,65],[4,83],[-110,49],[48,80],[-71,120],[55,96],[-81,37],[58,55],[52,-55],[-32,77],[47,1],[-2,2],[7,3],[-3,-5],[64,2],[29,-92],[23,70],[58,-138],[116,-49],[49,83],[19,-6]],[[93474,90732],[20,-7],[-49,-49],[29,-46],[-87,-40],[94,0],[0,-53],[-201,22],[45,-68],[-87,-95],[123,-342],[-98,-353],[1,2],[-9,-30],[-23,-84],[187,496],[217,27],[97,111],[39,-18],[-42,-89],[158,67],[23,-55],[-136,-71],[107,-117],[-68,-22],[68,-64],[-62,-65],[58,-21],[7,-62],[81,18],[61,-52],[42,-117],[42,65],[0,-34],[35,11],[-12,26],[6,-13],[6,-13],[14,4],[-10,114],[-97,102],[58,120],[81,-6],[62,61],[25,-83],[88,-28],[48,111],[88,-55],[29,25],[-101,363],[-113,-28],[-26,83],[94,-21],[129,126],[136,25],[-48,21],[3,56],[52,9],[-120,212],[91,62],[42,-31],[126,40],[87,170],[-61,55],[93,37],[-213,216],[-52,-31],[-77,40],[-101,-68],[-129,83],[-55,87],[26,154],[0,-50],[97,-58],[-13,-123],[55,147],[26,-64],[68,34],[-110,92],[52,46],[87,-18],[32,-164],[91,0],[-55,164],[68,34],[-75,-16],[-236,173],[91,15],[77,-68],[104,148],[-32,-80],[74,6],[-71,-83],[61,62],[88,-56],[6,77],[78,13],[-33,-108],[-71,-43],[107,-19],[-91,-52],[-68,-126],[249,184],[94,0],[16,-61],[-90,24],[-159,-107],[133,-4],[52,47],[77,-77],[-26,-53],[-184,-46],[-29,-68],[133,43],[-72,-49],[-13,-98],[39,70],[117,47],[-26,-50],[52,-55],[-139,-62],[97,-18],[-75,-96],[62,-55],[122,28],[-32,-34],[49,3],[0,-77],[-49,21],[-55,-101],[81,43],[42,-49],[61,98],[-9,-92],[39,61],[61,-52],[39,102],[155,34],[-129,151],[-52,-44],[-23,50],[52,129],[100,-3],[-35,148],[194,-6],[9,114],[91,9],[42,89],[52,-68],[100,28],[32,117],[52,-21],[84,95],[83,-39],[-173,-192],[-59,0],[20,-114],[-155,-117],[19,-62],[78,-18],[113,108],[35,-22],[-84,-55],[0,-93],[52,-83],[178,53],[-16,-238],[13,-6],[0,0],[3,0],[0,-1],[14,-7],[2,54],[7,-13],[3,35],[42,-83],[-33,26],[17,-29],[-14,-2],[65,-32],[17,172],[87,-33],[55,55],[32,179],[-52,117],[133,-84],[10,40],[16,-135],[84,43],[-32,65],[87,92],[-45,16],[129,46],[-68,97],[-65,-36],[-68,25],[13,148],[72,-74],[80,18],[-3,62],[68,-34],[81,31],[-74,-31],[77,22],[27,-28],[12,3],[0,-43],[90,83],[108,-27],[1,1],[-21,23],[-10,1],[0,-1],[-1,1],[-135,14],[39,19],[-39,21],[159,-43],[-10,37],[81,-64],[3,3],[10,-10],[-5,1],[24,-19],[-58,-25],[-8,10],[5,-28],[74,43],[-213,175],[-107,-6],[-19,145],[-88,68],[-97,212],[78,53],[-7,-25]],[[96840,92259],[-6,-25],[81,0],[100,68],[23,-123],[51,-25],[17,59],[84,-3],[-71,126],[97,28],[132,-83],[71,24],[-97,83],[159,-3],[68,-37],[6,-101],[32,-13],[7,68],[13,-77],[35,28],[59,-59],[-81,-61],[77,21],[23,-46],[32,80],[29,-68],[-38,-64],[119,27],[-64,-209],[135,74],[20,-92],[-49,-40],[94,-65],[-16,-71],[81,-34],[48,148],[68,25],[-29,46],[68,21],[-3,-163],[29,37],[29,-89],[6,89],[55,6],[65,133],[61,-6],[55,-53],[-22,-58],[48,12],[88,-83],[90,18],[-77,124],[80,24],[207,-166],[62,55],[-16,-74],[135,-104],[-58,-74],[13,-105],[81,-9],[16,-71],[32,74],[39,-43],[62,18],[-52,-58],[97,6],[-45,-105],[106,46],[104,-120],[87,0],[104,-80],[-46,-28],[117,-36],[-16,-59],[87,-68],[-29,-34],[90,-30],[224,-247],[-62,-105],[68,50],[19,-114],[62,15],[10,-58],[58,-3],[-26,-117],[97,-133],[79,33],[-1,1],[6,3],[-2,-3],[15,6],[71,-105],[87,7],[65,-65],[-31,-46],[5,0],[-3,-3],[-3,2],[-39,-58],[87,-40],[-3,-46],[103,19],[26,73],[246,-200],[0,-89],[58,34],[143,-77],[0,-71],[61,3],[36,-68],[129,6],[68,-46],[-13,-104],[-55,52],[-55,-19],[-29,-147],[55,-145],[-236,-68],[64,-31],[-100,-234],[-16,-363],[-91,-120],[78,-194],[-61,-204],[42,-147],[-88,-62],[-84,25],[84,-59],[75,-240],[-120,-274],[-171,-120],[223,80],[149,197],[45,419],[-91,129],[91,203],[420,-375],[20,-31]],[[101688,87538],[58,-93],[32,-351],[113,-138],[49,12],[-139,126],[6,432],[-94,105],[4,-13],[-39,37],[22,-8],[-90,100],[-65,136],[4,225],[-88,114],[110,280],[120,61],[77,28],[136,-188],[-126,210],[13,92],[58,34],[156,-434],[38,18],[-51,216],[168,-127],[-198,198],[30,255],[294,-360],[-152,379],[65,-10],[313,-409],[-35,126],[-123,133],[-10,129],[-129,148],[-149,55],[39,59],[84,27],[55,-52],[126,80],[197,-3],[-26,22],[71,37],[120,-124],[116,13],[-6,52],[194,-28],[184,-132],[851,-126]],[[104071,88881],[2,-34244]],[[59340,29019],[-10,50],[120,71],[-107,-6],[26,43],[-68,-27],[13,-62],[-51,18],[77,-87]],[[61318,36103],[24,19],[87,-55],[104,83],[48,-136],[71,68],[62,-12],[-42,30],[-104,-40],[-39,204],[126,-13],[7,87],[94,-31],[-17,46],[133,40],[26,86],[48,3],[-51,-3],[-23,-83],[-136,-40],[16,-46],[-93,37],[-7,-90],[-129,13],[-126,-123],[-97,43],[18,-87]],[[64145,70857],[-22,-42],[55,15],[-33,27]],[[66362,70775],[-63,0],[39,-37],[24,37]],[[89190,86284],[81,-30],[42,67],[-91,0],[-32,-37]],[[68077,26328],[-9,22],[16,-25],[-7,3]],[[68155,26347],[-68,9],[87,3],[-19,-12]],[[52663,57184],[-88,-311],[-22,129],[84,339],[-23,157],[97,241],[33,-210],[-81,-345]],[[56663,65450],[-4,3],[4,3],[0,-6]],[[56003,65570],[19,37],[-9,-34],[-10,-3]],[[55990,65536],[-3,3],[6,10],[-3,-13]],[[56052,65586],[-4,3],[4,3],[0,-6]],[[56161,65644],[-9,43],[16,-9],[-7,-34]],[[56815,65715],[-33,9],[17,13],[16,-22]],[[56155,65718],[3,6],[0,-3],[-3,-3]],[[56550,65629],[-4,3],[0,3],[4,-6]],[[56792,65601],[-3,3],[3,3],[0,-6]],[[56779,65604],[-3,6],[6,-3],[-3,-3]],[[56795,65740],[-3,3],[3,0],[0,-3]],[[52737,58043],[45,315],[65,110],[16,-151],[-87,-206],[39,-197],[-101,-160],[23,289]],[[54402,58031],[-68,77],[78,3],[-10,-80]],[[54338,58130],[26,3],[-42,-13],[16,10]],[[55191,56685],[-19,9],[-6,22],[25,-31]],[[53649,59285],[0,3],[3,3],[-3,-6]],[[55198,56682],[-3,9],[6,-9],[-3,0]],[[54334,58136],[-6,6],[10,-3],[-4,-3]],[[55275,56476],[-3,9],[7,-6],[-4,-3]],[[52847,58481],[-3,6],[6,0],[-3,-6]],[[52873,58333],[-3,3],[3,0],[0,-3]],[[55208,56673],[-4,0],[0,3],[4,-3]],[[57193,66904],[19,67],[101,-40],[-13,-166],[-107,139]],[[57410,66950],[-16,43],[42,9],[-26,-52]],[[57313,66768],[16,34],[6,-31],[-22,-3]],[[57151,66587],[-3,-50],[-20,0],[23,50]],[[57229,66664],[-7,-37],[-19,0],[26,37]],[[57145,66482],[-20,9],[10,12],[10,-21]],[[57174,66485],[-4,-22],[-9,28],[13,-6]],[[56931,67101],[-16,-12],[0,18],[16,-6]],[[57005,66035],[-16,13],[29,-3],[-13,-10]],[[56960,66048],[-13,12],[3,9],[10,-21]],[[57387,67295],[-23,15],[13,0],[10,-15]],[[56960,67184],[-3,15],[10,-3],[-7,-12]],[[57345,66953],[6,12],[4,-9],[-10,-3]],[[57148,67070],[3,9],[6,-3],[-9,-6]],[[56915,65983],[-13,0],[6,9],[7,-9]],[[56207,65863],[-3,3],[16,12],[-13,-15]],[[57248,67082],[0,7],[6,0],[-6,-7]],[[57232,66587],[-7,6],[4,3],[3,-9]],[[57086,66389],[0,7],[4,-7],[-4,0]],[[57031,66048],[-3,0],[7,3],[-4,-3]],[[56789,66352],[0,4],[6,-4],[-6,0]],[[57258,67172],[-7,3],[3,0],[4,-3]],[[57329,66762],[3,6],[0,-3],[-3,-3]],[[56947,66279],[0,3],[3,-3],[-3,0]],[[57154,66297],[-3,3],[3,0],[0,-3]],[[60174,68413],[30,71],[97,30],[-127,-101]],[[58716,68610],[49,34],[113,-22],[-162,-12]],[[56553,67840],[39,80],[103,80],[-142,-160]],[[56724,68028],[52,71],[55,6],[-107,-77]],[[59482,68191],[55,89],[52,13],[-107,-102]],[[57772,68089],[-58,124],[103,-108],[-45,-16]],[[60013,68662],[-10,-43],[-32,-12],[42,55]],[[59948,68533],[0,58],[16,-52],[-16,-6]],[[60132,68447],[4,21],[45,16],[-49,-37]],[[58014,68407],[26,21],[3,-28],[-29,7]],[[60550,68841],[9,18],[-6,-40],[-3,22]],[[58590,68200],[-10,10],[13,9],[-3,-19]],[[57342,67541],[-3,16],[19,-10],[-16,-6]],[[58043,67818],[-6,16],[13,3],[-7,-19]],[[59327,69032],[7,12],[19,-12],[-26,0]],[[57575,68166],[-7,19],[16,-12],[-9,-7]],[[59935,68453],[13,28],[7,-10],[-20,-18]],[[60427,69115],[-13,9],[6,9],[7,-18]],[[59224,68382],[-13,9],[13,3],[0,-12]],[[60459,68665],[0,10],[13,18],[-13,-28]],[[57316,67748],[-3,12],[9,-6],[-6,-6]],[[60239,69069],[16,18],[-3,-12],[-13,-6]],[[56921,67871],[0,-9],[-6,3],[6,6]],[[57212,68176],[-6,12],[10,-9],[-4,-3]],[[60103,68767],[4,6],[22,3],[-26,-9]],[[60934,69078],[-3,6],[3,6],[0,-12]],[[59499,68459],[0,6],[6,-3],[-6,-3]],[[60207,68736],[-3,6],[16,3],[-13,-9]],[[58347,68240],[-3,10],[7,-4],[-4,-6]],[[60482,68715],[-7,3],[7,3],[0,-6]],[[60731,69183],[0,6],[3,3],[-3,-9]],[[60191,68755],[-4,6],[7,3],[-3,-9]],[[59453,68425],[-3,6],[10,-3],[-7,-3]],[[60223,68930],[3,6],[3,-3],[-6,-3]],[[60449,68631],[-3,4],[10,3],[-7,-7]],[[57891,68145],[-6,3],[6,0],[0,-3]],[[60427,68554],[-7,0],[7,4],[0,-4]],[[57678,68040],[-3,3],[6,3],[-3,-6]],[[57339,67341],[-7,3],[7,0],[0,-3]],[[57507,67344],[-4,3],[7,-3],[-3,0]],[[60019,68662],[0,6],[3,-6],[-3,0]],[[60194,68745],[3,3],[-6,-6],[3,3]],[[58069,68336],[-3,0],[7,3],[-4,-3]],[[60427,68588],[-4,0],[0,3],[4,-3]],[[58716,68730],[0,3],[3,0],[-3,-3]],[[57853,68293],[-4,3],[7,0],[-3,-3]],[[57371,67554],[-3,3],[3,0],[0,-3]],[[60362,68745],[0,3],[3,-3],[-3,0]],[[60650,69127],[-3,3],[3,0],[0,-3]],[[59961,68477],[0,4],[3,-4],[-3,0]],[[59932,68444],[0,3],[3,0],[-3,-3]],[[60194,68884],[-3,0],[3,3],[0,-3]],[[59929,68462],[-4,3],[4,0],[0,-3]],[[60223,68918],[-3,0],[3,3],[0,-3]],[[58719,68712],[-3,0],[0,3],[3,-3]],[[52368,56122],[-9,-136],[97,-175],[123,-465],[123,-216],[-17,-89],[149,-62],[-97,-105],[36,-169],[68,25],[-23,86],[55,-6],[-3,-114],[108,-64],[5,2],[-3,-3],[-1,0],[10,-6],[0,-83],[52,-22],[58,-212],[-71,-176],[-23,86],[-90,37],[-146,311],[-281,281],[-84,218],[-184,247],[45,95],[-188,431],[20,247],[139,151],[68,-59],[97,3],[-33,-58]],[[55295,55068],[6,40],[4,-157],[-130,31],[-71,59],[52,-10],[-71,170],[87,46],[97,-49],[26,-130]],[[54548,46987],[-13,90],[61,43],[23,-77],[-71,-56]],[[54658,47104],[-7,46],[88,13],[-81,-59]],[[54234,47545],[20,40],[26,-25],[-46,-15]],[[54797,52959],[32,37],[10,-40],[-42,3]],[[55172,54508],[-136,120],[104,-46],[32,-74]],[[55169,54462],[-39,-83],[39,107],[0,-24]],[[55117,53501],[10,58],[9,-107],[-19,49]],[[53423,53661],[3,-25],[-23,22],[20,3]],[[54613,54345],[35,111],[13,-16],[-48,-95]],[[54606,54265],[-3,77],[6,-90],[-3,13]],[[55107,46344],[4,18],[32,0],[-36,-18]],[[53972,53402],[-3,16],[16,3],[-13,-19]],[[54425,53036],[10,18],[3,-15],[-13,-3]],[[55647,55675],[-9,19],[19,-16],[-10,-3]],[[54829,47000],[0,46],[7,-34],[-7,-12]],[[54642,54508],[9,34],[0,-28],[-9,-6]],[[55101,55044],[-13,9],[0,9],[13,-18]],[[55178,53239],[-3,25],[10,-22],[-7,-3]],[[54613,54385],[3,21],[6,-9],[-9,-12]],[[55178,53230],[-12,6],[0,18],[12,-24]],[[55020,46359],[-3,22],[9,3],[-6,-25]],[[56310,54138],[-3,6],[13,4],[-10,-10]],[[55130,53565],[3,16],[7,6],[-10,-22]],[[55017,46393],[-7,18],[10,-12],[-3,-6]],[[54642,47061],[-4,6],[13,13],[-9,-19]],[[55166,53261],[0,6],[6,6],[-6,-12]],[[55292,55108],[3,13],[3,-9],[-6,-4]],[[54425,52922],[-10,6],[13,6],[-3,-12]],[[55166,46402],[0,12],[3,-9],[-3,-3]],[[56333,54369],[-3,10],[0,24],[3,-34]],[[53555,54006],[-10,6],[7,3],[3,-9]],[[54671,54015],[0,16],[3,-4],[-3,-12]],[[54635,47046],[3,9],[4,0],[-7,-9]],[[54642,54459],[-10,9],[6,0],[4,-9]],[[56310,54277],[-19,12],[6,-3],[13,-9]],[[53976,53923],[-4,9],[7,-6],[-3,-3]],[[55162,46424],[7,12],[-3,-12],[-4,0]],[[55136,55238],[0,3],[10,0],[-10,-3]],[[54810,46941],[-3,3],[3,6],[0,-9]],[[54571,52990],[-10,0],[0,6],[10,-6]],[[55088,46393],[-7,6],[10,3],[-3,-9]],[[55140,54677],[0,-9],[-4,6],[4,3]],[[54677,47070],[0,7],[7,3],[-7,-10]],[[55010,46414],[-6,3],[0,4],[6,-7]],[[53959,53390],[0,3],[7,3],[-7,-6]],[[54959,47040],[0,6],[3,3],[-3,-9]],[[54923,46984],[3,6],[3,0],[-6,-6]],[[55169,46439],[0,12],[3,-3],[-3,-9]],[[55188,46531],[-6,4],[6,0],[0,-4]],[[54567,52953],[-3,6],[3,-3],[0,-3]],[[55117,46411],[0,6],[3,0],[-3,-6]],[[54483,52743],[0,3],[3,0],[-3,-3]],[[54942,47006],[0,9],[4,-3],[-4,-6]],[[54237,53125],[-3,3],[3,3],[0,-6]],[[55159,54412],[7,7],[0,-4],[-7,-3]],[[53950,53649],[3,6],[0,-3],[-3,-3]],[[54871,47009],[-6,0],[0,6],[6,-6]],[[55143,53436],[-3,6],[3,3],[0,-9]],[[53672,54351],[-4,6],[7,-3],[-3,-3]],[[54176,53131],[0,3],[3,0],[-3,-3]],[[54166,53507],[4,6],[0,-3],[-4,-3]],[[54697,47003],[-4,-3],[0,3],[4,0]],[[54331,53353],[-3,3],[6,0],[-3,-3]],[[54800,53267],[-3,0],[0,3],[3,-3]],[[54732,47006],[0,3],[3,0],[-3,-3]],[[55670,55697],[0,6],[3,-3],[-3,-3]],[[53956,53935],[3,-3],[-6,0],[3,3]],[[54173,53504],[-3,3],[3,3],[0,-6]],[[55263,54760],[-7,7],[7,-3],[0,-4]],[[54648,47083],[-3,3],[3,0],[0,-3]],[[54677,52833],[-3,6],[3,0],[0,-6]],[[54331,53378],[0,6],[3,-3],[-3,-3]],[[54192,54342],[3,6],[0,-3],[-3,-3]],[[54438,52808],[-3,3],[6,3],[-3,-6]],[[54619,47030],[-3,3],[3,0],[0,-3]],[[54160,53267],[0,6],[3,-6],[-3,0]],[[53985,53584],[-3,3],[3,0],[0,-3]],[[52837,54911],[0,3],[4,0],[-4,-3]],[[54671,47049],[-3,6],[3,0],[0,-6]],[[54519,47061],[0,3],[6,0],[-6,-3]],[[54635,47012],[-3,3],[6,0],[-3,-3]],[[55573,55817],[0,3],[3,-3],[-3,0]],[[53963,53710],[-4,6],[4,-3],[0,-3]],[[53096,54249],[-3,0],[6,3],[-3,-3]],[[54587,47015],[3,3],[0,-3],[-3,0]],[[56313,54317],[0,3],[4,0],[-4,-3]],[[54486,52595],[-3,7],[3,-4],[0,-3]],[[53636,54317],[3,6],[0,-3],[-3,-3]],[[53607,54456],[0,3],[6,0],[-6,-3]],[[56301,54295],[-4,0],[0,3],[4,-3]],[[54826,47049],[0,6],[3,-3],[-3,-3]],[[54322,53242],[0,6],[3,-3],[-3,-3]],[[55088,46408],[0,3],[3,0],[-3,-3]],[[54671,52842],[-3,0],[3,3],[0,-3]],[[54299,53134],[0,3],[3,-3],[-3,0]],[[54723,46950],[0,3],[3,-3],[-3,0]],[[54800,47027],[0,-3],[-3,0],[3,3]],[[56310,54292],[0,3],[3,0],[-3,-3]],[[59838,70624],[353,431],[122,-37],[-35,-37],[58,-228],[-90,-110],[-4,-84],[-71,-24],[-13,-83],[-84,-68],[-68,-28],[-16,68],[-68,24],[-84,-27],[39,-6],[-42,-50],[-45,99],[48,160]],[[64695,71579],[94,160],[106,68],[-77,-114],[-7,-93],[84,31],[-38,-92],[-168,-28],[6,68]],[[63809,71249],[36,-12],[-39,-40],[-278,37],[74,77],[87,6],[36,-55],[90,101],[10,-52],[100,28],[-116,-90]],[[63961,70991],[-13,-53],[42,65],[136,9],[-149,-142],[-77,-15],[42,49],[-55,28],[13,46],[61,13]],[[64006,71286],[207,142],[-132,-191],[-110,-9],[35,58]],[[65012,71850],[-236,95],[-55,77],[391,-203],[-100,31]],[[67563,71132],[20,108],[87,-59],[-32,-83],[-75,34]],[[64003,71711],[29,-58],[-55,-59],[-52,-24],[-64,46],[142,95]],[[60482,71606],[-13,148],[45,0],[6,83],[42,-126],[-42,-71],[30,13],[-33,-96],[-22,37],[-17,-37],[4,49]],[[60516,71639],[21,91],[-39,6],[-16,-111],[34,14]],[[64158,71283],[75,34],[-46,-139],[-103,-12],[74,117]],[[64575,71539],[52,111],[78,27],[-94,-163],[-36,25]],[[64653,71736],[91,64],[-46,-98],[-87,-46],[42,80]],[[60601,71905],[-26,43],[107,-64],[0,-65],[-81,86]],[[65484,71185],[-97,-31],[165,61],[-68,-30]],[[65507,71751],[16,37],[-13,-111],[-3,74]],[[59845,70273],[-7,83],[45,-37],[-61,-95],[23,49]],[[61649,70187],[61,37],[4,-56],[-65,19]],[[70124,72124],[7,31],[74,-3],[-81,-28]],[[64672,71807],[59,24],[-68,-80],[9,56]],[[64213,71080],[0,28],[71,18],[-71,-46]],[[64213,71514],[52,49],[-7,-46],[-45,-3]],[[59851,70113],[-32,83],[71,-59],[-39,-24]],[[68000,71452],[90,71],[-38,-49],[-52,-22]],[[62538,70233],[-16,-40],[-16,37],[32,3]],[[63440,71083],[42,21],[10,-43],[-52,22]],[[60465,71995],[55,6],[23,-34],[-78,28]],[[65161,71794],[19,-52],[-48,46],[29,6]],[[64165,71502],[-13,18],[48,-6],[-35,-12]],[[64087,71403],[42,22],[-6,-28],[-36,6]],[[60637,71120],[-10,18],[55,-61],[-45,43]],[[62816,70609],[7,34],[9,-53],[-16,19]],[[81762,82795],[-29,3],[110,6],[-81,-9]],[[64689,71844],[-36,-10],[36,28],[0,-18]],[[62600,70168],[-4,65],[13,-31],[-9,-34]],[[61555,69996],[0,-31],[-16,28],[16,3]],[[60495,71914],[6,-37],[-29,0],[23,37]],[[81872,82789],[-23,15],[49,-18],[-26,3]],[[68233,71643],[42,40],[-20,-30],[-22,-10]],[[64142,71034],[29,-3],[-16,-13],[-13,16]],[[67770,71295],[-10,25],[30,-15],[-20,-10]],[[63030,70716],[0,22],[16,-34],[-16,12]],[[71402,73445],[-7,22],[19,-19],[-12,-3]],[[67411,71129],[46,31],[16,0],[-62,-31]],[[62157,70304],[-17,21],[13,3],[4,-24]],[[60575,71767],[-6,-31],[-16,21],[22,10]],[[65824,71388],[12,40],[0,-34],[-12,-6]],[[64181,71049],[10,15],[13,-6],[-23,-9]],[[60459,71961],[0,18],[26,-6],[-26,-12]],[[64701,71887],[26,46],[0,-19],[-26,-27]],[[64744,71690],[-7,12],[19,21],[-12,-33]],[[64818,71856],[-23,18],[36,-21],[-13,3]],[[60491,71794],[7,37],[13,-21],[-20,-16]],[[64242,71449],[-29,-15],[26,25],[3,-10]],[[61597,70094],[-22,6],[19,13],[3,-19]],[[60857,69411],[-4,6],[33,37],[-29,-43]],[[64779,71853],[3,15],[13,3],[-16,-18]],[[64061,71696],[-6,21],[26,-18],[-20,-3]],[[60608,71132],[-16,19],[12,9],[4,-28]],[[64123,71520],[-4,9],[20,10],[-16,-19]],[[60682,71071],[-16,-28],[-3,12],[19,16]],[[64753,71834],[-6,13],[26,6],[-20,-19]],[[63803,71446],[-17,13],[23,3],[-6,-16]],[[62244,70581],[-16,12],[32,-12],[-16,0]],[[61458,69780],[10,16],[13,-13],[-23,-3]],[[84798,84341],[20,22],[-3,-22],[-17,0]],[[64110,71101],[-10,10],[26,-13],[-16,3]],[[60559,71483],[-6,16],[9,9],[-3,-25]],[[67702,71292],[46,19],[-26,-13],[-20,-6]],[[67505,71138],[-16,7],[19,9],[-3,-16]],[[64039,71659],[25,12],[-9,-12],[-16,0]],[[60918,69700],[-16,12],[6,13],[10,-25]],[[72051,74375],[-3,19],[7,-28],[-4,9]],[[68271,71650],[-9,6],[16,6],[-7,-12]],[[64142,71545],[-3,12],[6,6],[-3,-18]],[[65976,71089],[-13,-12],[0,12],[13,0]],[[64533,71440],[20,22],[0,-16],[-20,-6]],[[61174,69214],[-7,6],[20,3],[-13,-9]],[[84064,83103],[23,15],[-10,-21],[-13,6]],[[62949,70461],[-3,12],[19,-3],[-16,-9]],[[61979,70141],[-3,9],[12,-13],[-9,4]],[[60475,71163],[3,9],[20,-3],[-23,-6]],[[65138,71074],[-3,15],[13,6],[-10,-21]],[[64643,71914],[-19,16],[10,-3],[9,-13]],[[64310,71114],[16,12],[-16,-25],[0,13]],[[64026,71733],[-10,12],[13,6],[-3,-18]],[[60711,71797],[-10,16],[10,3],[0,-19]],[[61529,69876],[-22,9],[13,0],[9,-9]],[[66118,71009],[0,9],[10,-6],[-10,-3]],[[69979,72121],[9,12],[13,0],[-22,-12]],[[60501,71918],[0,15],[10,9],[-10,-24]],[[64178,71089],[-13,9],[19,0],[-6,-9]],[[63764,71634],[9,13],[4,-4],[-13,-9]],[[81975,82712],[4,9],[13,-6],[-17,-3]],[[73908,73088],[-7,12],[13,-3],[-6,-9]],[[60556,71529],[3,16],[-3,-25],[0,9]],[[71114,73051],[-7,6],[13,0],[-6,-6]],[[84090,83066],[3,9],[10,0],[-13,-9]],[[60488,71942],[-13,-6],[3,15],[10,-9]],[[58871,69214],[0,12],[10,-9],[-10,-3]],[[67098,71015],[16,6],[0,-6],[-16,0]],[[64740,71828],[0,13],[7,-10],[-7,-3]],[[61345,69700],[-10,3],[4,9],[6,-12]],[[69154,71979],[-10,19],[10,-10],[0,-9]],[[61167,69589],[-13,6],[7,0],[6,-6]],[[61242,69321],[-10,3],[13,7],[-3,-10]],[[60297,69220],[-9,3],[6,6],[3,-9]],[[61322,69318],[-9,6],[6,7],[3,-13]],[[60566,71582],[-13,15],[6,0],[7,-15]],[[83240,82478],[6,9],[0,-9],[-6,0]],[[62661,70559],[-6,13],[6,3],[0,-16]],[[61836,70405],[0,7],[7,-13],[-7,6]],[[80284,76762],[4,6],[6,3],[-10,-9]],[[60676,71696],[-4,6],[4,6],[0,-12]],[[60514,71911],[6,-9],[-9,0],[3,9]],[[63867,70914],[-3,6],[6,3],[-3,-9]],[[58891,69214],[-4,6],[7,0],[-3,-6]],[[64275,71508],[-7,3],[10,3],[-3,-6]],[[61381,69445],[-7,3],[7,3],[0,-6]],[[74011,73128],[0,3],[13,3],[-13,-6]],[[73157,73082],[-3,6],[7,3],[-4,-9]],[[63427,71095],[-6,9],[10,-3],[-4,-6]],[[61500,69614],[-3,6],[0,3],[3,-9]],[[84423,84243],[-6,6],[13,-3],[-7,-3]],[[71256,72420],[-10,6],[0,3],[10,-9]],[[84624,84261],[3,9],[7,-3],[-10,-6]],[[80750,77242],[3,13],[0,-6],[-3,-7]],[[80802,77704],[3,6],[6,0],[-9,-6]],[[60650,71157],[-7,3],[0,6],[7,-9]],[[60475,71930],[-6,-6],[-7,3],[13,3]],[[67482,71166],[-3,-9],[-3,6],[6,3]],[[82072,82647],[-3,13],[7,-10],[-4,-3]],[[63893,70978],[-6,6],[6,0],[0,-6]],[[60550,71625],[0,6],[6,3],[-6,-9]],[[73326,73069],[16,10],[-4,-4],[-12,-6]],[[84676,83941],[-4,-3],[-9,3],[13,0]],[[65115,71071],[-9,0],[6,3],[3,-3]],[[83253,82487],[-7,6],[7,0],[0,-6]],[[60669,71754],[7,10],[3,-4],[-10,-6]],[[60546,71265],[-3,6],[7,-6],[-4,0]],[[61785,69765],[-3,6],[6,0],[-3,-6]],[[60750,71773],[-3,9],[6,-3],[-3,-6]],[[60621,71138],[0,13],[3,-6],[-3,-7]],[[80572,77483],[-6,3],[3,0],[3,-3]],[[82406,81887],[3,6],[3,-3],[-6,-3]],[[68368,71647],[-6,3],[10,0],[-4,-3]],[[60614,71154],[-3,3],[6,3],[-3,-6]],[[60517,71166],[-3,3],[10,0],[-7,-3]],[[84866,84578],[-3,-3],[-3,3],[6,0]],[[59893,70153],[0,3],[7,0],[-7,-3]],[[60931,69531],[-3,6],[0,3],[3,-9]],[[84847,84206],[-3,3],[6,3],[-3,-6]],[[82263,81834],[-3,6],[3,0],[0,-6]],[[60569,71166],[-7,6],[7,0],[0,-6]],[[83246,82496],[-3,0],[-3,7],[6,-7]],[[80779,77683],[-3,3],[6,0],[-3,-3]],[[80818,77735],[0,3],[6,0],[-6,-3]],[[66043,71095],[-3,3],[3,0],[0,-3]],[[82425,81933],[-3,0],[3,3],[0,-3]],[[60427,71117],[-4,3],[7,0],[-3,-3]],[[60653,71141],[3,4],[0,-4],[-3,0]],[[84805,83457],[0,6],[3,-3],[-3,-3]],[[60588,71317],[0,3],[4,0],[-4,-3]],[[64048,71058],[0,3],[4,0],[-4,-3]],[[68378,71422],[0,3],[3,0],[-3,-3]],[[60543,71160],[0,6],[3,-3],[-3,-3]],[[60524,71178],[0,3],[3,-3],[-3,0]],[[60598,71178],[0,3],[3,-3],[-3,0]],[[60598,71289],[-3,0],[0,3],[3,-3]],[[60611,71160],[-3,3],[3,3],[0,-6]],[[60543,71172],[-3,0],[3,3],[0,-3]],[[60640,71169],[-3,3],[3,3],[0,-6]],[[60598,71298],[-3,4],[3,0],[0,-4]],[[60559,71243],[-3,3],[3,0],[0,-3]],[[60511,71172],[0,3],[3,0],[-3,-3]],[[60569,71228],[-3,3],[3,0],[0,-3]],[[68346,71643],[0,4],[3,0],[-3,-4]],[[60653,71141],[0,-3],[-3,0],[3,3]],[[81930,82780],[0,3],[3,0],[-3,-3]],[[60656,71012],[-3,3],[3,0],[0,-3]],[[60556,71154],[-3,3],[3,0],[0,-3]],[[60617,71163],[0,3],[4,-3],[-4,0]],[[60637,71175],[-3,0],[0,3],[3,-3]],[[60669,71031],[-3,0],[0,3],[3,-3]],[[60546,36174],[55,-34],[-97,-70],[-64,46],[-188,-40],[197,117],[97,-19]],[[60963,35552],[-29,123],[126,-274],[-61,3],[-36,148]],[[69992,27123],[-68,89],[149,-52],[-33,-49],[-48,12]],[[82199,29581],[-20,80],[97,-46],[-52,-117],[-25,83]],[[84132,30030],[91,19],[-159,-65],[68,46]],[[80139,29889],[-23,21],[75,46],[-52,-67]],[[81461,29926],[-19,-47],[-68,3],[87,44]],[[81445,30092],[20,49],[55,-31],[-75,-18]],[[55447,45531],[10,70],[122,102],[-122,-120],[-17,-142],[7,90]],[[80362,29990],[32,25],[36,-37],[-68,12]],[[81280,29846],[88,0],[-81,-28],[-7,28]],[[81878,29895],[-29,12],[75,-12],[-46,0]],[[81604,29562],[22,-15],[-71,9],[49,6]],[[68640,26717],[-13,15],[97,-15]],[[68724,26717],[-84,0]],[[81403,29809],[-6,-25],[-42,15],[48,10]],[[84016,29953],[29,37],[16,-27],[-45,-10]],[[68592,26772],[32,22],[39,-13],[-71,-9]],[[80753,30224],[16,25],[33,-25],[-49,0]],[[81403,30021],[13,34],[32,-19],[-45,-15]],[[81022,30224],[12,28],[23,-12],[-35,-16]],[[63618,26812],[45,18],[-19,-24],[-26,6]],[[81458,29618],[-68,24],[36,3],[32,-27]],[[81432,29790],[26,15],[49,-12],[-75,-3]],[[81348,29633],[20,12],[12,-24],[-32,12]],[[81406,30234],[-19,12],[45,6],[-26,-18]],[[84546,29741],[23,37],[-3,-31],[-20,-6]],[[81106,30234],[35,18],[-9,-22],[-26,4]],[[73684,28845],[-16,18],[49,-25],[-33,7]],[[54878,46276],[-13,-28],[-13,43],[26,-15]],[[81390,28540],[10,18],[26,-12],[-36,-6]],[[81510,29528],[-33,16],[52,-6],[-19,-10]],[[81749,29799],[20,16],[19,-19],[-39,3]],[[81804,29679],[7,25],[25,3],[-32,-28]],[[73604,28848],[29,3],[-49,-13],[20,10]],[[80397,30024],[-3,19],[23,3],[-20,-22]],[[83120,30113],[-16,4],[42,0],[-26,-4]],[[81762,29380],[0,16],[26,-9],[-26,-7]],[[83162,29713],[0,12],[36,0],[-36,-12]],[[79347,30409],[-17,-21],[-13,0],[30,21]],[[82215,29975],[19,0],[-26,-16],[7,16]],[[82422,29947],[6,19],[20,-13],[-26,-6]],[[83877,30311],[-10,-19],[7,31],[3,-12]],[[83482,30000],[-3,-19],[-16,22],[19,-3]],[[84155,30086],[16,21],[0,-12],[-16,-9]],[[83531,29990],[-3,13],[22,3],[-19,-16]],[[69190,26907],[-16,22],[22,-12],[-6,-10]],[[81959,29762],[16,7],[-22,-25],[6,18]],[[58794,41333],[22,18],[10,-6],[-32,-12]],[[64407,26763],[7,-13],[-23,3],[16,10]],[[84061,30098],[-3,25],[13,-6],[-10,-19]],[[81714,29870],[19,-15],[-13,-3],[-6,18]],[[84113,30249],[-16,6],[22,3],[-6,-9]],[[83178,29990],[7,10],[-13,-28],[6,18]],[[84119,29719],[26,19],[-13,-19],[-13,0]],[[83560,30024],[-3,16],[16,-7],[-13,-9]],[[83334,29978],[-13,9],[22,0],[-9,-9]],[[61096,34400],[3,13],[13,-13],[-16,0]],[[84245,30234],[7,15],[10,-3],[-17,-12]],[[74263,29873],[0,19],[16,0],[-16,-19]],[[81891,29944],[20,-3],[-36,-3],[16,6]],[[55282,45678],[-7,-12],[10,22],[-3,-10]],[[62147,27329],[0,10],[23,-19],[-23,9]],[[84203,30095],[-3,12],[13,6],[-10,-18]],[[82541,29667],[13,18],[-16,-27],[3,9]],[[82189,29886],[-13,15],[19,-6],[-6,-9]],[[83747,30021],[-3,-12],[-3,24],[6,-12]],[[83033,29399],[16,0],[-10,-12],[-6,12]],[[55101,45740],[10,12],[3,-18],[-13,6]],[[60941,35789],[6,-18],[-19,15],[13,3]],[[70632,27831],[6,13],[10,-6],[-16,-7]],[[83725,30246],[-7,9],[17,3],[-10,-12]],[[81707,29337],[0,-9],[-16,19],[16,-10]],[[81096,30264],[-10,-12],[0,15],[10,-3]],[[82832,30046],[4,12],[16,0],[-20,-12]],[[65756,26723],[16,-13],[-20,0],[4,13]],[[73730,28820],[-23,9],[29,-3],[-6,-6]],[[82748,30138],[23,3],[-13,-9],[-10,6]],[[82431,30144],[-6,13],[16,-13],[-10,0]],[[82554,29362],[0,9],[13,0],[-13,-9]],[[69057,26871],[7,6],[9,-13],[-16,7]],[[81707,29938],[0,9],[23,0],[-23,-9]],[[54936,46156],[-13,3],[26,9],[-13,-12]],[[81507,30363],[6,12],[7,-6],[-13,-6]],[[70971,28167],[7,9],[6,-12],[-13,3]],[[80705,30249],[-20,-3],[13,12],[7,-9]],[[81497,30015],[13,12],[0,-12],[-13,0]],[[83062,30138],[-3,12],[13,-6],[-10,-6]],[[83544,30012],[19,3],[-16,-6],[-3,3]],[[61025,35220],[19,-3],[-16,-13],[-3,16]],[[82949,30150],[-13,3],[22,0],[-9,-3]],[[84032,30107],[7,10],[6,-7],[-13,-3]],[[54955,46171],[-6,12],[23,3],[-17,-15]],[[82399,29932],[13,-6],[-6,-3],[-7,9]],[[59434,28752],[6,-6],[-19,9],[13,-3]],[[58836,29310],[6,9],[10,-12],[-16,3]],[[68307,26726],[19,0],[-13,-6],[-6,6]],[[81216,29578],[6,6],[7,-3],[-13,-3]],[[55036,46325],[-6,19],[9,-10],[-3,-9]],[[83292,29969],[3,9],[9,-3],[-12,-6]],[[82412,30110],[-6,16],[19,-22],[-13,6]],[[58761,41296],[-16,-15],[-3,6],[19,9]],[[55544,45811],[6,6],[17,-3],[-23,-3]],[[81672,29313],[-4,9],[13,-6],[-9,-3]],[[82351,30012],[-13,9],[9,3],[4,-12]],[[67511,26760],[-9,-3],[-3,9],[12,-6]],[[67812,26590],[-3,-9],[-3,6],[6,3]],[[68052,26556],[6,3],[6,-6],[-12,3]],[[55693,46014],[9,-6],[-16,3],[7,3]],[[81322,29624],[10,-3],[0,-6],[-10,9]],[[55486,45805],[3,12],[3,-9],[-6,-3]],[[80265,29953],[0,6],[13,0],[-13,-6]],[[83757,30036],[-3,10],[10,-3],[-7,-7]],[[66095,26834],[7,-4],[-20,-3],[13,7]],[[59337,29103],[10,10],[-4,-13],[-6,3]],[[82561,29350],[-10,3],[13,3],[-3,-6]],[[54875,46230],[-7,3],[7,9],[0,-12]],[[81591,29870],[3,9],[3,-6],[-6,-3]],[[83544,29978],[-3,6],[12,0],[-9,-6]],[[59819,39211],[0,12],[6,-9],[-6,-3]],[[72171,28441],[-13,3],[7,3],[6,-6]],[[84252,30027],[13,-3],[-10,-6],[-3,9]],[[58855,40917],[10,0],[-7,-12],[-3,12]],[[69005,26830],[17,-3],[-13,-3],[-4,6]],[[81642,29285],[-3,9],[7,-3],[-4,-6]],[[59136,40221],[10,-9],[-6,0],[-4,9]],[[83751,30153],[-10,10],[13,-3],[-3,-7]],[[83638,29941],[-4,3],[13,3],[-9,-6]],[[81083,30295],[0,-3],[-10,6],[10,-3]],[[82425,29932],[-3,6],[13,-6],[-10,0]],[[82192,29956],[3,7],[7,-4],[-10,-3]],[[84055,30237],[6,-3],[-13,6],[7,-3]],[[84084,30061],[-10,6],[13,-3],[-3,-3]],[[83867,29855],[3,3],[10,0],[-13,-3]],[[81474,29476],[3,6],[7,-6],[-10,0]],[[59301,28823],[7,12],[0,-9],[-7,-3]],[[84575,30286],[0,15],[4,-9],[-4,-6]],[[81403,28583],[0,12],[3,-6],[-3,-6]],[[80152,29864],[0,6],[6,0],[-6,-6]],[[84242,29990],[0,6],[7,0],[-7,-6]],[[80291,30304],[6,10],[3,-7],[-9,-3]],[[81316,30443],[-10,3],[20,0],[-10,-3]],[[81678,29325],[3,6],[3,0],[-6,-6]],[[62014,27382],[10,0],[-6,-6],[-4,6]],[[55026,46236],[-3,6],[10,3],[-7,-9]],[[82464,29544],[-7,0],[0,9],[7,-9]],[[80992,29818],[0,6],[7,0],[-7,-6]],[[80459,30009],[-10,3],[10,3],[0,-6]],[[81083,29556],[-6,3],[12,0],[-6,-3]],[[84763,29645],[-3,7],[9,0],[-6,-7]],[[82218,29907],[-3,6],[6,0],[-3,-6]],[[80853,30271],[-13,0],[7,6],[6,-6]],[[81371,29611],[0,-6],[-3,0],[3,6]],[[81102,29581],[-3,3],[7,3],[-4,-6]],[[82978,30141],[-13,3],[13,0],[0,-3]],[[81018,29864],[0,6],[7,-3],[-7,-3]],[[55230,45706],[0,9],[10,0],[-10,-9]],[[84081,30271],[9,9],[3,0],[-12,-9]],[[83612,30234],[0,9],[3,-3],[-3,-6]],[[83072,29396],[0,3],[6,0],[-6,-3]],[[81338,30372],[-3,6],[10,-3],[-7,-3]],[[84171,29593],[-3,6],[6,0],[-3,-6]],[[68042,26556],[-3,7],[9,-4],[-6,-3]],[[55521,45792],[3,6],[0,-6],[-3,0]],[[82406,30030],[-7,6],[10,0],[-3,-6]],[[80317,29932],[-4,6],[10,-3],[-6,-3]],[[81636,29815],[0,6],[6,-3],[-6,-3]],[[58946,40705],[0,6],[3,-6],[-3,0]],[[84579,30274],[6,12],[-3,-9],[-3,-3]],[[84459,30113],[6,7],[7,0],[-13,-7]],[[82538,29636],[3,6],[7,-3],[-10,-3]],[[72905,28512],[3,6],[10,0],[-13,-6]],[[67366,26695],[-3,-3],[-3,6],[6,-3]],[[81335,29624],[0,6],[10,-6],[-10,0]],[[82425,30015],[-3,6],[6,6],[-3,-12]],[[83288,29990],[-3,6],[7,0],[-4,-6]],[[83473,30021],[-4,6],[7,-3],[-3,-3]],[[82121,29534],[-3,7],[6,0],[-3,-7]],[[84333,30104],[-3,3],[6,3],[-3,-6]],[[59411,39759],[-6,3],[0,6],[6,-9]],[[72672,28441],[-6,6],[6,0],[0,-6]],[[82127,28866],[4,3],[3,0],[-7,-3]],[[82147,29593],[0,-6],[-3,0],[3,6]],[[82124,29534],[7,-3],[-4,-3],[-3,6]],[[70625,27831],[0,-6],[-6,0],[6,6]],[[64394,26710],[0,-6],[-9,3],[9,3]],[[67453,26689],[0,6],[7,0],[-7,-6]],[[83010,29396],[0,6],[3,-6],[-3,0]],[[82396,30049],[0,3],[6,6],[-6,-9]],[[81186,29565],[4,3],[3,-3],[-7,0]],[[81064,29849],[-4,3],[10,-6],[-6,3]],[[82137,29186],[0,7],[7,0],[-7,-7]],[[55567,45789],[0,3],[6,0],[-6,-3]],[[63602,26815],[3,3],[4,0],[-7,-3]],[[81416,29618],[3,6],[4,-6],[-7,0]],[[82069,29944],[0,6],[3,-3],[-3,-3]],[[83356,30200],[-3,6],[6,0],[-3,-6]],[[82105,29858],[-3,-6],[0,3],[3,3]],[[80313,29910],[4,6],[3,0],[-7,-6]],[[55460,45798],[-3,4],[9,3],[-6,-7]],[[80294,29944],[-3,-3],[-7,0],[10,3]],[[81827,29673],[0,6],[9,0],[-9,-6]],[[83398,30240],[-3,0],[10,3],[-7,-3]],[[81917,29310],[0,-3],[-6,0],[6,3]],[[81791,29692],[3,6],[0,-6],[-3,0]],[[59460,28721],[3,4],[3,-4],[-6,0]],[[55450,45786],[-3,3],[6,3],[-3,-6]],[[61112,34422],[0,-3],[-6,-3],[6,6]],[[81843,29556],[0,6],[3,-6],[-3,0]],[[58823,41447],[-3,-6],[3,9],[0,-3]],[[55153,45651],[-4,3],[7,0],[-3,-3]],[[54852,46196],[-3,3],[6,3],[-3,-6]],[[81064,30215],[-4,0],[10,3],[-6,-3]],[[55311,45734],[-3,0],[3,6],[0,-6]],[[73057,28697],[0,3],[10,-3],[-10,0]],[[61073,34416],[13,3],[-9,-3],[-4,0]],[[82131,28854],[0,-6],[-7,0],[7,6]],[[64381,26769],[10,3],[-13,-6],[3,3]],[[58703,41478],[0,6],[3,-6],[-3,0]],[[81251,29445],[-3,3],[6,-3],[-3,0]],[[81911,29365],[-3,6],[6,0],[-3,-6]],[[77338,30301],[4,6],[3,0],[-7,-6]],[[55162,45657],[4,6],[3,0],[-7,-6]],[[83657,29947],[0,6],[3,0],[-3,-6]],[[58609,41887],[0,6],[4,0],[-4,-6]],[[59136,40221],[-9,6],[6,-3],[3,-3]],[[83275,29963],[-3,3],[10,-3],[-7,0]],[[69714,27077],[0,3],[3,0],[-3,-3]],[[55440,45774],[-3,3],[7,6],[-4,-9]],[[80840,30277],[-9,-3],[0,3],[9,0]],[[81956,29759],[-3,0],[0,6],[3,-6]],[[83764,30311],[0,6],[3,-3],[-3,-3]],[[84336,30064],[-3,6],[6,-3],[-3,-3]],[[82137,29531],[0,3],[3,4],[-3,-7]],[[54875,46085],[0,6],[3,-3],[-3,-3]],[[83088,30104],[0,6],[3,0],[-3,-6]],[[81384,30018],[0,3],[3,0],[-3,-3]],[[83570,30040],[-4,3],[7,0],[-3,-3]],[[67363,26686],[6,3],[0,-6],[-6,3]],[[81924,29328],[-3,3],[6,3],[-3,-6]],[[81038,30258],[-4,0],[10,3],[-6,-3]],[[58616,41912],[0,3],[3,3],[-3,-6]],[[84362,30101],[-3,0],[6,3],[-3,-3]],[[81552,30381],[-3,-3],[-4,3],[7,0]],[[81529,29528],[0,-3],[-3,0],[3,3]],[[68410,26683],[7,3],[0,-3],[-7,0]],[[60579,36094],[-4,3],[7,-3],[-3,0]],[[80336,29454],[0,-3],[-3,0],[3,3]],[[81930,29898],[0,3],[3,0],[-3,-3]],[[82538,30043],[0,3],[3,3],[-3,-6]],[[72174,28450],[-3,-3],[-3,0],[6,3]],[[67521,26757],[-3,0],[-3,3],[6,-3]],[[81516,29793],[0,-6],[-3,0],[3,6]],[[83453,30009],[0,3],[3,3],[-3,-6]],[[54875,46217],[-4,3],[4,0],[0,-3]],[[83146,30157],[-3,0],[6,3],[-3,-3]],[[72158,28457],[3,3],[4,0],[-7,-3]],[[81345,30218],[-7,3],[7,0],[0,-3]],[[81804,29932],[0,3],[3,3],[-3,-6]],[[81335,30215],[0,6],[3,-3],[-3,-3]],[[55576,45783],[0,6],[3,-3],[-3,-3]],[[82247,29886],[0,6],[3,-3],[-3,-3]],[[83828,30311],[4,3],[3,0],[-7,-3]],[[82399,30040],[-3,3],[0,3],[3,-6]],[[84643,30292],[0,3],[3,0],[-3,-3]],[[58761,41665],[4,4],[0,-4],[-4,0]],[[69707,27092],[3,3],[0,-6],[-3,3]],[[81510,30064],[6,0],[-3,-3],[-3,3]],[[82412,29941],[0,-3],[-3,3],[3,0]],[[80992,30255],[-6,3],[6,0],[0,-3]],[[83741,30144],[-3,3],[3,3],[0,-6]],[[83492,30030],[-3,6],[3,-3],[0,-3]],[[81355,30070],[-4,3],[7,0],[-3,-3]],[[81384,30212],[-7,0],[7,3],[0,-3]],[[55583,45706],[0,3],[3,0],[-3,-3]],[[81461,30043],[0,3],[4,-3],[-4,0]],[[80950,29048],[-3,3],[3,0],[0,-3]],[[58816,41354],[-3,0],[3,4],[0,-4]],[[83670,30261],[-3,3],[3,0],[0,-3]],[[55518,45805],[0,3],[3,0],[-3,-3]],[[80381,29448],[0,3],[7,0],[-7,-3]],[[80676,30230],[-4,0],[7,4],[-3,-4]],[[82399,30058],[-3,3],[3,0],[0,-3]],[[80271,29947],[4,-3],[-4,0],[0,3]],[[59166,40289],[3,6],[3,-3],[-6,-3]],[[60592,36113],[-4,3],[7,-3],[-3,0]],[[83883,29858],[0,3],[4,0],[-4,-3]],[[80853,30237],[-3,3],[3,0],[0,-3]],[[55576,45709],[3,3],[0,-3],[-3,0]],[[62137,27345],[-3,3],[6,-3],[-3,0]],[[55127,45672],[3,-3],[-6,0],[3,3]],[[69536,27206],[0,3],[3,-3],[-3,0]],[[68724,26717],[3,0],[-3,-4],[0,4]],[[84349,30089],[-3,0],[6,3],[-3,-3]],[[83553,30021],[-3,3],[7,0],[-4,-3]],[[61031,35254],[-3,0],[3,3],[0,-3]],[[83663,30206],[-3,0],[3,3],[0,-3]],[[58794,41237],[0,3],[3,0],[-3,-3]],[[73956,29753],[0,3],[3,0],[-3,-3]],[[67224,26523],[3,3],[3,-7],[-6,4]],[[55618,45851],[0,3],[3,0],[-3,-3]],[[54858,46211],[4,3],[0,-3],[-4,0]],[[84352,30061],[0,3],[3,0],[-3,-3]],[[58813,31355],[3,-3],[-3,0],[0,3]],[[75343,30132],[0,-3],[-3,0],[3,3]],[[58790,40954],[-3,3],[3,3],[0,-6]],[[62351,27369],[3,4],[0,-4],[-3,0]],[[81555,30384],[3,0],[-3,-3],[0,3]],[[81510,30064],[0,-3],[-3,0],[3,3]],[[58406,42907],[-4,3],[4,0],[0,-3]],[[84342,30058],[-3,3],[3,0],[0,-3]],[[83583,30027],[-4,0],[4,3],[0,-3]],[[58723,42512],[0,3],[3,0],[-3,-3]],[[55114,45706],[0,3],[3,0],[-3,-3]],[[58784,41225],[3,3],[0,-3],[-3,0]],[[59153,40267],[-4,3],[4,0],[0,-3]],[[62147,27329],[-3,-3],[0,3],[3,0]],[[54878,46245],[-3,3],[3,0],[0,-3]],[[81552,30381],[0,3],[3,0]],[[81555,30384],[-3,-3]],[[58784,41339],[3,3],[0,-3],[-3,0]],[[59311,28814],[3,3],[4,0],[-7,-3]],[[59298,28814],[0,3],[3,0],[-3,-3]],[[68313,26529],[4,3],[0,-3],[-4,0]],[[58658,42198],[-3,3],[3,0],[0,-3]],[[58787,41598],[0,3],[3,-3],[-3,0]],[[58875,29150],[0,3],[3,0],[-3,-3]],[[54975,46190],[-3,3],[3,0],[0,-3]],[[58790,40954],[-3,-3],[0,3],[3,0]],[[58794,29870],[-4,-3],[0,3],[4,0]],[[66111,26837],[0,3],[4,-3],[-4,0]],[[77096,30335],[3,3],[0,-3],[-3,0]],[[59321,28798],[-3,0],[3,4],[0,-4]],[[59314,28783],[0,3],[4,-3],[-4,0]],[[59431,28737],[0,3],[3,0],[-3,-3]],[[58794,29870],[-4,3],[4,0],[0,-3]],[[74208,29876],[-3,0],[3,3],[0,-3]],[[58797,29839],[-3,3],[3,0],[0,-3]],[[59466,28709],[3,0],[0,-3],[-3,3]],[[59466,28709],[-3,0],[3,3],[0,-3]],[[68640,26717],[0,-4],[-3,0],[3,4]],[[58881,29165],[-3,-3],[0,3],[3,0]],[[58910,29156],[0,3],[3,0],[-3,-3]],[[94810,92441],[-4,3],[4,0],[0,-3]],[[97264,92530],[-6,12],[6,-3],[0,-9]],[[97322,92533],[10,16],[6,-13],[-16,-3]],[[97484,92395],[0,6],[3,0],[-3,-6]],[[87764,31164],[0,6],[3,-3],[-3,-3]],[[87757,31161],[0,3],[3,0],[-3,-3]],[[87747,31148],[0,3],[4,0],[-4,-3]],[[87790,31133],[0,6],[3,-3],[-3,-3]],[[87738,31124],[-3,3],[3,0],[0,-3]],[[88207,30850],[22,18],[-9,-25],[-13,7]],[[87786,31099],[16,15],[0,-6],[-16,-9]],[[88158,30828],[3,-3],[-9,3],[6,0]],[[88430,30856],[-3,3],[6,3],[-3,-6]],[[87899,31117],[-6,4],[3,0],[3,-4]],[[87780,31121],[-3,0],[3,3],[0,-3]],[[87250,30871],[0,3],[3,-3],[-3,0]],[[86418,81474],[7,160],[32,-126],[-39,-34]],[[86034,81354],[-68,21],[-7,50],[75,-71]],[[86121,81304],[-19,50],[45,-37],[-26,-13]],[[86383,81329],[-10,77],[23,-43],[-13,-34]],[[86296,81114],[-49,37],[-23,49],[72,-86]],[[86347,81274],[-13,43],[26,-68],[-13,25]],[[86431,81372],[-13,34],[20,22],[-7,-56]],[[86047,81425],[-30,21],[-3,28],[33,-49]],[[86415,81425],[-6,30],[22,-18],[-16,-12]],[[86017,81345],[-25,6],[32,0],[-7,-6]],[[86037,81375],[-23,19],[20,-13],[3,-6]],[[86558,81292],[0,6],[6,-3],[-6,-3]],[[86412,81458],[-6,4],[0,3],[6,-7]],[[85953,81375],[-3,0],[0,3],[3,-3]],[[86852,82219],[-20,65],[42,-28],[-22,-37]],[[87599,82706],[42,27],[-7,-18],[-35,-9]],[[85681,82087],[-6,9],[42,-22],[-36,13]],[[86946,83088],[9,18],[10,-21],[-19,3]],[[87553,82746],[7,18],[16,-3],[-23,-15]],[[86415,83482],[-19,3],[35,6],[-16,-9]],[[87372,82647],[36,19],[-23,-16],[-13,-3]],[[86661,83211],[-10,3],[4,9],[6,-12]],[[86228,83408],[-4,6],[20,-3],[-16,-3]],[[86823,82275],[-7,12],[7,-3],[0,-9]],[[86503,83510],[-10,0],[19,3]],[[86512,83513],[-9,-3]],[[86406,83497],[3,6],[6,-6],[-9,0]],[[85128,82980],[-3,6],[6,-3],[-3,-3]],[[86461,83516],[-4,0],[4,3],[0,-3]],[[86868,82275],[-7,9],[4,-3],[3,-6]],[[86713,83177],[-7,6],[7,-3],[0,-3]],[[87369,82656],[-6,4],[9,0],[-3,-4]],[[87563,82770],[-3,7],[0,3],[3,-10]],[[86480,83510],[0,6],[3,0],[-3,-6]],[[86380,83491],[0,6],[3,-3],[-3,-3]],[[86871,82268],[-3,4],[3,0],[0,-4]],[[86389,83528],[-3,0],[3,3],[0,-3]],[[85329,29636],[-71,31],[-33,-52],[-51,43],[42,61],[145,28],[-32,-111]],[[86409,28872],[74,87],[-6,-71],[-84,-56],[16,40]],[[88375,30477],[-55,-62],[3,65],[52,-3]],[[85448,29913],[55,22],[-45,-34],[-10,12]],[[86380,29938],[-10,43],[32,-12],[-22,-31]],[[86596,29257],[33,40],[32,13],[-65,-53]],[[85277,29753],[-19,-25],[-13,22],[32,3]],[[86742,30338],[-26,6],[65,7],[-39,-13]],[[85597,29923],[20,27],[-4,-27],[-16,0]],[[85423,29775],[-4,30],[16,-24],[-12,-6]],[[84996,29695],[22,21],[0,-18],[-22,-3]],[[88210,30819],[10,-13],[-26,-6],[16,19]],[[85109,29485],[3,13],[26,-16],[-29,3]],[[87531,29664],[-3,18],[13,3],[-10,-21]],[[85423,29873],[-10,9],[42,-12],[-32,3]],[[88310,30431],[-6,18],[16,-9],[-10,-9]],[[84879,29618],[3,18],[20,-12],[-23,-6]],[[88414,30711],[0,12],[22,9],[-22,-21]],[[85119,30055],[-17,3],[17,12],[0,-15]],[[85429,29898],[0,9],[19,3],[-19,-12]],[[84889,29639],[3,16],[13,-7],[-16,-9]],[[85775,29485],[3,13],[13,-7],[-16,-6]],[[88029,30708],[-3,6],[13,6],[-10,-12]],[[85177,29926],[-10,3],[32,-3],[-22,0]],[[85144,30033],[0,13],[7,-6],[-7,-7]],[[87062,30548],[3,9],[16,12],[-19,-21]],[[85400,29818],[-7,3],[4,6],[3,-9]],[[85377,29981],[-9,3],[12,0],[-3,-3]],[[88187,30779],[-3,6],[6,3],[-3,-9]],[[85756,30234],[6,9],[3,-3],[-9,-6]],[[85503,29836],[-3,3],[7,7],[-4,-10]],[[88287,30446],[-3,3],[13,3],[-10,-6]],[[86415,29987],[-3,9],[6,-3],[-3,-6]],[[85051,30138],[13,9],[-4,-6],[-9,-3]],[[86448,30009],[0,6],[9,0],[-9,-6]],[[84895,29772],[-6,3],[10,0],[-4,-3]],[[85073,29759],[0,6],[10,0],[-10,-6]],[[87844,30529],[-6,0],[10,6],[-4,-6]],[[85125,30206],[-3,3],[6,6],[-3,-9]],[[85148,30150],[-4,0],[10,3],[-6,-3]],[[87583,29710],[0,6],[3,3],[-3,-9]],[[86331,29950],[-3,3],[6,3],[-3,-6]],[[85397,29830],[-10,3],[10,0],[0,-3]],[[86389,28888],[-3,6],[7,-3],[-4,-3]],[[86823,30458],[3,7],[3,0],[-6,-7]],[[85403,29805],[-6,4],[3,0],[3,-4]],[[85138,29984],[0,6],[3,-3],[-3,-3]],[[86457,30018],[-3,3],[7,0],[-4,-3]],[[85390,29839],[0,7],[3,-4],[-3,-3]],[[85148,30175],[-4,6],[7,0],[-3,-6]],[[87039,30517],[0,3],[4,3],[-4,-6]],[[86402,29972],[0,3],[4,3],[-4,-6]],[[86787,30452],[0,3],[3,0],[-3,-3]],[[85196,29827],[0,3],[3,0],[-3,-3]],[[85772,30243],[-3,3],[3,0],[0,-3]],[[88307,30797],[0,-3],[-3,3],[3,0]],[[87566,29719],[0,3],[4,0],[-4,-3]],[[85002,29713],[-3,3],[3,0],[0,-3]],[[88155,30809],[-3,4],[6,0],[-3,-4]],[[87498,29692],[4,6],[0,-3],[-4,-3]],[[88459,30566],[0,3],[3,0],[-3,-3]],[[85840,83633],[-36,166],[123,-154],[-7,-77],[-80,65]],[[86202,83491],[-58,40],[103,6],[62,-49],[16,62],[64,6],[-61,-93],[-126,28]],[[85781,84122],[55,-6],[-51,-61],[-4,67]],[[86341,83620],[29,25],[36,-52],[-43,-28],[-22,55]],[[84992,84119],[94,-30],[-126,27],[32,3]],[[85917,83808],[-22,31],[58,12],[6,-46],[-42,3]],[[86131,83793],[-78,21],[39,10],[39,-31]],[[86224,84159],[-35,19],[97,-28],[-62,9]],[[86215,83550],[13,37],[32,-4],[-45,-33]],[[86457,83571],[-3,22],[23,-28],[-20,6]],[[85161,84095],[6,15],[32,22],[-38,-37]],[[85904,83864],[-9,12],[29,-6],[-20,-6]],[[86098,83830],[-6,9],[32,-15],[-26,6]],[[85937,83895],[-55,9],[45,0],[10,-9]],[[86095,83999],[-32,19],[19,0],[13,-19]],[[86208,83916],[-29,3],[-6,9],[35,-12]],[[86412,83614],[-3,28],[9,15],[-6,-43]],[[84999,84052],[0,18],[16,3],[-16,-21]],[[86438,84156],[-26,19],[39,-16],[-13,-3]],[[84937,84052],[-3,15],[23,-22],[-20,7]],[[85904,83851],[-26,10],[0,9],[26,-19]],[[86270,84169],[-23,12],[16,6],[7,-18]],[[86849,84172],[-13,6],[25,0],[-12,-6]],[[85849,83888],[-16,7],[13,6],[3,-13]],[[84976,84153],[-6,16],[10,-7],[-4,-9]],[[86082,83836],[-16,6],[16,0],[0,-6]],[[86092,83981],[-3,9],[19,-3],[-16,-6]],[[86470,84036],[-19,9],[39,-9],[-20,0]],[[85691,83654],[-7,10],[17,3],[-10,-13]],[[89300,83904],[6,6],[13,-3],[-19,-3]],[[84954,84092],[-4,12],[13,-6],[-9,-6]],[[89290,83861],[-3,15],[9,-12],[-6,-3]],[[85817,83935],[-6,9],[22,-16],[-16,7]],[[84967,84076],[-7,16],[10,-7],[-3,-9]],[[86231,83913],[-23,15],[7,0],[16,-15]],[[85959,84039],[-3,6],[13,4],[-10,-10]],[[86845,84150],[16,6],[-3,-6],[-13,0]],[[86050,83805],[-10,6],[16,-3],[-6,-3]],[[85015,84049],[0,9],[7,3],[-7,-12]],[[86276,83550],[-6,21],[6,-15],[0,-6]],[[85988,83799],[4,9],[6,-3],[-10,-6]],[[85849,83913],[-6,9],[10,-3],[-4,-6]],[[84886,84212],[0,6],[6,3],[-6,-9]],[[86370,83919],[-16,6],[9,0],[7,-6]],[[86541,83901],[0,9],[7,-3],[-7,-6]],[[86005,83873],[-7,6],[10,0],[-3,-6]],[[86490,83565],[-10,9],[10,-6],[0,-3]],[[86043,84015],[-9,0],[-7,9],[16,-9]],[[86386,83562],[3,9],[7,0],[-10,-9]],[[90933,84239],[-7,4],[13,0],[-6,-4]],[[84937,84107],[-6,3],[3,3],[3,-6]],[[86338,83587],[-4,3],[0,9],[4,-12]],[[86499,83562],[-6,9],[6,-3],[0,-6]],[[86399,83648],[-3,9],[6,-6],[-3,-3]],[[84954,84061],[-4,3],[7,-3],[-3,0]],[[85794,84042],[0,3],[7,7],[-7,-10]],[[90499,84156],[-6,3],[3,3],[3,-6]],[[85862,83907],[-6,3],[6,0],[0,-3]],[[86528,83895],[-6,6],[6,-3],[0,-3]],[[86017,84021],[-3,3],[7,-3],[-4,0]],[[86021,83873],[0,3],[6,0],[-6,-3]],[[88960,84144],[-3,3],[6,3],[-3,-6]],[[85992,83848],[0,6],[6,-6],[-6,0]],[[86829,84144],[-6,3],[6,0],[0,-3]],[[84954,84135],[0,3],[3,0],[-3,-3]],[[86228,83895],[-4,6],[7,-3],[-3,-3]],[[85025,84070],[-3,3],[3,0],[0,-3]],[[86596,83701],[0,3],[4,-3],[-4,0]],[[85144,84079],[0,3],[4,0],[-4,-3]],[[85351,84098],[-3,3],[3,0],[0,-3]],[[85875,83904],[-3,3],[6,-3],[-3,0]],[[85089,84039],[-3,3],[7,0],[-4,-3]],[[88979,84141],[0,3],[4,0],[-4,-3]],[[86577,83919],[-3,0],[3,3],[0,-3]],[[85785,84150],[-4,0],[7,3],[-3,-3]],[[86212,83571],[-4,0],[4,3],[0,-3]],[[86551,83876],[-3,3],[6,0],[-3,-3]],[[84921,84156],[0,3],[4,0],[-4,-3]],[[86115,83882],[-4,3],[4,0],[0,-3]],[[85840,83922],[-4,0],[4,3],[0,-3]],[[86548,83913],[0,3],[3,0],[-3,-3]],[[86538,83876],[-3,3],[3,0],[0,-3]],[[86147,84714],[-39,37],[68,37],[78,-105],[132,-52],[-113,30],[32,-74],[-55,-33],[-32,126],[-45,21]],[[86173,84701],[-26,13]],[[85319,84233],[29,-12],[-61,-123],[-26,37],[-33,-37],[-19,132],[110,3]],[[87602,84578],[-149,126],[75,-30],[-13,37],[190,-136],[-103,3]],[[88682,84273],[10,-40],[48,13],[-39,-59],[-80,71],[-4,102],[65,-87]],[[87311,84600],[-45,77],[77,15],[10,49],[13,-73],[-55,-68]],[[88239,84637],[26,89],[103,-65],[-129,-24]],[[89736,84363],[130,15],[135,-25],[-265,10]],[[87505,84547],[-68,105],[84,-61],[-16,-44]],[[85794,84366],[26,-46],[-68,6],[-3,80],[45,-40]],[[85384,84178],[-75,-56],[46,102],[29,-46]],[[86402,84618],[33,-31],[-75,-12],[-6,6],[-23,-71],[-6,53],[29,18],[-62,56],[110,-19]],[[87502,84818],[-20,34],[65,-46],[-52,-49],[7,61]],[[86677,84344],[-71,80],[91,-55],[-20,-25]],[[90137,84307],[-61,28],[64,21],[33,-24],[-36,-25]],[[89335,84270],[-35,28],[103,37],[-68,-65]],[[86797,84369],[-29,-9],[-88,55],[117,-46]],[[86716,84169],[-39,27],[142,-55],[-103,28]],[[86082,84575],[3,49],[68,-24],[-71,-25]],[[86483,84708],[-48,46],[106,-65],[-58,19]],[[87385,84781],[-32,25],[32,46],[0,-71]],[[85054,84156],[52,40],[-29,-67],[-23,27]],[[85157,84129],[23,67],[26,-9],[-49,-58]],[[88113,84683],[52,-25],[-26,-12],[-26,37]],[[87744,84360],[-100,73],[100,-58],[0,-15]],[[86461,84637],[-26,21],[84,3],[-58,-24]],[[89034,84356],[26,22],[-16,-55],[-10,33]],[[88203,84720],[-25,-22],[-39,25],[64,-3]],[[86027,84591],[8,-12],[31,21],[10,-19],[-39,-5],[19,-29],[-48,10],[19,34]],[[85232,84313],[84,3],[-3,-12],[-81,9]],[[86629,84286],[-46,46],[75,-65],[-29,19]],[[85675,84440],[-10,46],[32,-46],[-22,0]],[[87515,84899],[42,-53],[-55,40],[13,13]],[[85157,84236],[20,-30],[-39,12],[19,18]],[[87395,84717],[-6,-34],[-17,55],[23,-21]],[[86797,84344],[-16,19],[61,-28],[-45,9]],[[89060,84289],[29,18],[-12,-28],[-17,10]],[[87311,84797],[3,-40],[-22,46],[19,-6]],[[85959,84258],[-55,25],[65,3],[-10,-28]],[[87169,84572],[-17,25],[39,-28],[-22,3]],[[89038,84307],[-36,16],[3,21],[33,-37]],[[87405,84578],[6,22],[26,-28],[-32,6]],[[87728,84732],[-26,19],[88,-25],[-62,6]],[[87295,84818],[-52,37],[36,-6],[16,-31]],[[86522,84637],[3,-34],[-26,0],[23,34]],[[85639,84464],[-3,25],[19,-3],[-16,-22]],[[89164,84433],[-16,10],[22,15],[-6,-25]],[[86030,84369],[-22,3],[13,37],[9,-40]],[[86878,84304],[-36,16],[39,-7],[-3,-9]],[[86431,84781],[-22,71],[19,-21],[3,-50]],[[86334,84276],[-80,34],[38,-12],[42,-22]],[[85093,84246],[16,-10],[-45,10],[29,0]],[[87324,84581],[0,22],[23,3],[-23,-25]],[[86684,84437],[-7,3],[52,-16],[-45,13]],[[87644,84510],[-32,4],[13,9],[19,-13]],[[89005,84246],[-16,3],[10,27],[6,-30]],[[88579,84575],[-10,25],[26,-16],[-16,-9]],[[86473,84741],[-6,22],[23,-28],[-17,6]],[[88611,84557],[-16,18],[32,-9],[-16,-9]],[[87460,84812],[3,13],[29,-16],[-32,3]],[[87421,84236],[13,16],[3,-19],[-16,3]],[[86622,84264],[-6,25],[22,-28],[-16,3]],[[86037,84258],[-10,9],[23,6],[-13,-15]],[[85587,84437],[-45,43],[32,-22],[13,-21]],[[87469,84788],[10,-19],[-32,12],[22,7]],[[85410,84292],[-46,9],[49,3],[-3,-12]],[[88048,84686],[-32,9],[35,0],[-3,-9]],[[90089,84286],[-42,12],[25,0],[17,-12]],[[88782,84212],[-6,12],[48,-18],[-42,6]],[[86034,84310],[-20,10],[55,-16],[-35,6]],[[86047,84464],[3,16],[16,3],[-19,-19]],[[86040,84889],[-6,19],[29,-13],[-23,-6]],[[85623,84489],[-13,15],[16,0],[-3,-15]],[[86425,84741],[36,-33],[3,-19],[-39,52]],[[86454,84664],[-3,13],[13,3],[-10,-16]],[[88397,84587],[7,22],[10,-6],[-17,-16]],[[88449,84587],[-6,13],[19,3],[-13,-16]],[[87427,84467],[-13,10],[13,6],[0,-16]],[[88650,84544],[-10,7],[19,0],[-9,-7]],[[85950,84551],[-13,3],[22,9],[-9,-12]],[[87363,84640],[-4,-25],[-9,6],[13,19]],[[86564,84307],[-32,13],[19,0],[13,-13]],[[88643,84375],[-13,3],[-3,15],[16,-18]],[[86095,84255],[-16,9],[29,-12],[-13,3]],[[87440,84708],[-3,18],[13,-15],[-10,-3]],[[88359,84603],[-17,12],[33,-3],[-16,-9]],[[86318,84704],[-16,7],[-6,12],[22,-19]],[[85875,84289],[3,12],[10,-9],[-13,-3]],[[86713,84375],[-33,12],[36,-6],[-3,-6]],[[85982,84372],[-3,-9],[-16,0],[19,9]],[[87479,84440],[-19,15],[16,0],[3,-15]],[[86030,84455],[-3,9],[16,3],[-13,-12]],[[87825,84714],[-29,9],[-3,3],[32,-12]],[[87395,84791],[-3,15],[3,9],[0,-24]],[[87531,84437],[-3,-16],[-4,12],[7,4]],[[88430,84581],[-13,6],[19,4],[-6,-10]],[[87285,84886],[-6,-6],[-7,15],[13,-9]],[[85536,84480],[-29,18],[29,-12],[0,-6]],[[89099,84477],[-6,6],[6,12],[0,-18]],[[88540,84504],[-10,13],[23,-13],[-13,0]],[[87524,84353],[-9,19],[16,-19],[-7,0]],[[88084,84692],[-10,6],[-3,13],[13,-19]],[[85199,84199],[-13,4],[4,9],[9,-13]],[[87334,84554],[-13,21],[16,-12],[-3,-9]],[[87508,84397],[-19,9],[6,0],[13,-9]],[[86108,84239],[-13,7],[20,0],[-7,-7]],[[85988,84905],[0,6],[13,0],[-13,-6]],[[87489,84378],[-3,12],[9,-3],[-6,-9]],[[86111,84834],[-3,9],[7,3],[-4,-12]],[[88540,84403],[0,6],[9,9],[-9,-15]],[[88766,84224],[-13,3],[7,9],[6,-12]],[[86092,84741],[6,16],[4,-9],[-10,-7]],[[86024,84899],[-3,12],[9,-3],[-6,-9]],[[85659,84486],[-4,9],[10,0],[-6,-9]],[[87282,84704],[-10,13],[7,6],[3,-19]],[[87288,84865],[-9,12],[13,-9],[-4,-3]],[[85668,84236],[-9,7],[16,-4],[-7,-3]],[[85969,84338],[3,9],[13,3],[-16,-12]],[[86231,84215],[-13,3],[6,3],[7,-6]],[[86144,84849],[-13,6],[13,3],[0,-9]],[[86008,84464],[-13,3],[22,0],[-9,-3]],[[88100,84698],[-3,10],[9,0],[-6,-10]],[[86512,84902],[-3,12],[6,-9],[-3,-3]],[[87424,84538],[-13,9],[13,-3],[0,-6]],[[85995,84569],[-16,15],[13,-9],[3,-6]],[[87266,84606],[-7,15],[3,-3],[4,-12]],[[87515,84409],[-4,15],[7,-9],[-3,-6]],[[87392,84483],[-10,18],[7,-3],[3,-15]],[[86072,84258],[-9,6],[9,3],[0,-9]],[[86153,84572],[13,15],[0,-9],[-13,-6]],[[86179,84224],[-3,12],[6,-3],[-3,-9]],[[86406,84763],[-10,25],[13,-22],[-3,-3]],[[85966,84538],[-7,13],[7,-7],[0,-6]],[[88210,84634],[-13,9],[16,-6],[-3,-3]],[[87505,84372],[-7,6],[7,0],[0,-6]],[[86111,84526],[7,12],[0,-9],[-7,-3]],[[85051,84196],[0,7],[9,-4],[-9,-3]],[[87469,84714],[-13,6],[10,-3],[3,-3]],[[87987,84689],[-7,3],[13,0],[-6,-3]],[[86561,84335],[-16,9],[16,-6],[0,-3]],[[85649,84489],[-10,3],[10,3],[0,-6]],[[86360,84547],[3,7],[7,0],[-10,-7]],[[86021,84418],[0,6],[3,6],[-3,-12]],[[87201,84723],[-6,6],[9,-3],[-3,-3]],[[87262,84902],[-3,9],[7,-6],[-4,-3]],[[86228,84517],[-4,9],[4,3],[0,-12]],[[86477,84424],[9,-9],[-13,12],[4,-3]],[[86577,84323],[-13,9],[6,0],[7,-9]],[[86305,84258],[-13,6],[17,-6],[-4,0]],[[88666,84520],[0,9],[3,-3],[-3,-6]],[[87453,84440],[-9,12],[6,-6],[3,-6]],[[85726,84209],[-9,6],[9,-3],[0,-3]],[[87304,84591],[-9,6],[6,-3],[3,-3]],[[87379,84643],[0,6],[6,6],[-6,-12]],[[86040,84381],[0,6],[7,-3],[-7,-3]],[[87201,84575],[-3,9],[9,-6],[-6,-3]],[[85688,84480],[0,9],[6,-6],[-6,-3]],[[86541,84624],[-6,0],[6,7],[0,-7]],[[86257,84701],[-7,7],[10,-4],[-3,-3]],[[86473,84360],[-6,0],[0,6],[6,-6]],[[87382,84661],[-6,13],[6,-6],[0,-7]],[[85769,84889],[0,-9],[-7,3],[7,6]],[[86299,84708],[-7,3],[-3,9],[10,-12]],[[88549,84483],[-13,6],[13,-3],[0,-3]],[[86648,84329],[-6,3],[9,-3],[-3,0]],[[86506,84390],[-3,10],[6,-3],[-3,-7]],[[88245,84708],[4,6],[3,-6],[-7,0]],[[86661,84446],[0,6],[6,-3],[-6,-3]],[[88165,84646],[0,6],[9,0],[-9,-6]],[[85995,84381],[0,9],[3,-3],[-3,-6]],[[87942,84689],[-7,3],[13,-3],[-6,0]],[[86415,84809],[-3,13],[3,-4],[0,-9]],[[86218,84554],[-3,6],[6,0],[-3,-6]],[[85992,84372],[-7,6],[7,0],[0,-6]],[[85995,84264],[-7,3],[10,0],[-3,-3]],[[86118,84834],[3,9],[3,-6],[-6,-3]],[[86525,84378],[-6,9],[9,-3],[-3,-6]],[[86570,84714],[-3,6],[3,-3],[0,-3]],[[88530,84409],[0,9],[3,0],[-3,-9]],[[86493,84409],[-3,6],[6,-6],[-3,0]],[[86499,84384],[-3,6],[3,3],[0,-9]],[[85649,84501],[-7,6],[7,-3],[0,-3]],[[87440,84563],[0,3],[7,3],[-7,-6]],[[87282,84794],[-3,3],[3,6],[0,-9]],[[86176,84695],[-7,6],[4,0]],[[86173,84701],[3,-6]],[[84970,84526],[-10,3],[3,3],[7,-6]],[[87152,84615],[-3,6],[3,3],[0,-9]],[[85769,84889],[6,6],[-3,-6],[-3,0]],[[85959,84360],[-6,3],[3,0],[3,-3]],[[85759,84883],[-3,6],[6,-3],[-3,-3]],[[85089,84227],[-3,0],[3,3],[0,-3]],[[87308,84855],[0,3],[3,-3],[-3,0]],[[86454,84785],[-6,3],[9,0],[-3,-3]],[[86224,84295],[-6,9],[6,-6],[0,-3]],[[89720,84372],[0,3],[10,0],[-10,-3]],[[86441,84409],[-3,6],[6,-3],[-3,-3]],[[85995,84347],[0,9],[3,-6],[-3,-3]],[[86266,84255],[4,3],[6,-3],[-10,0]],[[85998,84270],[-6,3],[6,0],[0,-3]],[[86166,84914],[-3,0],[0,6],[3,-6]],[[87508,84446],[-3,6],[6,-3],[-3,-3]],[[86454,84769],[0,3],[7,0],[-7,-3]],[[88184,84637],[0,3],[6,-3],[-6,0]],[[88233,84714],[0,6],[3,0],[-3,-6]],[[86360,84862],[-3,3],[6,-3],[-3,0]],[[86318,84209],[-3,3],[6,-3],[-3,0]],[[86192,84686],[-6,3],[3,0],[3,-3]],[[87379,84637],[0,3],[6,0],[-6,-3]],[[86936,84344],[-3,3],[3,0],[0,-3]],[[86425,84572],[3,6],[0,-3],[-3,-3]],[[86431,84406],[-6,6],[6,-3],[0,-3]],[[89119,84711],[-4,6],[4,0],[0,-6]],[[87359,84572],[0,3],[4,3],[-4,-6]],[[87492,84717],[-6,3],[3,0],[3,-3]],[[87528,84541],[-4,6],[4,-3],[0,-3]],[[87974,84689],[-7,3],[4,0],[3,-3]],[[86528,84326],[-3,3],[0,3],[3,-6]],[[87347,84569],[-4,3],[0,3],[4,-6]],[[87482,84708],[0,3],[4,0],[-4,-3]],[[85665,84230],[-3,3],[0,3],[3,-6]],[[87492,84704],[-3,7],[3,-3],[0,-4]],[[85963,84911],[-7,0],[7,3],[0,-3]],[[89138,84695],[-3,0],[3,3],[0,-3]],[[85099,84255],[0,3],[3,0],[-3,-3]],[[85707,84902],[-6,3],[6,0],[0,-3]],[[87376,84698],[0,6],[3,0],[-3,-6]],[[87379,84692],[0,3],[3,-3],[-3,0]],[[88553,84397],[-4,3],[0,3],[4,-6]],[[86218,84286],[0,6],[3,-3],[-3,-3]],[[87505,84704],[-3,4],[6,-4],[-3,0]],[[87925,84686],[-3,3],[7,0],[-4,-3]],[[87372,84668],[0,6],[4,-6],[-4,0]],[[89151,84455],[3,6],[0,-3],[-3,-3]],[[87819,84831],[-4,0],[7,3],[-3,-3]],[[85128,84221],[0,3],[3,0],[-3,-3]],[[85739,84206],[-3,3],[3,0],[0,-3]],[[86418,84748],[0,3],[4,-3],[-4,0]],[[86102,84741],[-4,0],[7,4],[-3,-4]],[[86092,84828],[0,3],[3,0],[-3,-3]],[[87498,84701],[0,3],[4,-3],[-4,0]],[[86464,84766],[3,3],[0,-3],[-3,0]],[[89177,84467],[0,3],[3,-3],[-3,0]],[[86224,84304],[-3,3],[3,0],[0,-3]],[[86499,84908],[0,3],[4,-3],[-4,0]],[[89529,87325],[20,56],[-84,-62],[6,-58],[-68,3],[14,30],[-1,4],[6,5],[39,84],[-48,-31],[-23,59],[65,30],[35,-37],[-35,68],[32,46],[84,-40],[-61,80],[123,13],[-133,37],[107,58],[45,-21],[0,46],[94,61],[-42,-30],[35,-123],[-42,-59],[110,6],[-32,-95],[33,1],[-1,2],[10,0],[-2,-2],[41,2],[64,-160],[97,-19],[-51,-34],[0,-3],[-3,0],[2,2],[-74,-48],[-294,-65],[-10,19],[-25,49],[48,40],[39,-61],[-7,61],[169,136],[-120,-62],[-29,86],[-26,-49],[-32,52],[22,-77],[-58,3],[-16,-52],[-23,49]],[[89122,87519],[-81,0],[-10,80],[55,-37],[7,62],[100,-3],[136,120],[48,-61],[-48,-7],[0,-80],[64,-24],[-93,-53],[32,50],[-81,-28],[29,31],[-45,40],[-35,-62],[3,-3],[-4,0],[0,2],[-32,-57],[-45,30]],[[90515,87778],[156,-55],[-49,-74],[-97,-31],[0,-49],[-68,58],[58,151]],[[87143,84954],[-174,119],[209,-30],[39,37],[26,-104],[-45,-4],[19,-33],[-35,55],[-62,-22],[58,-33],[-35,15]],[[89794,85582],[-174,-46],[45,89],[75,48],[3,5],[6,3],[-6,-6],[77,49],[-26,-142]],[[88811,87606],[-3,-56],[-77,31],[-85,-52],[-3,58],[78,43],[71,19],[19,-43]],[[88527,85675],[55,-102],[71,3],[3,-55],[-107,18],[-22,136]],[[88126,85096],[-39,12],[58,37],[-22,37],[103,-49],[-3,-59],[-36,49],[-1,-6],[4,0],[0,-3],[-4,2],[-8,-45],[-68,-9],[16,34]],[[86438,85123],[-13,47],[-58,-7],[13,90],[110,-62],[-46,3],[-6,-71]],[[89358,85542],[39,207],[19,-121],[-65,-150],[7,64]],[[89093,87350],[9,-68],[-110,71],[49,46],[52,-49]],[[88886,87421],[126,126],[19,-62],[-145,-64]],[[88207,84988],[0,-65],[-104,77],[23,34],[81,-46]],[[86600,85160],[139,-37],[-84,-9],[-97,68],[42,-22]],[[86338,85348],[16,31],[97,-89],[-71,-13],[-42,71]],[[85959,85019],[-35,18],[22,62],[88,-74],[-75,-6]],[[86095,85080],[-58,80],[29,37],[42,-31],[-36,-15],[23,-71]],[[85739,84932],[-29,53],[94,-59],[-65,6]],[[87188,84877],[-26,46],[117,-111],[-91,65]],[[86309,84942],[35,55],[13,-68],[-48,13]],[[89882,87639],[26,53],[58,-49],[-84,-4]],[[90661,87587],[19,52],[7,-86],[-65,-12],[39,46]],[[86069,84935],[68,19],[20,-46],[-88,27]],[[88640,85635],[-32,-28],[-23,74],[55,-46]],[[85177,86903],[29,-18],[-36,-25],[10,83],[-3,-40]],[[86920,85635],[16,-77],[-42,-25],[26,102]],[[86519,84942],[45,49],[29,-59],[-74,10]],[[85620,85317],[61,13],[-116,-31],[55,18]],[[90493,87824],[-62,13],[55,46],[7,-59]],[[90279,88773],[39,24],[-29,-107],[-10,83]],[[89859,87119],[-36,37],[81,25],[-45,-62]],[[90422,88462],[32,9],[-48,-68],[16,59]],[[89532,87827],[13,53],[23,-31],[-36,-22]],[[90700,88440],[-71,-6],[51,43],[20,-37]],[[89933,86032],[88,49],[-26,-31],[-62,-18]],[[90312,88662],[35,31],[20,-43],[-55,12]],[[89374,85351],[26,83],[19,-21],[-45,-62]],[[85985,85163],[-61,53],[97,-46],[-36,-7]],[[89144,87775],[49,34],[-13,-68],[-36,34]],[[89452,87137],[42,37],[38,-21],[-80,-16]],[[89345,85776],[-16,40],[35,19],[-19,-59]],[[85908,85253],[129,-43],[-149,40],[20,3]],[[89426,87529],[16,27],[39,-30],[-55,3]],[[90072,88680],[-22,-15],[-20,37],[42,-22]],[[89361,85878],[0,61],[3,-86],[-3,25]],[[88136,84895],[-17,25],[39,15],[-22,-40]],[[86157,84945],[-59,49],[52,-25],[7,-24]],[[88579,85598],[6,33],[26,-33],[-32,0]],[[88501,85564],[-36,27],[7,31],[8,-16],[5,7],[0,-15],[-2,1],[18,-35]],[[90144,88647],[-26,18],[-7,40],[33,-58]],[[85681,84988],[-16,28],[65,-19],[-49,-9]],[[89477,87079],[33,40],[10,-15],[-43,-25]],[[90221,88905],[-9,37],[54,0],[-45,-37]],[[89633,87772],[29,40],[3,-22],[-32,-18]],[[88511,87473],[61,22],[-3,-25],[-58,3]],[[89442,85490],[-10,18],[33,28],[-23,-46]],[[88614,87529],[26,-13],[-49,16],[23,-3]],[[89985,87972],[-3,40],[23,-21],[-20,-19]],[[90409,88699],[0,-46],[-16,40],[16,6]],[[90748,88677],[0,19],[26,-49],[-26,30]],[[88857,87390],[29,3],[9,-21],[-38,18]],[[89739,87692],[-3,31],[29,-40],[-26,9]],[[87922,85391],[42,3],[26,-18],[-68,15]],[[85843,85262],[39,-12],[-49,-10],[10,22]],[[90774,87676],[29,31],[7,-15],[-36,-16]],[[89422,85447],[0,34],[20,-16],[-20,-18]],[[88132,85508],[-22,19],[45,-19],[-23,0]],[[90700,88714],[13,6],[0,-33],[-13,27]],[[89005,87393],[4,19],[29,3],[-33,-22]],[[89494,87858],[-17,19],[13,9],[4,-28]],[[90891,88819],[-13,18],[6,16],[7,-34]],[[89164,87445],[3,25],[29,-12],[-32,-13]],[[89222,87843],[-3,12],[42,15],[-39,-27]],[[89940,87356],[-3,25],[19,-9],[-16,-16]],[[90551,88573],[10,33],[19,0],[-29,-33]],[[88226,85046],[-16,13],[23,15],[-7,-28]],[[86448,85231],[13,12],[25,-24],[-38,12]],[[89232,86820],[-4,25],[20,-19],[-16,-6]],[[90823,88782],[-10,22],[19,-16],[-9,-6]],[[88106,85157],[-9,16],[19,6],[-10,-22]],[[90157,88696],[-17,24],[13,0],[4,-24]],[[85885,85231],[29,-9],[-16,-3],[-13,12]],[[89574,87763],[-6,21],[16,0],[-10,-21]],[[89571,87790],[-6,10],[19,9],[-13,-19]],[[90719,87643],[-16,-10],[-10,13],[26,-3]],[[90913,89986],[-22,19],[19,3],[3,-22]],[[89196,86866],[-3,28],[16,-18],[-13,-10]],[[89264,87763],[0,15],[23,6],[-23,-21]],[[87450,85006],[-49,50],[46,-37],[3,-13]],[[90483,88459],[3,24],[7,-15],[-10,-9]],[[89199,87716],[0,10],[29,3],[-29,-13]],[[88928,87485],[6,25],[16,0],[-22,-25]],[[89778,87701],[3,22],[17,3],[-20,-25]],[[90632,88465],[-10,40],[20,-31],[-10,-9]],[[89406,85521],[-3,15],[19,15],[-16,-30]],[[86396,84945],[-26,43],[26,-25],[0,-18]],[[89697,86983],[-3,22],[13,3],[-10,-25]],[[89018,87676],[-6,13],[22,9],[-16,-22]],[[90525,87867],[7,28],[6,-9],[-13,-19]],[[90270,88958],[-7,12],[23,9],[-16,-21]],[[89371,87396],[13,-15],[-7,-9],[-6,24]],[[89510,87627],[-20,6],[23,13],[-3,-19]],[[90768,88831],[-13,16],[19,-3],[-6,-13]],[[87359,84960],[-16,6],[-13,10],[29,-16]],[[90871,87775],[0,15],[16,-3],[-16,-12]],[[86347,85240],[-19,7],[-23,18],[42,-25]],[[87350,84982],[-33,21],[23,-6],[10,-15]],[[90318,88403],[-9,0],[22,9],[-13,-9]],[[90444,88486],[-9,7],[25,12],[-16,-19]],[[89820,85551],[0,22],[10,-15],[-10,-7]],[[89419,85240],[-3,22],[13,-9],[-10,-13]],[[88692,87513],[-4,13],[17,-7],[-13,-6]],[[88022,85243],[-9,16],[13,-6],[-4,-10]],[[88844,87630],[6,13],[-10,-25],[4,12]],[[89523,85616],[-13,3],[26,9],[-13,-12]],[[90066,87661],[-13,9],[23,-3],[-10,-6]],[[87149,85089],[-13,7],[29,-3],[-16,-4]],[[86121,85133],[-6,15],[9,0],[-3,-15]],[[89009,85702],[-7,6],[13,19],[-6,-25]],[[89196,86833],[-6,6],[6,21],[0,-27]],[[86962,84963],[-23,19],[10,0],[13,-19]],[[89487,85595],[-10,15],[17,-3],[-7,-12]],[[88937,87387],[-9,15],[13,-6],[-4,-9]],[[90089,88034],[-23,3],[10,6],[13,-9]],[[86415,85345],[-3,9],[16,-6],[-13,-3]],[[87686,85216],[-3,27],[10,-9],[-7,-18]],[[90593,88437],[0,12],[13,-6],[-13,-6]],[[89626,88160],[13,9],[0,-6],[-13,-3]],[[90393,88948],[-10,16],[10,-3],[0,-13]],[[89397,87291],[-7,7],[16,6],[-9,-13]],[[90111,88776],[-9,6],[12,6],[-3,-12]],[[90224,88791],[4,13],[9,-3],[-13,-10]],[[90936,88280],[-10,12],[13,-3],[-3,-9]],[[86415,85468],[-16,0],[7,10],[9,-10]],[[86089,85037],[-4,16],[13,-13],[-9,-3]],[[89901,87510],[3,19],[10,3],[-13,-22]],[[90574,87806],[-4,18],[10,0],[-6,-18]],[[85804,85250],[-23,6],[20,3],[3,-9]],[[89794,86934],[0,9],[13,4],[-13,-13]],[[86755,85099],[-20,6],[17,9],[3,-15]],[[89416,87310],[-10,6],[10,6],[0,-12]],[[89371,85782],[3,-15],[-13,22],[10,-7]],[[89836,87042],[4,9],[9,-3],[-13,-6]],[[89468,87800],[-13,0],[22,3],[-9,-3]],[[89878,87110],[-9,3],[6,15],[3,-18]],[[88119,85182],[-13,15],[10,0],[3,-15]],[[90017,87981],[-9,6],[3,10],[6,-16]],[[89636,87760],[-7,6],[17,6],[-10,-12]],[[85549,85296],[-7,9],[10,6],[-3,-15]],[[86861,85089],[-12,4],[22,0],[-10,-4]],[[89749,87735],[0,9],[13,0],[-13,-9]],[[86461,85320],[-13,10],[6,6],[7,-16]],[[85849,85299],[-22,3],[-7,6],[29,-9]],[[89403,87519],[-13,10],[10,0],[3,-10]],[[90072,87057],[7,13],[6,-3],[-13,-10]],[[89387,86873],[-3,21],[9,-12],[-6,-9]],[[89866,88409],[-7,7],[7,9],[0,-16]],[[90777,88822],[-13,-15],[7,15],[6,0]],[[85853,85234],[-10,3],[13,3],[-3,-6]],[[89371,87304],[-3,9],[6,6],[-3,-15]],[[89494,87797],[3,12],[6,0],[-9,-12]],[[88740,87849],[0,15],[7,-6],[-7,-9]],[[90907,89912],[-7,10],[7,6],[0,-16]],[[90050,88040],[0,6],[6,9],[-6,-15]],[[85811,85317],[-20,7],[16,-4],[4,-3]],[[86105,85123],[-10,3],[10,7],[0,-10]],[[90244,88794],[-3,7],[6,6],[-3,-13]],[[89384,85745],[-7,-6],[-6,6],[13,0]],[[87359,84960],[7,3],[-3,-12],[-4,9]],[[89600,87797],[-6,3],[3,12],[3,-15]],[[90040,85872],[-10,6],[10,3],[0,-9]],[[89422,87550],[0,6],[17,3],[-17,-9]],[[87246,84914],[-9,9],[16,-6],[-7,-3]],[[86169,85000],[-16,12],[13,-3],[3,-9]],[[90926,89931],[-6,12],[6,-3],[0,-9]],[[89908,87199],[-7,3],[13,3],[-6,-6]],[[90528,87809],[7,6],[6,0],[-13,-6]],[[90321,87458],[-6,3],[10,9],[-4,-12]],[[87156,84923],[-7,6],[-3,6],[10,-12]],[[86719,85816],[10,16],[0,-6],[-10,-10]],[[89057,87421],[3,6],[13,-3],[-16,-3]],[[90884,90008],[-10,12],[13,-9],[-3,-3]],[[90021,87079],[-10,3],[3,9],[7,-12]],[[88081,85191],[-7,3],[0,9],[7,-12]],[[89238,87729],[3,6],[13,0],[-16,-6]],[[85794,85308],[0,3],[20,0],[-20,-3]],[[89652,87356],[-6,-9],[-4,12],[10,-3]],[[89840,87005],[9,12],[-3,-9],[-6,-3]],[[85830,85314],[-13,3],[13,0],[0,-3]],[[89128,87790],[3,13],[4,-10],[-7,-3]],[[90839,88185],[-7,12],[10,-9],[-3,-3]],[[90228,88271],[-4,9],[7,6],[-3,-15]],[[89985,87301],[-10,6],[4,6],[6,-12]],[[85623,85062],[-10,6],[7,0],[3,-6]],[[90836,88748],[-7,3],[7,6],[0,-9]],[[89135,86380],[6,-3],[-10,-6],[4,9]],[[89325,86491],[-6,3],[10,3],[-4,-6]],[[89471,87867],[-3,3],[6,10],[-3,-13]],[[89261,85638],[-3,6],[3,6],[0,-12]],[[88976,87526],[0,12],[7,-9],[-7,-3]],[[90095,88717],[3,13],[4,-6],[-7,-7]],[[89746,88542],[-7,3],[7,6],[0,-9]],[[90574,88471],[-4,9],[7,-6],[-3,-3]],[[90082,88705],[0,9],[7,-3],[-7,-6]],[[89435,87449],[-3,9],[13,-6],[-10,-3]],[[88530,85564],[-10,6],[4,3],[6,-9]],[[89380,85964],[-3,6],[3,6],[0,-12]],[[89988,87221],[4,12],[3,-3],[-7,-9]],[[88106,85502],[-9,6],[9,0],[0,-6]],[[86904,85508],[-7,3],[10,13],[-3,-16]],[[90913,88782],[-6,9],[0,6],[6,-15]],[[86787,84948],[-10,0],[7,6],[3,-6]],[[86102,85194],[-7,6],[13,-9],[-6,3]],[[89969,87190],[0,3],[6,3],[-6,-6]],[[86111,85185],[4,3],[9,3],[-13,-6]],[[85597,85320],[-6,7],[9,-3],[-3,-4]],[[89765,87599],[3,13],[0,-6],[-3,-7]],[[90939,88320],[7,12],[3,-6],[-10,-6]],[[89629,88542],[-3,9],[7,-3],[-4,-6]],[[90962,87375],[-4,6],[7,3],[-3,-9]],[[90030,87991],[-6,3],[10,3],[-4,-6]],[[90933,88770],[-13,6],[0,3],[13,-9]],[[90719,87652],[-6,6],[6,0],[0,-6]],[[86965,85835],[-10,3],[-3,3],[13,-6]],[[89830,85508],[-7,-6],[0,9],[7,-3]],[[90338,88542],[-10,3],[10,0],[0,-3]],[[86179,85019],[-3,3],[3,9],[0,-12]],[[90693,87541],[-6,3],[10,3],[-4,-6]],[[90545,87541],[-7,3],[0,6],[7,-9]],[[86140,84997],[-6,6],[13,0],[-7,-6]],[[89028,87433],[3,9],[3,-6],[-6,-3]],[[89199,87467],[7,-3],[-7,-3],[0,6]],[[88585,87492],[3,9],[3,-6],[-6,-3]],[[89571,88145],[0,6],[7,3],[-7,-9]],[[90024,87997],[-10,6],[3,0],[7,-6]],[[89271,87732],[0,3],[6,3],[-6,-6]],[[90153,87883],[-3,3],[7,3],[-4,-6]],[[87110,85083],[-6,10],[10,-10],[-4,0]],[[86199,84985],[-10,9],[3,0],[7,-9]],[[86069,84951],[-3,6],[10,0],[-7,-6]],[[86040,85025],[-3,9],[3,-3],[0,-6]],[[89846,88443],[-3,13],[3,-10],[0,-3]],[[89927,86947],[0,6],[3,-6],[-3,0]],[[86017,85000],[0,6],[4,-6],[-4,0]],[[89393,87797],[0,3],[4,3],[-4,-6]],[[90060,88031],[-4,9],[7,-6],[-3,-3]],[[90060,87202],[-4,3],[10,6],[-6,-9]],[[85607,85022],[-7,3],[4,3],[3,-6]],[[90085,86996],[7,9],[0,-3],[-7,-6]],[[89827,87011],[-4,6],[7,0],[-3,-6]],[[85811,84923],[0,3],[9,-3],[-9,0]],[[88026,85268],[3,6],[3,-3],[-6,-3]],[[89891,88440],[-3,9],[3,-3],[0,-6]],[[89319,87501],[-3,3],[3,3],[0,-6]],[[89458,87070],[7,6],[3,0],[-10,-6]],[[90008,87091],[0,6],[6,4],[-6,-10]],[[89668,87270],[-3,3],[6,3],[-3,-6]],[[89316,87365],[0,7],[6,-4],[-6,-3]],[[89248,87556],[-3,3],[9,0],[-6,-3]],[[88905,87473],[0,6],[3,-3],[-3,-3]],[[86060,85194],[-7,3],[7,0],[0,-3]],[[85730,84935],[0,-6],[-7,6],[7,0]],[[89963,87193],[0,6],[3,0],[-3,-6]],[[85788,84966],[0,3],[10,-3],[-10,0]],[[86380,85139],[-4,3],[0,6],[4,-9]],[[88882,85573],[7,6],[3,-3],[-10,-3]],[[89853,87704],[0,6],[3,3],[-3,-9]],[[90719,87492],[-6,6],[6,-3],[0,-3]],[[86845,85838],[-3,3],[0,6],[3,-9]],[[90538,88616],[-3,0],[3,9],[0,-9]],[[89885,87005],[0,6],[6,-3],[-6,-3]],[[90939,88767],[-3,9],[3,-3],[0,-6]],[[90900,88801],[0,3],[3,0],[-3,-3]],[[90933,87298],[-4,0],[10,3],[-6,-3]],[[90499,87572],[-3,-3],[-3,6],[6,-3]],[[89319,86866],[-3,4],[6,0],[-3,-4]],[[88954,88320],[0,3],[3,3],[-3,-6]],[[89833,86971],[0,6],[3,0],[-3,-6]],[[90561,88610],[0,3],[6,3],[-6,-6]],[[86386,84945],[-3,6],[3,0],[0,-6]],[[89368,85490],[-7,-9],[0,3],[7,6]],[[85940,85016],[-3,3],[6,3],[-3,-6]],[[89937,86075],[-7,9],[7,-6],[0,-3]],[[90664,87479],[0,3],[3,-3],[-3,0]],[[85707,84935],[-3,10],[3,-3],[0,-7]],[[89077,87415],[-4,0],[10,3],[-6,-3]],[[89390,87516],[-3,3],[0,3],[3,-6]],[[89170,87476],[0,3],[4,3],[-4,-6]],[[90163,87713],[0,-3],[-3,10],[3,-7]],[[86153,84994],[-6,3],[3,3],[3,-6]],[[88575,85635],[0,9],[4,-6],[-4,-3]],[[89878,85684],[0,3],[4,0],[-4,-3]],[[89199,86463],[-3,6],[3,-3],[0,-3]],[[86480,85333],[-3,0],[-4,6],[7,-6]],[[89109,87270],[-3,3],[3,3],[0,-6]],[[90163,87907],[0,7],[6,0],[-6,-7]],[[86891,85733],[0,6],[3,-3],[-3,-3]],[[89099,87492],[0,6],[3,-3],[-3,-3]],[[90008,87184],[-3,6],[3,3],[0,-9]],[[89002,85665],[0,7],[3,-7],[-3,0]],[[89348,85752],[-3,0],[0,3],[3,-3]],[[88879,85742],[-3,3],[0,4],[3,-7]],[[89225,86312],[0,3],[3,3],[-3,-6]],[[89241,86814],[4,6],[0,-3],[-4,-3]],[[90063,87174],[-3,4],[0,3],[3,-7]],[[89206,86950],[-3,6],[6,-3],[-3,-3]],[[90764,88431],[-3,6],[7,-3],[-4,-3]],[[89558,88135],[4,-3],[-7,-3],[3,6]],[[89364,85250],[-3,0],[3,3],[0,-3]],[[88818,85625],[-7,3],[7,0],[0,-3]],[[86060,84951],[-4,3],[7,0],[-3,-3]],[[89429,87464],[0,3],[3,-3],[-3,0]],[[85966,85250],[-3,3],[3,0],[0,-3]],[[85769,85256],[-7,3],[7,0],[0,-3]],[[89604,87772],[0,6],[3,0],[-3,-6]],[[90913,89931],[-6,0],[6,3],[0,-3]],[[88954,85653],[-4,0],[0,3],[4,-3]],[[87864,85197],[-3,0],[0,3],[3,-3]],[[90642,88520],[3,6],[0,-3],[-3,-3]],[[88501,87470],[-7,3],[7,0],[0,-3]],[[89500,85595],[-3,3],[6,3],[-3,-6]],[[89009,85687],[0,3],[3,6],[-3,-9]],[[89377,85946],[0,6],[3,0],[-3,-6]],[[90590,87618],[3,6],[3,0],[-6,-6]],[[89930,87399],[0,3],[3,3],[-3,-6]],[[90881,88662],[0,6],[3,-3],[-3,-3]],[[90393,88453],[-4,3],[4,3],[0,-6]],[[88155,84935],[-3,4],[3,0],[0,-4]],[[90082,85847],[-3,6],[3,-3],[0,-3]],[[90166,87861],[0,6],[3,-3],[-3,-3]],[[89186,87501],[-3,3],[3,0],[0,-3]],[[86325,85385],[-4,3],[4,0],[0,-3]],[[86671,85053],[-4,0],[4,3],[0,-3]],[[90625,87639],[4,-3],[-4,-3],[0,6]],[[85710,84988],[-3,3],[7,0],[-4,-3]],[[90929,88736],[-3,3],[3,3],[0,-6]],[[86115,85117],[-4,0],[4,3],[0,-3]],[[89526,88105],[-3,0],[6,3],[-3,-3]],[[89358,87599],[3,7],[0,-7],[-3,0]],[[85600,85022],[-3,0],[0,3],[3,-3]],[[89642,87809],[0,3],[4,3],[-4,-6]],[[89675,88009],[-4,3],[4,0],[0,-3]],[[89487,85508],[0,3],[3,3],[-3,-6]],[[88918,87479],[-3,3],[3,0],[0,-3]],[[89371,87624],[-3,3],[3,3],[0,-6]],[[89814,85678],[3,3],[3,0],[-6,-3]],[[88834,85628],[-3,3],[3,0],[0,-3]],[[88892,87396],[-3,0],[0,3],[3,-3]],[[86157,85022],[0,3],[3,0],[-3,-3]],[[85587,85034],[4,3],[0,-3],[-4,0]],[[90072,87094],[-3,3],[7,0],[-4,-3]],[[89251,86287],[0,4],[3,0],[-3,-4]],[[86111,85068],[-3,3],[3,0],[0,-3]],[[89452,85111],[-4,3],[4,3],[0,-6]],[[90768,88853],[0,3],[3,0],[-3,-3]],[[89465,85604],[0,3],[3,-3],[-3,0]],[[86082,84957],[-3,0],[3,3],[0,-3]],[[90719,87652],[3,-6],[-3,3],[0,3]],[[89836,85718],[0,3],[4,0],[-4,-3]],[[88925,87405],[3,3],[0,-3],[-3,0]],[[89849,88419],[0,3],[4,0],[-4,-3]],[[85872,85056],[-3,0],[0,3],[3,-3]],[[89306,86632],[-3,3],[3,0],[0,-3]],[[89300,86632],[-4,3],[4,0],[0,-3]],[[87702,85216],[-3,6],[3,-3],[0,-3]],[[89646,87359],[0,3],[3,0],[-3,-3]],[[89452,85610],[-4,3],[4,0],[0,-3]],[[89497,87051],[-3,6],[3,-3],[0,-3]],[[89814,87658],[-3,3],[3,3],[0,-6]],[[89371,85752],[-3,3],[3,0],[0,-3]],[[86477,85327],[-4,0],[0,3],[4,-3]],[[89002,85675],[-3,3],[3,0],[0,-3]],[[89930,86953],[0,3],[3,0],[-3,-3]],[[89093,87787],[0,3],[3,0],[-3,-3]],[[90564,87575],[0,3],[3,0],[-3,-3]],[[89487,87599],[0,4],[3,0],[-3,-4]],[[89558,87122],[0,3],[4,0],[-4,-3]],[[90625,87639],[0,4],[4,3],[-4,-7]],[[89128,86485],[3,3],[0,-3],[-3,0]],[[89374,85758],[0,3],[3,-3],[-3,0]],[[88899,87390],[-4,0],[4,3],[0,-3]],[[90726,87485],[-4,4],[4,3],[0,-7]],[[89856,85749],[0,3],[3,3],[-3,-6]],[[89617,87319],[-4,3],[4,0],[0,-3]],[[87676,84957],[-3,6],[3,0],[0,-6]],[[89422,85561],[0,3],[4,0],[-4,-3]],[[90535,87864],[0,3],[3,-3],[-3,0]],[[89368,85490],[3,3],[0,-3],[-3,0]],[[90538,87559],[-3,0],[3,3],[0,-3]],[[89649,87818],[-3,6],[3,-3],[0,-3]],[[89358,87621],[-3,3],[3,0],[0,-3]],[[88989,87442],[-3,3],[3,0],[0,-3]],[[90949,88314],[-3,3],[3,0],[0,-3]],[[90535,87553],[-3,0],[0,3],[3,-3]],[[89183,87495],[-3,0],[3,3],[0,-3]],[[89164,87482],[0,3],[3,-3],[-3,0]],[[88886,87415],[-4,3],[4,0],[0,-3]],[[89869,85675],[-3,3],[3,0],[0,-3]],[[89164,87482],[0,-3],[-3,0],[3,3]],[[90871,87747],[-3,3],[3,0],[0,-3]],[[89801,86934],[0,3],[3,0],[-3,-3]],[[90312,88412],[0,4],[3,-4],[-3,0]],[[90228,88271],[3,0],[0,-3],[-3,3]],[[89895,88446],[0,3],[3,0],[-3,-3]],[[91861,86796],[3,-3],[-3,0],[0,3]],[[91971,86709],[-4,0],[4,3],[0,-3]],[[91857,86808],[-3,0],[0,3],[3,-3]],[[91861,86796],[-4,6],[4,0],[0,-6]],[[91676,86919],[-6,3],[0,6],[6,-9]],[[91634,86940],[-9,7],[6,0],[3,-7]],[[91670,86903],[0,3],[3,-3],[-3,0]],[[91612,86956],[-4,3],[4,0],[0,-3]],[[90978,87387],[6,40],[97,28],[-103,-68]],[[91149,87159],[-3,15],[32,13],[-29,-28]],[[91324,87174],[-10,7],[10,0],[0,-7]],[[91123,87489],[-9,6],[9,-3],[0,-3]],[[91570,87014],[-10,6],[10,0],[0,-6]],[[91563,87482],[0,3],[13,4],[-13,-7]],[[91136,87159],[0,6],[4,6],[-4,-12]],[[91004,87291],[0,4],[3,-4],[-3,0]],[[91301,86977],[-3,3],[3,0],[0,-3]],[[91133,87165],[-3,0],[3,3],[0,-3]],[[91207,87516],[42,-18],[-54,-126],[-78,-19],[-7,62],[97,101]],[[101688,87538],[32,3],[23,-74],[-55,71]],[[101646,87609],[-23,34],[71,-53],[-48,19]],[[101713,87599],[33,-15],[22,-49],[-55,64]],[[91275,87532],[26,30],[-9,-46],[-17,16]],[[91159,87858],[13,31],[13,-31],[-26,0]],[[91169,87516],[29,10],[-13,-19],[-16,9]],[[101135,87781],[6,22],[26,3],[-32,-25]],[[101167,87676],[10,16],[16,-6],[-26,-10]],[[101752,87538],[16,-6],[-3,-25],[-13,31]],[[101604,87707],[6,0],[6,-12],[-12,12]],[[91195,87870],[-4,4],[0,6],[4,-10]],[[91204,87529],[0,3],[7,3],[-7,-6]],[[91201,87858],[-3,3],[3,0],[0,-3]],[[91641,87519],[0,3],[3,-3],[-3,0]],[[91046,87849],[-3,6],[6,-3],[-3,-3]],[[91233,87556],[-3,3],[3,0],[0,-3]],[[91550,87507],[0,3],[3,3],[-3,-6]],[[91256,87532],[0,3],[3,0],[-3,-3]],[[91043,87886],[0,3],[3,0],[-3,-3]],[[91224,87578],[-4,3],[4,0],[0,-3]],[[101245,88028],[-42,107],[35,253],[87,-37],[39,-139],[120,-104],[-10,-191],[-229,111]],[[91709,88357],[9,-55],[68,30],[94,-40],[-45,-83],[39,-6],[-136,-71],[-62,25],[23,111],[-36,-13],[-49,96],[-2,0],[0,3],[2,-2],[-15,30],[42,-19],[32,83],[36,-89]],[[90845,88446],[33,37],[-75,16],[75,71],[-126,-74],[-17,58],[39,83],[29,-49],[71,15],[33,68],[-42,80],[93,-132],[-51,-133],[94,10],[-46,-43],[46,-37],[-62,-56],[-94,86]],[[91017,88255],[-23,50],[65,80],[22,-68],[-103,-111],[39,49]],[[101445,87883],[0,-25],[-116,99],[116,-74]],[[90946,88289],[55,96],[-26,-96],[-29,0]],[[91935,88218],[-65,-3],[65,56],[0,-53]],[[101167,87981],[36,3],[-46,-80],[10,77]],[[92278,88440],[42,40],[-20,-61],[-22,21]],[[92265,88271],[55,-3],[-29,-22],[-26,25]],[[92216,88188],[-13,46],[20,-12],[-7,-34]],[[92339,88120],[-9,12],[45,-21],[-36,9]],[[91055,87929],[10,31],[7,-16],[-17,-15]],[[92572,88095],[-19,3],[51,0],[-32,-3]],[[92113,88283],[-10,31],[20,-19],[-10,-12]],[[92498,88077],[9,15],[20,-6],[-29,-9]],[[101199,88496],[0,12],[23,-12],[-23,0]],[[91473,88483],[-4,13],[20,3],[-16,-16]],[[92566,88077],[-13,6],[26,-3],[-13,-3]],[[91977,88246],[0,12],[10,-12],[-10,0]],[[91964,88243],[-6,3],[13,3],[-7,-6]],[[92048,88419],[0,9],[13,-19],[-13,10]],[[92042,88437],[6,3],[3,-12],[-9,9]],[[91450,88545],[-6,6],[3,6],[3,-12]],[[92087,88335],[-6,13],[6,-3],[0,-10]],[[91941,88412],[10,7],[7,3],[-17,-10]],[[92019,88542],[7,6],[6,-3],[-13,-3]],[[91877,88508],[0,6],[10,0],[-10,-6]],[[92239,88265],[-10,9],[10,-3],[0,-6]],[[92268,88132],[-6,3],[6,3],[0,-6]],[[91718,88388],[4,9],[3,-3],[-7,-6]],[[92203,88351],[-3,12],[7,-6],[-4,-6]],[[92016,88252],[-7,6],[7,0],[0,-6]],[[92045,88511],[0,9],[3,-3],[-3,-6]],[[92659,88499],[-6,6],[6,-3],[0,-3]],[[91537,88252],[0,6],[4,0],[-4,-6]],[[92245,88258],[-3,7],[3,-3],[0,-4]],[[91770,88135],[-3,0],[6,6],[-3,-6]],[[91072,87963],[-4,0],[10,3],[-6,-3]],[[91657,88228],[-3,0],[0,3],[3,-3]],[[101206,88024],[0,7],[3,-3],[-3,-4]],[[92174,88052],[-3,0],[0,3],[3,-3]],[[91317,87960],[-3,0],[3,3],[0,-3]],[[91026,88138],[0,7],[4,-4],[-4,-3]],[[92233,88071],[0,3],[3,-3],[-3,0]],[[91680,88437],[0,3],[3,-3],[-3,0]],[[91660,88215],[0,3],[3,-3],[-3,0]],[[92174,88046],[0,3],[4,-3],[-4,0]],[[91634,88425],[-3,3],[3,0],[0,-3]],[[91903,88262],[0,3],[3,0],[-3,-3]],[[102273,88834],[3,47],[68,-59],[0,-89],[-71,101]],[[101814,89278],[-26,49],[126,-74],[-100,25]],[[91874,88526],[64,84],[5,-52],[5,2],[-3,-6],[-2,2],[2,-23],[-71,-7]],[[91764,88680],[42,-24],[-36,-46],[-32,15],[26,55]],[[91220,89149],[-32,40],[29,46],[3,-86]],[[91718,88964],[17,-71],[-33,52],[16,19]],[[102234,88899],[-16,34],[39,-71],[-23,37]],[[91586,89235],[-10,49],[26,-49],[-16,0]],[[91686,88699],[13,40],[3,-56],[-16,16]],[[91544,89247],[9,43],[13,-28],[-22,-15]],[[91570,89527],[-17,16],[10,0],[-3,18],[6,-6],[-3,-12],[49,3],[-42,-19]],[[91595,89102],[-9,22],[19,18],[-10,-40]],[[91870,88779],[-13,9],[7,25],[6,-34]],[[91712,88647],[0,-28],[-13,15],[13,13]],[[91227,89087],[3,21],[13,7],[-16,-28]],[[91799,89521],[-3,25],[13,-19],[-10,-6]],[[91696,89010],[13,12],[-4,-21],[-9,9]],[[91780,88973],[19,12],[-9,-18],[-10,6]],[[103337,89213],[-16,16],[32,-3],[-16,-13]],[[91744,89493],[-13,4],[26,9],[-13,-13]],[[91207,88603],[-12,7],[6,9],[6,-16]],[[91062,89389],[-16,15],[22,-9],[-6,-6]],[[91806,88760],[9,10],[13,0],[-22,-10]],[[91595,88764],[-12,15],[12,-6],[0,-9]],[[91945,88847],[-7,6],[13,0],[-6,-6]],[[91608,89198],[-3,18],[7,-9],[-4,-9]],[[91793,88560],[0,10],[13,0],[-13,-10]],[[91683,89001],[-7,6],[10,3],[-3,-9]],[[91650,88628],[4,9],[6,3],[-10,-12]],[[102887,89364],[-6,9],[13,-15],[-7,6]],[[91786,89487],[0,10],[4,-19],[-4,9]],[[91835,88693],[6,3],[7,-6],[-13,3]],[[91815,88902],[-6,12],[6,-3],[0,-9]],[[91757,89460],[-3,6],[6,0],[-3,-6]],[[91718,89053],[-3,9],[10,-9],[-7,0]],[[91696,89139],[0,13],[3,-3],[-3,-10]],[[91722,88625],[0,9],[9,0],[-9,-9]],[[91725,89035],[-3,3],[3,12],[0,-15]],[[91715,89031],[-3,7],[6,3],[-3,-10]],[[92026,88557],[-4,-9],[-3,3],[7,6]],[[91615,88751],[-3,6],[6,3],[-3,-9]],[[91735,89065],[-7,7],[3,6],[4,-13]],[[91628,89176],[-3,3],[3,6],[0,-9]],[[92152,88856],[-4,9],[7,-3],[-3,-6]],[[91602,89213],[-3,6],[3,7],[0,-13]],[[91793,88893],[-3,6],[9,-3],[-6,-3]],[[91191,89164],[-6,0],[10,9],[-4,-9]],[[91599,89189],[3,9],[3,-6],[-6,-3]],[[91825,88687],[-6,3],[3,6],[3,-9]],[[91757,88594],[0,9],[3,-3],[-3,-6]],[[91621,89185],[0,10],[4,-6],[-4,-4]],[[91977,88573],[3,6],[0,-6],[-3,0]],[[91754,88668],[0,6],[3,-6],[-3,0]],[[91550,89527],[-3,6],[3,0],[0,-6]],[[91563,88760],[-6,4],[6,3],[0,-7]],[[92019,88742],[-6,3],[6,0],[0,-3]],[[92009,88739],[4,3],[0,-3],[-4,0]],[[91777,89453],[-4,0],[4,3],[0,-3]],[[91715,89019],[-3,0],[0,3],[3,-3]],[[91256,89115],[-3,3],[3,3],[0,-6]],[[91547,89515],[-3,3],[3,0],[0,-3]],[[91728,88973],[0,3],[3,0],[-3,-3]],[[91531,89256],[-3,6],[3,-3],[0,-3]],[[91699,88988],[-6,3],[3,4],[3,-7]],[[92006,88594],[-3,-6],[0,6],[3,0]],[[91922,88779],[-3,3],[3,3],[0,-6]],[[91592,89262],[0,7],[3,-3],[-3,-4]],[[91838,88911],[0,3],[3,0],[-3,-3]],[[91563,89278],[-3,3],[3,3],[0,-6]],[[92051,88770],[0,3],[7,-3],[-7,0]],[[91676,88998],[-3,3],[7,0],[-4,-3]],[[91735,88948],[0,3],[3,-3],[-3,0]],[[91744,89108],[-3,4],[3,3],[0,-7]],[[92100,88767],[-3,0],[3,3],[0,-3]],[[92016,88908],[-3,3],[3,0],[0,-3]],[[91599,89515],[-4,3],[4,0],[0,-3]],[[91566,89598],[7,59],[-75,0],[-16,-47],[-48,53],[3,90],[-6,-4],[3,12],[4,-3],[6,151],[116,-18],[6,-77],[59,34],[-59,64],[52,77],[-24,-12],[5,-3],[-10,0],[0,1],[-26,-13],[-40,61],[-2,0],[2,1],[-12,18],[62,83],[77,15],[-29,56],[39,-10],[7,50],[64,-59],[-16,-77],[32,34],[7,-11],[0,5],[3,-3]],[[91757,90125],[-3,-3],[42,-71],[36,12],[-49,-160],[-68,-37],[65,-6],[-10,-65],[39,0],[-42,-21],[58,-53],[-94,-9],[-13,-74],[-45,43],[-61,-49],[13,-62],[-59,28]],[[94396,90722],[-16,-64],[61,9],[78,-86],[-78,0],[-3,-77],[-92,94],[-57,-48],[0,31],[57,18],[-28,28],[7,74],[71,21]],[[93455,90122],[8,92],[-5,3]],[[93458,90217],[5,3],[8,93],[84,9],[-32,-52],[51,-96],[-119,-52]],[[92847,90273],[26,-145],[68,-59],[-117,28],[-39,126],[62,50]],[[91938,89675],[58,-74],[-61,-21],[-12,19],[-4,2],[0,3],[1,-1],[-24,38],[-26,-77],[-77,19],[145,92]],[[94205,90553],[39,43],[26,-77],[-94,-126],[-55,43],[61,28],[23,89]],[[100317,90162],[45,89],[58,-6],[10,-68],[-71,-61],[-42,46]],[[92595,90057],[-23,52],[168,-58],[-77,-37],[-68,43]],[[94396,90864],[110,9],[-162,-34],[52,25]],[[91107,89962],[-52,70],[46,65],[6,-135]],[[94351,90430],[-78,-34],[39,74],[39,-40]],[[91062,90303],[-16,62],[-45,-12],[45,58],[42,-37],[-26,-71]],[[91062,90211],[23,65],[32,-59],[-55,-6]],[[92068,90735],[71,-3],[-39,-47],[-32,50]],[[91941,90273],[-9,40],[81,0],[-72,-40]],[[91819,90621],[32,86],[19,-52],[-51,-34]],[[92000,90109],[-62,50],[55,3],[7,-53]],[[100226,90427],[-3,77],[39,-44],[-36,-33]],[[94315,90214],[13,34],[55,-6],[-68,-28]],[[93497,90996],[-3,56],[32,-28],[-29,-28]],[[92766,90251],[-3,31],[58,6],[-55,-37]],[[92494,89854],[4,40],[38,0],[-42,-40]],[[93015,90470],[-29,12],[13,37],[16,-49]],[[92517,89922],[19,33],[26,-27],[-45,-6]],[[93316,90457],[19,-24],[-26,-19],[7,43]],[[93335,91083],[7,-37],[-46,30],[39,7]],[[93678,91067],[-23,46],[46,-18],[-23,-28]],[[99877,90855],[39,15],[-13,-31],[-26,16]],[[92562,89841],[0,-36],[-22,-10],[22,46]],[[92750,90017],[-26,15],[39,19],[-13,-34]],[[91899,90279],[4,37],[19,-25],[-23,-12]],[[91770,90137],[16,34],[13,-15],[-29,-19]],[[95292,91064],[35,34],[-3,-22],[-32,-12]],[[92449,90531],[-10,31],[17,0],[-7,-31]],[[92155,90750],[-7,37],[20,-9],[-13,-28]],[[93442,90497],[-16,25],[39,-15],[-23,-10]],[[92155,90676],[16,-9],[-35,-12],[19,21]],[[94108,90587],[29,12],[16,-21],[-45,9]],[[91887,90223],[12,34],[7,-15],[-19,-19]],[[91127,90100],[9,31],[20,0],[-29,-31]],[[93626,90587],[-32,6],[19,12],[13,-18]],[[92236,90045],[-10,12],[23,15],[-13,-27]],[[99964,90778],[-19,21],[29,-6],[-10,-15]],[[92449,89918],[13,25],[10,-15],[-23,-10]],[[92171,89878],[3,16],[26,-6],[-29,-10]],[[91961,90109],[3,-21],[-16,34],[13,-13]],[[96278,90938],[-33,37],[10,9],[23,-46]],[[93804,90768],[7,40],[9,-36],[-16,-4]],[[92013,89595],[13,19],[3,-16],[-16,-3]],[[92727,90091],[0,18],[16,-24],[-16,6]],[[94063,89995],[9,-18],[-25,3],[16,15]],[[92216,90005],[0,18],[20,-18],[-20,0]],[[93804,90876],[3,19],[10,-13],[-13,-6]],[[92517,90325],[-13,6],[26,12],[-13,-18]],[[94376,90513],[-13,18],[20,-6],[-7,-12]],[[92436,90454],[-6,10],[19,9],[-13,-19]],[[91654,89589],[9,18],[10,-9],[-19,-9]],[[93604,90926],[9,24],[7,-9],[-16,-15]],[[92459,89968],[10,9],[-23,-34],[13,25]],[[94528,90962],[-13,-12],[-6,12],[19,0]],[[92543,89857],[-7,9],[20,12],[-13,-21]],[[91434,89620],[-7,27],[17,-3],[-10,-24]],[[93261,90993],[6,25],[7,-12],[-13,-13]],[[92032,89869],[6,22],[10,-6],[-16,-16]],[[92139,90787],[-10,-6],[0,24],[10,-18]],[[91088,90116],[-3,30],[6,-12],[-3,-18]],[[92417,89885],[-3,-10],[-13,0],[16,10]],[[91912,89703],[-9,6],[22,3],[-13,-9]],[[92585,89764],[-19,13],[9,9],[10,-22]],[[91169,89934],[6,24],[10,-6],[-16,-18]],[[91372,89764],[-3,-18],[3,34],[0,-16]],[[93710,90882],[-6,0],[13,16],[-7,-16]],[[92249,90328],[-26,9],[16,3],[10,-12]],[[92368,90553],[-13,3],[10,6],[3,-9]],[[92465,90390],[4,18],[9,-15],[-13,-3]],[[92507,89752],[-3,6],[10,13],[-7,-19]],[[91033,90054],[0,15],[6,-6],[-6,-9]],[[92724,90510],[-3,9],[16,-6],[-13,-3]],[[92000,90091],[-10,15],[0,6],[10,-21]],[[92161,89955],[-9,3],[6,13],[3,-16]],[[93203,90907],[0,9],[13,-12],[-13,3]],[[92155,89845],[-7,6],[4,9],[3,-15]],[[91421,89647],[6,16],[10,-6],[-16,-10]],[[91948,89721],[-13,13],[13,0],[0,-13]],[[92824,90343],[4,7],[9,-10],[-13,3]],[[91864,89795],[-10,13],[16,-10],[-6,-3]],[[91922,90082],[-3,12],[6,3],[-3,-15]],[[91072,90156],[-7,12],[13,-19],[-6,7]],[[93646,90159],[-10,9],[6,6],[4,-15]],[[91819,89968],[-10,-10],[3,10],[7,0]],[[93481,90599],[9,6],[0,-9],[-9,3]],[[92511,90485],[-7,6],[10,3],[-3,-9]],[[91773,90131],[4,6],[13,6],[-17,-12]],[[92494,89829],[-6,16],[6,-4],[0,-12]],[[93361,90171],[10,9],[0,-6],[-10,-3]],[[93846,90725],[-3,3],[6,10],[-3,-13]],[[92439,90291],[-3,9],[10,-3],[-7,-6]],[[92633,89940],[-6,0],[13,9],[-7,-9]],[[91867,89638],[-3,3],[0,10],[3,-13]],[[90991,90337],[0,13],[6,3],[-6,-16]],[[91935,89931],[-3,9],[9,-3],[-6,-6]],[[92482,90470],[0,12],[3,-9],[-3,-3]],[[96297,90901],[-3,6],[3,9],[0,-15]],[[91343,89607],[4,13],[3,-10],[-7,-3]],[[92158,90002],[-6,6],[9,3],[-3,-9]],[[91819,89706],[-7,6],[3,6],[4,-12]],[[94189,90584],[-10,6],[3,3],[7,-9]],[[92249,90020],[0,6],[6,-3],[-6,-3]],[[91912,90023],[0,3],[7,6],[-7,-9]],[[91676,89657],[4,6],[3,-6],[-7,0]],[[92032,90279],[0,6],[3,3],[-3,-9]],[[91958,89574],[-4,6],[10,3],[-6,-9]],[[93322,90405],[3,6],[7,6],[-10,-12]],[[91935,90097],[-6,9],[3,3],[3,-12]],[[93038,90556],[-7,3],[3,6],[4,-9]],[[92326,89814],[0,12],[7,-6],[-7,-6]],[[92410,90353],[-3,3],[3,6],[0,-9]],[[94538,90513],[3,6],[7,0],[-10,-6]],[[93309,91049],[0,9],[4,6],[-4,-15]],[[94839,91024],[10,6],[-4,-6],[-6,0]],[[91844,90189],[-6,7],[6,3],[0,-10]],[[92498,89823],[3,9],[3,-9],[-6,0]],[[92139,90676],[3,6],[6,6],[-9,-12]],[[92126,90670],[0,9],[6,0],[-6,-9]],[[93474,90732],[0,6],[7,-3],[-7,-3]],[[92145,90753],[0,12],[3,-6],[-3,-6]],[[92501,90343],[-7,7],[7,0],[0,-7]],[[91634,89604],[-3,6],[0,7],[3,-13]],[[94742,90873],[0,6],[6,3],[-6,-9]],[[92174,90845],[-6,7],[6,-3],[0,-4]],[[93212,90959],[-13,3],[7,4],[6,-7]],[[92666,90294],[3,3],[3,-3],[-6,0]],[[91553,90100],[0,12],[4,-6],[-4,-6]],[[92058,90257],[0,3],[3,6],[-3,-9]],[[91618,90162],[-3,9],[6,-6],[-3,-3]],[[93329,90728],[-7,4],[3,3],[4,-7]],[[91573,89931],[0,6],[6,0],[-6,-6]],[[92472,89958],[-3,4],[6,6],[-3,-10]],[[91751,90137],[-4,3],[7,3],[-3,-6]],[[91673,89663],[3,9],[0,-6],[-3,-3]],[[91230,90239],[3,3],[7,0],[-10,-3]],[[93468,90621],[3,6],[3,-3],[-6,-3]],[[92469,89915],[6,10],[0,-7],[-6,-3]],[[100317,90442],[3,6],[3,0],[-6,-6]],[[93296,90704],[-3,0],[7,6],[-4,-6]],[[91369,89823],[0,6],[3,6],[-3,-12]],[[93190,90956],[0,10],[3,-7],[-3,-3]],[[93254,90374],[4,6],[0,-6],[-4,0]],[[93277,90359],[0,3],[3,3],[-3,-6]],[[93406,90072],[0,4],[4,6],[-4,-10]],[[92355,90035],[-6,4],[3,0],[3,-4]],[[93332,90479],[-3,3],[6,3],[-3,-6]],[[94296,90387],[6,3],[0,-3],[-6,0]],[[91903,90325],[0,3],[6,0],[-6,-3]],[[91553,89604],[4,10],[3,-4],[-7,-6]],[[94127,89595],[0,3],[7,0],[-7,-3]],[[92708,90106],[0,3],[6,3],[-6,-6]],[[92446,90365],[-7,3],[0,3],[7,-6]],[[92152,90559],[-4,3],[7,0],[-3,-3]],[[94464,90941],[6,0],[-3,-3],[-3,3]],[[93458,90291],[-3,9],[3,-6],[0,-3]],[[91747,90174],[-3,0],[3,9],[0,-9]],[[92789,90291],[-4,0],[4,3],[0,-3]],[[94438,90202],[-3,0],[6,3],[-3,-3]],[[92362,90565],[-3,0],[6,6],[-3,-6]],[[92785,90245],[-3,3],[7,0],[-4,-3]],[[92388,89841],[-4,4],[4,3],[0,-7]],[[91802,89817],[-3,3],[0,3],[3,-6]],[[92165,90371],[-4,3],[4,0],[0,-3]],[[95091,91046],[0,3],[7,-3],[-7,0]],[[92430,90122],[0,3],[3,0],[-3,-3]],[[93342,90402],[6,3],[0,-3],[-6,0]],[[94732,90929],[0,-3],[-3,3],[3,0]],[[94008,89823],[-3,3],[3,0],[0,-3]],[[91612,90171],[-7,0],[7,3],[0,-3]],[[91204,89940],[0,6],[3,-3],[-3,-3]],[[91744,90137],[-3,3],[3,0],[0,-3]],[[93558,90279],[-3,0],[3,3],[0,-3]],[[91825,90174],[0,3],[7,0],[-7,-3]],[[93190,90849],[-4,3],[4,0],[0,-3]],[[92123,90679],[-4,3],[4,0],[0,-3]],[[93345,90424],[-3,3],[3,0],[0,-3]],[[92362,90574],[0,7],[3,-3],[-3,-4]],[[92504,89832],[-3,6],[3,0],[0,-6]],[[92721,90273],[0,3],[3,3],[-3,-6]],[[92559,89952],[-3,3],[3,0],[0,-3]],[[92472,90430],[0,3],[3,0],[-3,-3]],[[92650,89851],[-7,3],[3,3],[4,-6]],[[91162,90128],[-3,0],[3,3],[0,-3]],[[93458,90217],[-3,6],[3,-3],[0,-3]],[[91240,89586],[0,6],[3,-3],[-3,-3]],[[91809,90156],[0,3],[3,0],[-3,-3]],[[91437,89780],[-3,6],[3,0],[0,-6]],[[93578,90587],[-7,3],[7,0],[0,-3]],[[91754,90162],[-3,3],[6,0],[-3,-3]],[[91757,90125],[3,0],[-3,-3],[0,3]],[[93096,90867],[0,3],[3,0],[-3,-3]],[[91961,90380],[-3,0],[6,3],[-3,-3]],[[91838,90168],[0,6],[3,-3],[-3,-3]],[[94444,89977],[-3,3],[3,0],[0,-3]],[[91440,89595],[-3,3],[3,0],[0,-3]],[[93348,90294],[0,3],[3,-3],[-3,0]],[[94399,89992],[-3,3],[3,0],[0,-3]],[[94671,90855],[0,3],[3,3],[-3,-6]],[[92485,89857],[0,6],[3,-3],[-3,-3]],[[92003,89617],[-3,0],[0,3],[3,-3]],[[92711,89995],[0,4],[3,0],[-3,-4]],[[91738,90165],[-3,3],[0,3],[3,-6]],[[91735,90146],[-4,3],[4,4],[0,-7]],[[91903,90322],[-4,0],[0,3],[4,-3]],[[92081,89832],[-4,3],[4,0],[0,-3]],[[91424,89626],[-3,3],[3,0],[0,-3]],[[92029,89574],[0,6],[3,-3],[-3,-3]],[[92394,89851],[-3,0],[3,3],[0,-3]],[[92352,89829],[0,6],[3,-3],[-3,-3]],[[94758,90889],[3,3],[0,-3],[-3,0]],[[94438,89992],[-3,3],[3,0],[0,-3]],[[91741,90174],[-3,0],[3,3],[0,-3]],[[91631,90149],[0,4],[3,0],[-3,-4]],[[91628,90159],[-3,3],[3,0],[0,-3]],[[91689,89601],[-3,0],[0,3],[3,-3]],[[91563,90116],[-3,3],[3,0],[0,-3]],[[94279,89965],[0,3],[4,0],[-4,-3]],[[92779,90183],[-3,0],[3,3],[0,-3]],[[91638,90146],[-4,3],[4,0],[0,-3]],[[94842,91018],[0,3],[3,0],[-3,-3]],[[95098,91049],[-4,3],[4,0],[0,-3]],[[94503,90039],[-4,3],[4,0],[0,-3]],[[96291,91902],[-117,-13],[16,37],[-77,-21],[-87,-28],[-30,117],[301,-83],[75,19],[-39,-74],[-42,46]],[[95573,91594],[-7,71],[107,-40],[-48,-68],[-52,37]],[[94891,91702],[25,83],[65,31],[-90,-114]],[[95366,91812],[39,-46],[-68,-77],[29,123]],[[93164,91711],[6,92],[46,-61],[-52,-31]],[[96372,91988],[16,55],[32,-70],[-48,-19],[0,34]],[[95346,91825],[33,71],[10,-47],[-43,-24]],[[95359,91933],[-6,70],[45,-64],[-39,-6]],[[96604,91803],[23,-40],[-74,-52],[51,92]],[[93403,91147],[-32,111],[39,-25],[-7,-86]],[[98105,91902],[22,49],[39,-65],[-61,16]],[[95246,91803],[75,-34],[-36,-12],[-39,46]],[[95140,91092],[-30,37],[26,12],[4,-49]],[[96317,91745],[-26,21],[19,22],[7,-43]],[[92931,91255],[-13,19],[26,9],[-13,-28]],[[94858,92355],[-6,-25],[-16,34],[22,-9]],[[93610,91089],[-3,12],[32,25],[-29,-37]],[[98477,92139],[-17,9],[46,0],[-29,-9]],[[97012,91766],[19,-12],[-16,-9],[-3,21]],[[96646,91745],[-6,27],[13,-40],[-7,13]],[[97012,91729],[0,-18],[-20,6],[20,12]],[[96100,91591],[42,9],[-32,-18],[-10,9]],[[96271,91954],[26,9],[-3,-12],[-23,3]],[[95832,91720],[12,12],[-22,-30],[10,18]],[[94370,91652],[-10,6],[10,13],[0,-19]],[[99447,91249],[0,15],[9,-18],[-9,3]],[[93519,91310],[-9,7],[29,-10],[-20,3]],[[93096,91209],[-3,-19],[-13,0],[16,19]],[[97962,91886],[13,22],[0,-15],[-13,-7]],[[93258,91104],[0,19],[6,-7],[-6,-12]],[[96924,92311],[7,16],[-3,-25],[-4,9]],[[97157,91708],[-16,12],[16,0],[0,-12]],[[95521,92333],[3,6],[23,9],[-26,-15]],[[93477,91301],[4,13],[6,-10],[-10,-3]],[[93393,91120],[0,12],[4,-19],[-4,7]],[[98027,91723],[-10,-15],[-3,3],[13,12]],[[97051,91668],[-7,3],[13,3],[-6,-6]],[[99379,91301],[-3,-9],[-4,9],[7,0]],[[93552,91255],[-3,6],[6,6],[-3,-12]],[[96207,91548],[0,-7],[-7,7],[7,0]],[[96291,91902],[-7,-9],[-6,-4],[13,13]],[[96840,92253],[0,6]],[[96840,92259],[13,6],[-13,-12]],[[93552,91286],[0,9],[6,-3],[-6,-6]],[[96262,91880],[3,3],[0,-12],[-3,9]],[[98021,91702],[9,3],[-16,-10],[7,7]],[[96271,91880],[-3,6],[7,0],[-4,-6]],[[93235,91378],[0,6],[6,3],[-6,-9]],[[97591,92311],[0,7],[6,-4],[-6,-3]],[[94709,91896],[-3,6],[7,0],[-4,-6]],[[99421,91258],[3,6],[7,-3],[-10,-3]],[[98224,91899],[0,6],[4,-3],[-4,-3]],[[99201,91412],[-3,9],[6,0],[-3,-9]],[[99508,91169],[0,6],[7,-3],[-7,-3]],[[97064,91677],[-4,3],[7,3],[-3,-6]],[[93959,91394],[-3,3],[10,3],[-7,-6]],[[96129,91554],[3,0],[0,-6],[-3,6]],[[93002,91144],[3,13],[0,-4],[-3,-9]],[[93368,91147],[6,6],[3,0],[-9,-6]],[[96663,91766],[-7,0],[10,3],[-3,-3]],[[97076,91732],[0,7],[4,-4],[-4,-3]],[[95389,91899],[3,0],[0,-3],[-3,3]],[[93442,91289],[-3,0],[0,3],[3,-3]],[[94438,91551],[-3,0],[3,3],[0,-3]],[[99256,91329],[6,3],[-3,-3],[-3,0]],[[96161,91905],[0,3],[4,0],[-4,-3]],[[93400,91246],[-3,3],[3,0],[0,-3]],[[99065,91449],[0,3],[3,-3],[-3,0]],[[95327,91683],[0,3],[3,0],[-3,-3]],[[99275,91384],[4,0],[0,-3],[-4,3]],[[95974,91729],[3,-3],[-3,0],[0,3]],[[95330,91689],[0,3],[4,-3],[-4,0]],[[96300,91957],[-3,-6],[0,3],[3,3]],[[95974,91729],[-3,3],[3,3],[0,-6]],[[97089,91772],[0,4],[4,-4],[-4,0]],[[99272,91400],[0,3],[3,0],[-3,-3]],[[96258,91948],[0,3],[4,-3],[-4,0]],[[98027,91723],[0,3],[3,3],[-3,-6]],[[97730,92170],[0,3],[3,0],[-3,-3]],[[156996,4760],[-39,10],[-29,68],[-59,-12],[16,65],[-84,9],[33,-83],[-63,-32],[8,-2],[-23,-9],[1,5],[-85,-42],[55,-25],[16,40],[0,-92],[-216,24],[116,136],[16,206],[-49,200],[10,-52],[-197,351],[39,-40],[3,68],[-29,-34],[-230,148],[-216,234],[-94,34],[-139,237],[-97,58],[-91,-12],[-51,92],[55,62],[45,-22],[-55,37],[51,30],[-61,-30],[0,0],[0,0],[-13,-6]],[[155540,6381],[-4,8],[-2,-2],[0,3],[2,0],[-248,490],[-243,210],[-3,0],[0,2],[-58,50],[142,80],[-100,166],[39,-3],[-107,49],[13,44],[-58,27],[-13,6],[-45,142],[-62,37],[26,132],[-45,81],[0,0],[-3,3],[1,0],[-24,43],[32,83],[-38,-22],[-20,56],[39,12],[3,114],[-61,71],[81,58],[3,-1],[-10,4],[-71,-49],[-171,136],[84,46],[-7,129],[-61,50],[142,67],[-23,43]],[[154670,8746],[120,-18],[87,163],[-51,136],[5,20],[-5,-2],[3,3],[2,0],[33,145],[-58,0],[-42,117],[62,71],[-16,95],[37,22],[-2,3],[2,-2],[72,42],[75,-148],[-42,0],[116,-49],[-19,-117],[64,111],[81,-59],[84,25],[14,-86],[3,0],[0,-3],[-3,2],[3,-18],[22,43],[191,-37],[68,-74],[-3,50],[168,49],[68,-99],[74,13],[-16,-56],[110,6],[39,-98],[38,34],[75,-59],[29,40],[41,-74],[33,59],[113,0],[-184,77],[252,-31],[224,43],[-133,-65],[139,16],[3,289],[159,-160],[-65,-6],[-74,-98],[48,-99],[42,9],[-45,102],[107,-126],[-81,-50],[106,3],[-16,37],[246,-37],[10,-40],[165,-24],[-36,-71],[39,61],[210,62],[32,-105],[123,-89],[547,-86],[-13,-74],[52,-49],[-146,30],[236,-67],[226,-130],[-9,-55],[16,55],[116,6],[143,-43],[-39,-9],[45,-74],[7,37],[106,9],[88,-37],[-36,-40],[39,44],[294,-130],[139,-9],[27,-15],[2,0],[-1,-1],[123,-70],[8,6],[255,-37],[13,-114],[10,129],[252,-15],[-55,-80],[132,77],[27,-90],[16,62],[307,22],[216,129],[46,-37],[-13,-77],[64,-37],[-25,-13],[61,-55],[-19,-142],[6,-2],[-7,-4],[-3,-21],[0,0],[0,-3],[0,1],[-3,-20],[21,46],[-2,1],[2,0],[44,95],[-23,62],[104,83],[-139,-19],[-10,56],[223,61],[45,99],[104,-22],[113,80],[-20,34],[120,-64],[75,18],[100,-86],[-36,-16],[84,-3],[20,-77],[-185,-37],[26,-46],[62,59],[90,3],[68,-170],[19,44],[43,-22],[-78,92],[84,-27],[58,67],[146,-61],[-23,-86],[-58,-16],[155,-175],[94,24],[-13,-175],[110,-37],[94,-108],[77,62],[49,-13],[-3,28],[-85,-18],[-19,55],[-200,31],[119,101],[-123,133],[-100,12],[-3,68],[-107,-15],[81,92],[91,-25],[-211,163],[-232,4],[-4,86],[-129,166],[65,-28],[219,136],[237,-22],[236,142],[168,-62],[139,16],[139,-59],[-81,-64],[78,12],[13,71],[132,-3],[149,172],[100,34],[74,-49],[140,58],[29,-132],[93,6],[49,-89],[116,-10],[-123,28],[143,0],[161,74],[298,265],[39,135],[242,87],[117,-120],[165,6],[-17,-56],[13,34],[20,-6],[-7,3],[7,-3],[194,-62],[197,59],[-29,-46],[97,15],[29,28],[-91,-28],[7,43],[233,305],[-62,80],[84,-9],[0,0],[4,0],[-1,-1],[201,-23],[0,2],[3,-2],[4,-1],[25,-70],[-3,33],[155,-37],[166,-166],[-72,43],[36,-68],[155,-9],[13,56],[145,-77],[13,-93],[114,-49],[200,-296],[84,-21],[-155,-105],[-16,-102],[-10,102],[-146,-68],[159,-40],[-91,-191],[-6,-80],[55,-52],[-104,-68],[62,31],[12,-79],[30,-7],[-19,-65],[79,-63],[27,11],[88,-31],[-101,-139],[-55,-6],[13,65],[-42,18],[-16,-117],[-133,-24],[117,-53],[120,71],[74,126],[87,-15],[-103,-77],[-84,-185],[-71,-18],[54,0],[-93,-277],[-90,5],[9,-21],[77,16],[16,-116],[17,-11],[39,-169],[93,-52],[10,-142],[-87,-117],[-29,-188],[68,-86],[-68,-31],[-65,-160],[29,-120],[55,-33],[-3,8],[10,0],[-7,-9],[68,-40],[-23,-56],[65,-80],[-68,-61],[23,-74],[-68,-68],[-13,-172],[194,-244],[-152,-148],[191,-40],[-33,-135],[-61,-22],[-42,-141],[-74,-16],[-10,65],[-100,25],[-23,64],[126,99],[-100,101],[126,124],[-97,49],[-65,-22],[-19,80],[-110,44],[42,24],[-207,-15],[52,95],[132,22],[88,154],[-88,0],[13,-53],[-64,-55],[-88,74],[-55,-25],[-26,-111],[-42,-9],[94,16],[-29,-71],[-121,-47],[386,-64],[-359,18],[-249,-80],[75,19],[48,-43],[-45,-87],[42,-43],[-226,-218],[45,-68],[-91,-151],[-71,9],[-26,-80],[-60,-16],[12,-5],[-16,-3],[2,8],[-64,-18],[100,-40],[-6,50],[84,12],[-32,9],[45,59],[91,0],[29,-108],[-149,-170],[55,-104],[-68,-6],[107,3],[-68,-179],[16,25],[55,-62],[-52,-52],[-84,21],[-65,-101],[-113,114],[33,58],[-88,-83],[52,-77],[-200,-31],[168,-21],[139,-124],[-46,-80],[85,-64],[-68,18],[0,-3],[-9,5],[-14,4],[107,-77],[-78,-95],[26,-83],[-152,-50],[-65,-77],[-32,-154],[45,-83],[-61,96],[-29,-105],[-68,-37],[32,-40],[-42,25],[-133,-114],[-203,12],[-20,37],[-135,-52],[-107,34],[-16,46],[190,18],[-307,9],[49,81],[-78,92],[-10,95],[-6,-58],[-120,15],[-64,65],[0,-92],[-71,67],[-85,-61],[-109,64],[51,34],[-68,46],[25,-43],[30,-3],[-22,-3],[-7,2],[10,-17],[-78,9],[7,-37],[74,-74],[81,6],[-42,-40],[29,-18],[104,49],[29,-52],[184,9],[110,-65],[-155,25],[-198,-80],[-29,-145],[117,-62],[24,-88],[11,2],[39,-83],[-97,-21],[-10,-87],[-329,-89],[-88,228],[55,40],[68,-200],[130,6],[25,135],[-42,37],[-64,-24],[3,40],[61,129],[84,-12],[-22,52],[-159,3],[-45,-95],[-39,3],[26,92],[-39,77],[-171,25],[23,83],[-68,9],[29,34],[-42,-18],[-46,74],[-122,49],[35,34],[-90,37],[-7,148],[-19,-84],[-188,99],[-11,-6],[1,0],[-6,-3],[1,1],[-250,-134],[262,96],[113,-37],[68,-43],[-3,-65],[97,-9],[-78,-6],[-9,-71],[213,-53],[-29,-52],[48,12],[-26,-30],[68,-68],[-29,-71],[94,-43],[-71,-185],[-78,0],[49,-12],[-20,-86],[65,-142],[-97,-22],[-116,148],[-11,-29],[1,-2],[-2,1],[-59,-161],[142,-58],[-49,-59],[-90,12],[48,-36],[-84,-10],[55,-27],[-77,-71],[71,-216],[-59,-135],[-242,-47],[-84,37],[29,93],[-201,-9],[10,77],[84,24],[-51,12],[-26,59],[48,9],[-45,50],[-45,18],[16,-92],[-45,-28],[35,-16],[-68,-55],[-168,108],[-84,3],[233,459],[-71,89],[-3,0],[71,-89],[-85,-96],[-12,-18],[2,6],[-174,-197],[29,-62],[-100,-15],[78,-15],[-7,-108],[301,-139],[113,-126],[-61,-6],[-52,-127],[-65,65],[-106,-12],[-26,-59],[-59,14],[4,-1],[-6,0],[76,-22],[1,0],[0,0],[161,-46],[-135,-154],[3,-123],[-146,34],[-71,-47],[-87,96],[0,-74],[-58,58],[32,-80],[84,22],[23,-40],[110,-6],[61,-77],[-68,-22],[-9,20],[-4,-8],[-9,-3],[12,12],[-16,35],[-100,-28],[-42,-59],[49,-46],[110,56],[-78,-56],[-3,-64],[-94,9],[-23,-50],[-48,86],[0,1],[0,0],[-2,3],[-1,0],[1,1],[-1,2],[-78,-129],[87,-13],[-100,-86],[142,65],[16,-93],[-155,-74],[-9,-49],[-143,-12],[13,86],[-149,46],[-258,-101],[-62,110],[-84,-33],[-6,89],[-58,-25],[-52,77],[-81,0],[29,37],[-107,77],[10,123],[-61,62],[-26,-139],[145,-101],[-174,61],[-107,-3],[-74,-61],[-259,12],[-197,83],[-178,-98],[-75,49],[20,95],[-184,37],[-26,-154],[-49,-12],[-48,89],[-97,31],[-4,-83],[-119,12],[0,-101],[-100,49],[-159,-89],[42,187],[-45,139],[-75,0],[39,28],[-68,148],[-84,12],[-19,61],[-142,7],[103,67],[58,-34],[20,44],[55,-117],[26,89],[-60,34],[-5,-6],[0,6],[2,1],[-25,14],[39,62],[52,-50],[210,-24],[52,-59],[26,25],[-110,62],[90,6],[146,-40],[29,-160],[84,-37],[-71,33],[-29,96],[71,-46],[64,31],[-71,58],[178,-3],[42,-77],[-32,77],[45,9],[16,117],[-74,-24],[-65,49],[-42,-37],[-26,111],[-103,-170],[-78,-6],[-129,65],[-26,117],[-48,-99],[32,-40],[-178,-3],[6,43],[-74,-6],[0,56],[-97,74],[65,24],[22,117],[-203,73],[35,-104],[-213,-86],[61,-52],[65,77],[74,-6],[10,-102],[-91,0],[-90,-71],[-65,50],[-39,-22],[46,43],[-120,65],[16,89],[-48,3],[-29,93],[35,30],[-64,65],[-85,-15],[-12,86],[-117,89],[45,59],[-64,34],[-71,-37],[-94,67],[32,80],[52,7],[-29,55],[-110,3],[-13,74],[-110,49],[-61,111],[-311,-58],[-10,110],[39,22],[-71,55],[19,56],[-116,46],[-100,188],[-20,172],[-103,37],[-7,65],[52,37],[-100,145],[0,98],[-104,-3],[7,77],[-78,37],[-87,-34],[-71,31],[126,71],[6,86],[-84,25],[-8,13],[-5,-1],[0,6],[2,0],[-69,108],[6,102],[-61,52],[58,86],[-126,241],[26,33],[-88,84],[58,154],[-80,107],[3,108],[-78,28],[36,18],[97,-21],[45,-130],[113,-77],[-9,-64],[119,15],[33,-43],[58,37],[-26,-108],[462,-258],[-19,-102],[87,-274],[20,157],[-52,98],[32,7],[-52,18],[110,40],[127,-86],[47,19],[-67,-1],[-39,28],[146,240],[-149,-52],[-29,31],[78,9],[-107,120],[-42,-129],[-58,126],[-101,28],[-29,74],[-187,117],[22,154],[-84,-16],[33,40],[6,0],[0,0],[7,0],[-1,0],[27,-1]],[[155851,6530],[115,-18],[-47,26],[51,50],[-119,-58]],[[156046,6443],[21,-28],[75,3],[-46,16],[46,21],[-96,-12]],[[160211,7827],[-47,-57],[52,28],[-13,-43],[94,-50],[29,25],[-10,12],[13,-8],[4,2],[-123,83],[1,8]],[[160943,7780],[33,-79],[32,85],[-65,-6]],[[162518,7339],[-5,-76],[2,5],[0,-9],[-3,3],[0,-6],[7,-4],[-1,1],[4,0],[0,-2],[148,-75],[-35,-37],[29,-68],[54,56],[-35,-19],[4,65],[-156,135],[-13,31]],[[165954,8965],[118,-3],[-87,-15],[-31,18]],[[166380,6901],[-20,53],[-49,-12],[69,-41]],[[164004,2401],[-63,26],[-22,-46],[64,-56],[33,31],[-36,40],[24,5]],[[157649,3992],[123,-28],[5,29],[-128,-1]],[[153089,12045],[13,3],[-19,-16],[6,13]],[[151987,12519],[25,31],[36,-12],[-61,-19]],[[152025,12494],[10,-30],[-26,30],[16,0]],[[152074,12340],[4,0],[-11,53],[256,145],[39,95],[-36,132],[78,50],[116,-68],[68,12],[340,-228],[-26,-283],[84,-182],[-75,-212],[20,-71],[84,-43],[-13,-151],[-104,-160],[17,-46],[-185,-74],[-71,-83],[-333,-108],[3,-86],[-77,58],[9,55],[-93,13],[-55,160]],[[152113,11318],[97,25],[16,141],[-42,133],[-149,144],[107,271],[-63,307],[-2,-2],[-3,3]],[[152691,11253],[4,0],[0,-3],[-4,3]],[[152672,11192],[0,3],[3,-3],[-3,0]],[[152113,11318],[-4,0],[0,3],[4,-3]],[[152339,11022],[-13,0],[10,10],[3,-10]],[[160239,0],[0,12],[13,-6],[-13,-6]],[[155553,9772],[3,-3],[-6,0],[3,3]],[[166493,9963],[38,21],[-13,-73],[-25,52]],[[166619,9984],[9,-77],[-61,65],[52,12]],[[165144,12470],[42,31],[149,-50],[-142,-24],[-49,43]],[[164455,12476],[7,9],[32,0],[-39,-9]],[[165400,12568],[58,22],[-7,46],[91,-37],[-65,-43],[-77,12]],[[159896,240],[6,3],[-3,-3],[-3,0]],[[155550,9753],[6,4],[-3,-4],[-3,0]],[[155605,9784],[6,16],[4,-7],[-10,-9]],[[165888,9843],[-3,0],[0,3],[3,-3]],[[167110,10178],[7,7],[3,-10],[-10,3]],[[165736,10634],[0,-3],[-13,-3],[13,6]],[[164624,11121],[-7,-9],[-10,3],[17,6]],[[166670,11641],[7,16],[10,-10],[-17,-6]],[[162680,12984],[7,15],[9,-12],[-16,-3]],[[161102,13132],[65,40],[-36,-49],[-29,9]],[[163485,13230],[23,-9],[-29,-6],[6,15]],[[160294,13905],[22,-19],[-35,-15],[13,34]],[[162263,13945],[6,15],[17,10],[-23,-25]],[[162218,13936],[42,-19],[-49,-37],[7,56]],[[166603,4949],[0,-3],[-4,3],[4,0]],[[165584,10440],[-29,-37],[-110,-21],[139,58]],[[165167,10351],[6,6],[7,-6],[-13,0]],[[164785,11438],[33,-49],[-88,-80],[-9,-83],[-101,-25],[165,237]],[[165002,11432],[13,6],[0,-9],[-13,3]],[[159851,243],[9,0],[-16,-3],[7,3]],[[159873,240],[-3,-3],[-10,3],[13,0]],[[166360,4814],[-10,-7],[0,7],[10,0]],[[164630,11121],[3,3],[0,-3],[-3,0]],[[165859,9824],[0,10],[9,-7],[-9,-3]],[[166289,9790],[6,-3],[-6,0],[0,3]],[[165154,11222],[-13,-30],[0,34],[13,-4]],[[165319,11115],[-3,9],[16,0],[-13,-9]],[[165235,11139],[0,-6],[-7,6],[7,0]],[[166431,11272],[-3,3],[6,-3],[-3,0]],[[166399,11250],[3,0],[0,-3],[-3,3]],[[166648,4734],[3,3],[3,-3],[-6,0]],[[156381,4718],[0,-3],[-3,0],[3,3]],[[156504,4709],[-3,0],[3,3],[0,-3]],[[156388,4715],[3,0],[0,-3],[-3,3]],[[156394,4681],[0,3],[3,0],[-3,-3]],[[156410,4709],[3,3],[0,-3],[-3,0]],[[166590,4650],[3,3],[0,-3],[-3,0]],[[155556,9720],[88,-114],[-42,-25],[-55,49],[9,90]],[[155566,9763],[10,6],[3,-6],[-13,0]],[[165927,9757],[-4,3],[4,0],[0,-3]],[[164989,10600],[223,-12],[-90,-74],[-110,6],[32,47],[-55,33]],[[165940,10597],[22,25],[81,-3],[-103,-22]],[[165856,10603],[9,-43],[-39,3],[30,40]],[[164856,10610],[10,-62],[-48,46],[38,16]],[[166506,10585],[10,-6],[23,17],[5,7],[4,-1],[25,20],[249,-268],[143,3],[-7,-89],[107,-90],[-146,-15],[-19,-77],[-55,9],[-52,-83],[-64,37],[-88,-49],[-132,203],[-120,-6],[-149,-114],[-100,92],[-175,-37],[-6,-40],[-39,65],[-220,-40],[-123,111],[-106,-12],[-7,104],[301,145],[207,12],[155,-61],[62,117],[181,-71],[140,106],[-8,-1],[4,12]],[[165665,10465],[6,9],[10,-3],[-16,-6]],[[165872,10622],[13,3],[-23,-9],[10,6]],[[164805,10610],[9,-3],[-6,0],[-3,3]],[[165238,10591],[-7,3],[10,-3],[-3,0]],[[165254,10483],[3,3],[0,-6],[-3,3]],[[166182,10539],[0,3],[3,-3],[-3,0]],[[165710,10622],[-6,-3],[3,3],[3,0]],[[165193,10967],[45,-22],[-74,-24],[29,46]],[[165422,10921],[3,58],[39,-34],[-42,-24]],[[166302,10816],[35,18],[17,-18],[-52,0]],[[165157,11093],[3,6],[7,-6],[-10,0]],[[166415,10727],[0,6],[10,-3],[-10,-3]],[[166370,10831],[-4,3],[7,-3],[-3,0]],[[165228,10733],[-3,3],[6,0],[-3,-3]],[[166292,10810],[-3,0],[0,3],[3,-3]],[[166292,10810],[7,-3],[-4,0],[-3,3]],[[166289,10804],[3,3],[0,-3],[-3,0]],[[163301,13070],[-45,65],[55,71],[126,-37],[-45,-25],[16,-77],[-107,3]],[[163155,13147],[65,28],[-65,52],[94,22],[-22,-108],[-114,-18],[42,24]],[[165969,5146],[9,6],[17,0],[-26,-6]],[[165965,5134],[26,6],[-22,-6],[-4,0]],[[166143,5125],[10,6],[-3,-9],[-7,3]],[[166628,5001],[10,-6],[-3,0],[-7,6]],[[165978,5155],[-6,0],[6,4],[0,-4]],[[166654,4992],[3,3],[4,-3],[-7,0]],[[165995,5165],[9,0],[-3,-3],[-6,3]],[[166111,5248],[-3,-6],[0,3],[3,3]],[[166376,4974],[3,3],[0,-3],[-3,0]],[[166664,4998],[3,3],[0,-3],[-3,0]],[[165998,5140],[-3,0],[0,3],[3,-3]],[[166664,4998],[0,-3],[-3,3],[3,0]],[[166079,5316],[3,3],[0,-3],[-3,0]],[[166117,5248],[4,0],[-4,-3],[0,3]],[[166506,5701],[3,3],[0,-3],[-3,0]],[[166441,10677],[22,47],[97,-93],[-142,0],[23,46]],[[166308,10736],[-64,40],[126,-37],[-62,-3]],[[165231,10659],[62,61],[-13,-64],[-49,3]],[[166160,10745],[42,-12],[-30,-9],[-12,21]],[[165212,10690],[3,6],[4,-3],[-7,-3]],[[166515,5753],[3,-9],[-3,3],[0,6]],[[166515,5753],[7,6],[-4,-6],[-3,0]],[[155599,6203],[-4,3],[10,0],[-6,-3]],[[155479,6480],[3,0],[0,-3],[-3,3]],[[155592,6203],[0,3],[3,-3],[-3,0]],[[155479,6480],[0,-3],[-3,3],[3,0]],[[156045,5799],[0,3],[3,-3],[-3,0]],[[155492,6461],[0,3],[3,0],[-3,-3]],[[155540,6381],[-3,-3],[0,3],[3,0]],[[165881,9938],[233,71],[84,-40],[110,71],[-42,-163],[-139,-127],[20,-49],[-275,77],[29,86],[-84,16],[64,58]],[[155275,10151],[149,80],[-26,52],[42,37],[220,-6],[48,-108],[-71,-40],[13,-65],[-178,-73],[-197,123]],[[165713,10031],[-51,27],[45,19],[64,-65],[-58,19]],[[165746,10006],[9,-12],[-9,-3],[0,15]],[[165597,10185],[0,-13],[-7,0],[7,13]],[[165568,10024],[0,7],[6,-7],[-6,0]],[[165723,3283],[-55,55],[-133,-15],[94,37],[-42,58],[142,185],[165,-46],[68,-142],[91,-52],[-78,-58],[-207,15],[-42,-59],[62,-24],[19,-99],[-90,13],[-165,-77],[80,178],[91,31]],[[166460,4333],[-152,19],[-39,64],[201,43],[155,-150],[-165,24]],[[165432,4364],[0,15],[16,7],[-16,-22]],[[157442,4296],[-16,-12],[-10,9],[26,3]],[[166512,4250],[6,6],[13,-6],[-19,0]],[[162906,3101],[10,0],[7,-6],[-17,6]],[[165726,3625],[7,6],[6,-6],[-13,0]],[[157254,4330],[20,-3],[-10,-3],[-10,6]],[[157248,4158],[3,9],[13,3],[-16,-12]],[[162874,3095],[20,6],[-7,-6],[-13,0]],[[164080,2852],[0,9],[7,-9],[-7,0]],[[165325,4302],[13,3],[10,-3],[-23,0]],[[163854,2833],[-7,3],[7,0],[0,-3]],[[156698,3492],[3,10],[3,-10],[-6,0]],[[165432,3378],[10,0],[-10,-3],[0,3]],[[162897,3089],[-7,-3],[-3,3],[10,0]],[[157034,2972],[-3,-6],[-3,6],[6,0]],[[165590,4576],[-3,4],[3,3],[0,-7]],[[156685,4524],[6,-3],[-6,-3],[0,6]],[[156727,3406],[3,3],[4,-6],[-7,3]],[[165367,4312],[-3,-10],[-10,3],[13,7]],[[166515,4265],[3,-3],[-3,0],[0,3]],[[156675,3422],[4,0],[-10,-4],[6,4]],[[157387,2371],[-4,0],[10,3],[-6,-3]],[[156527,4065],[0,3],[3,-3],[-3,0]],[[162868,3092],[3,0],[6,-3],[-9,3]],[[162758,3040],[-7,-3],[13,6],[-6,-3]],[[162874,3095],[0,-3],[-3,3],[3,0]],[[165455,4364],[-4,0],[0,3],[4,-3]],[[163993,2849],[-3,0],[0,3],[3,-3]],[[156381,4410],[-3,3],[0,3],[3,-6]],[[162874,3095],[0,3],[3,0],[-3,-3]],[[162910,3107],[-7,0],[7,4],[3,-4],[-3,0]],[[156381,4410],[3,3],[0,-3],[-3,0]],[[157290,4173],[0,3],[3,-3],[-3,0]],[[165196,11564],[-78,241],[-103,27],[-139,-58],[-185,132],[182,120],[129,-6],[-10,86],[94,68],[-71,111],[116,-31],[191,126],[68,-24],[1,-17],[510,-504],[-45,7],[252,-161],[-49,13],[20,-28],[368,-40],[-16,-317],[-204,-164],[182,16],[29,108],[148,-395],[-165,-67],[-77,64],[-159,-3],[-55,-24],[-25,-96],[-204,-74],[-246,74],[-68,74],[55,68],[-77,102],[-36,203],[-139,92],[-32,-74],[-65,197],[-243,37],[146,117]],[[166535,11663],[35,65],[62,-59],[-97,-6]],[[164788,11801],[-29,-3],[13,16],[16,-13]],[[164808,11755],[-32,-3],[16,16],[16,-13]],[[164766,11666],[10,3],[-33,-22],[23,19]],[[164759,12017],[7,0],[-10,-9],[3,9]],[[164776,11694],[6,6],[3,-6],[-9,0]],[[164769,11712],[7,0],[3,-6],[-10,6]],[[164940,12066],[4,3],[0,-6],[-4,3]],[[165028,12239],[0,-3],[-3,3],[3,0]],[[164766,11746],[0,3],[6,0],[-6,-3]],[[165018,12245],[0,-3],[-3,0],[3,3]],[[166299,11666],[0,3],[3,-3],[-3,0]],[[164646,1993],[-162,-28],[-194,105],[-16,191],[210,67],[-58,139],[210,-56],[-74,-144],[62,-47],[-30,-27],[72,43],[29,-89],[58,30],[23,-67],[106,27],[23,-46],[87,3],[13,90],[49,-81],[38,105],[172,22],[-252,9],[-30,65],[62,27],[-149,65],[178,46],[-165,28],[23,92],[-62,47],[236,12],[104,-62],[-13,83],[-139,22],[100,99],[91,0],[64,-105],[101,40],[-42,-56],[132,-101],[-52,-80],[55,-71],[-239,-176],[78,-43],[-17,-74],[117,-148],[0,-49],[-87,-43],[168,-6],[-136,-163],[152,-93],[-146,14],[0,-1],[-1,1],[-50,5],[-17,64],[-155,13],[-6,163],[-29,46],[-62,-18],[-13,64],[-42,-49],[52,-40],[-65,-52],[49,-34],[29,40],[-55,-86],[74,-37],[-3,-43],[-100,55],[-152,-89],[10,-77],[-46,12],[-16,40],[-3,-3],[0,3],[3,0],[-16,37],[-191,43],[-3,65],[-68,34],[10,64],[-42,22],[58,52],[94,-6],[-42,65],[93,-28],[-45,59]],[[163463,1201],[42,-86],[-139,-139],[19,-46],[-8,-10],[2,-2],[-2,1],[-66,-87],[19,-84],[-81,-55],[-126,83],[-55,-15],[0,163],[-137,9],[1,-49],[-77,-56],[9,-55],[-90,15],[-26,-40],[-45,133],[-126,80],[9,49],[62,3],[119,-145],[65,-12],[3,74],[59,28],[-78,61],[58,65],[-22,108],[84,-93],[93,65],[-38,68],[158,135],[65,167],[48,-170],[3,1],[-3,2],[3,3],[0,-5],[36,5],[129,121],[-55,114],[136,36],[-13,96],[-152,-28],[33,46],[-139,-33],[6,40],[-81,3],[65,30],[-45,41],[90,30],[62,-55],[25,46],[62,-12],[16,83],[-107,-52],[7,49],[-75,6],[162,151],[142,-194],[-29,-108],[55,-21],[78,-219],[-23,-40],[-52,37],[-132,-49],[-146,-136],[10,-179],[71,-30],[62,58]],[[162931,935],[118,29],[6,40],[-110,-11],[4,-1],[-4,0],[-1,1],[-15,-1],[2,-57]],[[160155,468],[106,-25],[-87,-33],[-19,58]],[[159928,317],[36,-43],[-58,-21],[22,64]],[[162276,1919],[61,80],[-19,-65],[-21,-7],[-15,-55],[4,28],[11,26],[-21,-7]],[[163857,2103],[-6,-24],[-52,58],[58,-34]],[[165500,1546],[39,6],[-36,-34],[-3,28]],[[164358,2405],[-32,31],[19,19],[13,-50]],[[162583,1035],[13,46],[3,-62],[-16,16]],[[162370,2042],[-46,-40],[23,34],[23,6]],[[160721,508],[48,34],[-65,-55],[17,21]],[[159964,370],[19,21],[16,-21],[-35,0]],[[164801,2439],[0,25],[26,-28],[-26,3]],[[162687,1488],[19,12],[-13,-37],[-6,25]],[[162719,1386],[32,15],[-9,-27],[-23,12]],[[164439,1854],[10,28],[6,-25],[-16,-3]],[[158919,976],[23,34],[-3,-37],[-20,3]],[[163007,1290],[-36,10],[20,6],[16,-16]],[[162402,1235],[-10,6],[33,6],[-23,-12]],[[160190,638],[29,-7],[-32,-6],[3,13]],[[164921,2433],[26,-6],[-16,-6],[-10,12]],[[158929,1266],[13,9],[-10,-28]],[[158932,1247],[-3,19]],[[162709,758],[7,-3],[-10,-13],[3,16]],[[162273,662],[-10,-31],[-6,25],[16,6]],[[159915,333],[26,0],[-6,-7],[-20,7]],[[165012,2196],[13,6],[9,-3],[-22,-3]],[[163217,656],[6,9],[4,-9],[-10,0]],[[164805,2547],[13,9],[-4,-9],[-9,0]],[[158337,1586],[4,9],[13,-3],[-17,-6]],[[158939,1278],[-3,12],[9,-9],[-6,-3]],[[160918,517],[3,10],[19,3],[-22,-13]],[[162295,813],[10,3],[7,-3],[-17,0]],[[160248,299],[7,-3],[-7,-7],[0,10]],[[159550,1121],[6,6],[7,-3],[-13,-3]],[[165539,1854],[-10,3],[6,6],[4,-9]],[[165671,1906],[7,0],[6,-6],[-13,6]],[[165422,2639],[13,6],[-3,-6],[-10,0]],[[159531,1106],[9,9],[0,-6],[-9,-3]],[[163463,1201],[6,3],[13,-3],[-19,0]],[[159020,1266],[6,3],[0,-9],[-6,6]],[[158813,1010],[9,3],[-6,-6],[-3,3]],[[158451,1358],[-7,12],[13,-12],[-6,0]],[[159518,1146],[3,-7],[-13,4],[10,3]],[[158431,1420],[7,0],[3,-6],[-10,6]],[[163210,1666],[4,9],[3,-3],[-7,-6]],[[162247,579],[0,3],[13,-3],[-13,0]],[[159065,1238],[10,3],[6,-3],[-16,0]],[[165532,1854],[-3,-3],[-7,3],[10,0]],[[158819,982],[0,7],[10,-3],[-10,-4]],[[163217,1743],[6,3],[-3,-6],[-3,3]],[[164216,2686],[3,6],[0,-10],[-3,4]],[[165422,2719],[3,10],[7,-3],[-10,-7]],[[159417,653],[7,0],[3,-9],[-10,9]],[[159537,1133],[0,3],[7,-3],[-7,0]],[[158929,1247],[3,0]],[[158932,1247],[4,0],[-7,-9],[0,9]],[[165332,2180],[0,4],[6,-7],[-6,3]],[[159062,868],[6,0],[-3,-3],[-3,3]],[[160986,514],[0,6],[6,0],[-6,-6]],[[162095,761],[6,6],[0,-3],[-6,-3]],[[159501,1146],[-6,6],[10,-6],[-4,0]],[[162299,1977],[3,9],[3,3],[-6,-12]],[[165422,2642],[-3,-3],[0,6],[3,-3]],[[162331,1931],[-3,0],[0,3],[3,-3]],[[158916,1213],[-9,-3],[3,3],[6,0]],[[160281,311],[0,-3],[-7,3],[7,0]],[[163230,653],[0,3],[3,3],[-3,-6]],[[163240,653],[-4,-3],[-6,0],[10,3]],[[163240,662],[-7,-6],[3,6],[4,0]],[[160223,628],[3,3],[3,-3],[-6,0]],[[164375,2562],[-4,0],[0,3],[4,-3]],[[163434,1035],[3,-3],[-7,3],[4,0]],[[159058,865],[0,3],[4,-3],[-4,0]],[[158903,970],[7,0],[-7,-3],[0,3]],[[163624,2100],[0,-3],[-6,0],[6,3]],[[158784,992],[-4,-3],[0,3],[4,0]],[[159042,927],[4,3],[3,0],[-7,-3]],[[165076,1817],[0,3],[3,0],[-3,-3]],[[162101,791],[4,4],[0,-4],[-4,0]],[[165435,2639],[0,3],[3,0],[-3,-3]],[[158787,986],[0,6],[3,-3],[-3,-3]],[[160265,628],[3,3],[0,-3],[-3,0]],[[165377,2045],[0,3],[3,-3],[-3,0]],[[162185,902],[4,0],[-4,-3],[0,3]],[[159563,681],[0,3],[3,3],[-3,-6]],[[158428,1414],[0,-3],[-3,6],[3,-3]],[[163844,2066],[-3,7],[3,-3],[0,-4]],[[160071,631],[3,0],[3,-3],[-6,3]],[[157969,2026],[0,4],[3,-4],[-3,0]],[[162945,986],[4,3],[0,-3],[-4,0]],[[158822,1019],[0,-3],[-3,0],[3,3]],[[162289,1956],[-7,-3],[4,3],[3,0]],[[158939,970],[3,0],[0,-3],[-3,3]],[[158907,1204],[0,3],[3,0],[-3,-3]],[[164982,2267],[-3,3],[3,0],[0,-3]],[[162942,979],[0,-3],[-3,0],[3,3]],[[162855,1395],[3,0],[-3,-3],[0,3]],[[159353,561],[-3,3],[3,3],[0,-6]],[[159556,1297],[0,3],[4,0],[-4,-3]],[[165516,2402],[3,0],[0,-3],[-3,3]],[[159265,554],[-3,0],[3,3],[0,-3]],[[163062,807],[-4,0],[4,3],[0,-3]],[[163236,653],[0,3],[4,0],[-4,-3]],[[162409,1257],[-4,3],[4,0],[0,-3]],[[162816,770],[0,3],[3,-3],[-3,0]],[[162370,2042],[-4,3],[4,0],[0,-3]],[[165338,1614],[0,3],[3,-3],[-3,0]],[[159615,1173],[0,3],[3,-3],[-3,0]],[[165522,2405],[4,0],[0,-3],[-4,3]],[[162185,902],[-3,0],[0,3],[3,-3]],[[159039,967],[-3,0],[3,3],[0,-3]],[[159388,557],[0,4],[4,0],[-4,-4]],[[155379,9288],[13,139],[184,176],[26,-87],[100,-27],[-42,92],[120,-126],[184,-31],[61,-105],[-294,19],[-268,-99],[-84,49]],[[155945,9187],[197,-117],[-185,37],[-12,80]],[[165807,9230],[107,49],[-29,-40],[-78,-9]],[[155259,9387],[32,-12],[-45,-19],[13,31]],[[162528,7284],[26,-7],[-6,-24],[-20,31]],[[155563,9215],[-16,-13],[-33,6],[49,7]],[[166619,7351],[-26,19],[29,6],[-3,-25]],[[160895,7786],[0,9],[16,6],[-16,-15]],[[160889,7912],[-10,3],[13,6],[-3,-9]],[[165771,9295],[0,-13],[-9,3],[9,10]],[[155398,9267],[-13,0],[-6,12],[19,-12]],[[160248,7742],[17,13],[3,-13],[-20,0]],[[155398,9276],[-13,6],[19,-9],[-6,3]],[[161830,7995],[6,-9],[-13,-3],[7,12]],[[165416,9292],[0,6],[13,-3],[-13,-3]],[[164727,8879],[3,6],[10,-3],[-13,-3]],[[155860,9168],[10,6],[-6,-12],[-4,6]],[[160303,7742],[13,-6],[-19,3],[6,3]],[[166493,7216],[-10,-6],[3,6],[7,0]],[[155317,9258],[0,6],[10,-9],[-10,3]],[[166573,8672],[4,-6],[-10,6],[6,0]],[[155741,9267],[-3,-16],[-4,7],[7,9]],[[155372,9285],[-3,-3],[-7,6],[10,-3]],[[160200,7804],[0,-6],[-3,3],[3,3]],[[165406,9288],[3,4],[7,-7],[-10,3]],[[155249,9322],[4,3],[6,-3],[-10,0]],[[155366,9279],[6,3],[0,-3]],[[155372,9279],[0,-3],[-6,3]],[[164297,8984],[10,0],[-7,-4],[-3,4]],[[160873,7912],[0,3],[6,-3],[-6,0]],[[159851,7903],[6,3],[-6,-7],[0,4]],[[155401,9261],[3,3],[4,-3],[-7,0]],[[160805,8053],[3,4],[6,0],[-9,-4]],[[155686,9319],[6,3],[-3,-3],[-3,0]],[[165316,9147],[0,-3],[-10,3],[10,0]],[[160203,7801],[3,3],[-3,-6],[0,3]],[[157545,8777],[3,-3],[-6,3],[3,0]],[[160831,7973],[3,7],[3,-7],[-6,0]],[[160109,7940],[0,3],[7,-3],[-7,0]],[[165371,9251],[0,7],[3,-7],[-3,0]],[[160206,7798],[4,3],[3,0],[-7,-3]],[[165299,9174],[0,-3],[-6,7],[6,-4]],[[162557,7259],[3,9],[0,-6],[-3,-3]],[[166570,8679],[3,3],[4,-3],[-7,0]],[[166548,8679],[-4,-3],[0,3],[4,0]],[[155198,6929],[3,3],[3,0],[-6,-3]],[[160423,7983],[-6,3],[3,0],[3,-3]],[[160084,7893],[0,3],[3,0],[-3,-3]],[[165296,9147],[3,3],[4,-3],[-7,0]],[[164048,8771],[0,3],[3,-3],[-3,0]],[[162163,7693],[3,3],[3,0],[-6,-3]],[[166438,7792],[3,3],[0,-3],[-3,0]],[[160882,7893],[-3,-3],[0,3],[3,0]],[[159854,7909],[3,3],[0,-3],[-3,0]],[[161972,7801],[3,3],[0,-3],[-3,0]],[[157422,8888],[-3,3],[7,-3],[-4,0]],[[166454,7921],[0,3],[3,0],[-3,-3]],[[155624,9202],[0,3],[4,0],[-4,-3]],[[155372,9279],[3,6],[0,-6],[-3,0]],[[166454,7918],[3,0],[-3,-3],[0,3]],[[166567,7672],[0,3],[3,-3],[-3,0]],[[155210,6917],[4,3],[0,-3],[-4,0]],[[166603,7638],[-4,-3],[0,3],[4,0]],[[155201,6920],[0,3],[3,0],[-3,-3]],[[154955,9612],[10,0],[-7,-3],[-3,3]],[[155194,9750],[0,-12],[-3,12],[3,0]],[[154949,9587],[3,0],[-3,-3],[0,3]],[[154787,9723],[0,-3],[-3,3],[3,0]],[[154790,9772],[-23,12],[23,6],[0,-18]],[[154852,9960],[0,3],[12,-6],[-12,3]],[[154871,10009],[0,-3],[-3,3],[3,0]],[[155152,6991],[0,3],[4,-3],[-4,0]],[[154784,9575],[45,-9],[-32,-16],[-13,25]],[[155049,10111],[0,3],[2,-2],[66,171],[13,-326],[-65,-80],[16,-148],[-58,-77],[-104,95],[23,77],[-71,200],[145,-3],[35,90],[-2,0]],[[154887,9658],[13,15],[10,-27],[-23,12]],[[155075,9640],[0,12],[16,9],[-16,-21]],[[155097,9673],[4,3],[-4,-6],[0,3]],[[154936,9710],[3,3],[0,-3],[-3,0]],[[154864,7601],[0,6],[4,-9],[-4,3]],[[154793,7681],[-3,3],[3,0],[0,-3]],[[154787,7792],[3,3],[0,-3],[-3,0]],[[154868,7595],[-4,0],[0,3],[4,-3]],[[154949,7438],[3,3],[0,-3],[-3,0]],[[154984,7413],[3,3],[0,-3],[-3,0]],[[154981,7416],[-3,3],[3,0],[0,-3]],[[154884,7524],[0,3],[3,-3],[-3,0]],[[154903,7502],[0,3],[4,0],[-4,-3]],[[154790,7764],[3,3],[0,-3],[-3,0]],[[154767,7893],[-3,6],[7,-6],[-4,0]],[[154548,8620],[0,3],[3,-3],[-3,0]],[[154767,7887],[4,3],[0,-3],[-4,0]],[[154767,7884],[4,0],[-4,-3],[0,3]],[[154593,8355],[3,-3],[-6,3],[3,0]],[[154767,7906],[-3,0],[3,3],[0,-3]],[[154638,8688],[0,3],[3,0],[-3,-3]],[[154635,8303],[-3,3],[3,0],[0,-3]],[[154761,7912],[-3,0],[3,3],[0,-3]],[[154658,8297],[3,0],[0,-3],[-3,3]],[[154635,8303],[3,0],[0,-3],[-3,3]],[[154599,8500],[0,3],[4,0],[-4,-3]],[[154667,8291],[3,3],[0,-3],[-3,0]],[[154599,8500],[4,0],[-4,-3],[0,3]],[[154680,10345],[3,-3],[-3,0],[0,3]],[[154764,9449],[3,6],[10,-10],[-13,4]],[[154738,9452],[13,3],[0,-6],[-13,3]],[[154945,9547],[-3,-3],[0,6],[3,-3]],[[154842,9532],[3,3],[0,-3],[-3,0]],[[155026,9381],[7,-3],[-4,-3],[-3,6]],[[154835,9091],[4,0],[0,-3],[-4,3]],[[154674,8753],[-4,0],[0,3],[4,0],[0,-3]],[[154826,9110],[0,-3],[-4,3],[4,0]],[[154784,9439],[0,3],[3,0],[-3,-3]],[[154819,9014],[0,3],[3,0],[-3,-3]],[[154764,9285],[0,3],[3,-3],[-3,0]],[[154797,9412],[-4,0],[4,3],[0,-3]],[[154981,9479],[0,3],[3,-3],[-3,0]],[[154670,8746],[-3,0],[0,3],[3,-3]],[[154628,8740],[-3,3],[3,0],[0,-3]],[[104071,88881],[100,-19],[39,-65],[71,50],[113,-74],[23,-228],[74,123],[84,-62],[-13,-43],[16,43],[101,-55],[-62,-200],[101,-219],[-85,-74],[-55,-157],[97,28],[28,92],[112,-52],[-52,68],[12,21],[-22,-12],[36,49],[-12,-34],[96,167],[-42,74],[64,104],[0,-86],[61,86],[-32,3],[-103,77],[29,299],[-45,222],[113,-34],[-19,-46],[194,18],[297,-203],[236,-49],[139,-268],[256,-247],[-7,-64],[-136,-80],[13,-77],[49,74],[152,55],[191,-15],[-146,221],[3,90],[71,43],[-90,-16],[-39,247],[-48,15],[-49,-58],[-301,545],[110,-53],[188,-258],[84,46],[-104,114],[-25,126],[174,-142],[55,31],[311,-55],[74,34],[113,-53],[252,117],[-55,56],[127,89],[-114,-9],[-178,-145],[-177,-6],[-13,68],[181,132],[-275,-95],[-171,86],[-23,114],[-246,200],[-13,145],[346,3],[88,92],[119,40],[65,102],[-346,-132],[-463,86],[-122,151],[113,114],[-107,18],[55,-37],[-78,-89],[-3,157],[-90,12],[64,-138],[-68,-44],[-177,275],[0,-31],[-133,6],[39,277],[161,133],[-32,169],[178,129],[103,204],[52,3],[-113,237],[126,-77],[29,71],[36,-19],[19,-102],[-45,-120],[94,-37],[32,179],[91,-22],[45,65],[-58,114],[25,71],[33,-80],[103,-34],[278,120],[81,173],[-35,141],[-78,31],[-3,52],[77,161],[178,113],[-16,379],[146,327],[-59,181],[194,0],[-25,68],[90,123],[42,-228],[152,-67],[165,9],[181,89],[136,148],[116,-3],[130,148],[184,391],[-246,323],[-152,40],[81,502],[-39,105],[39,105],[113,71],[59,-3],[61,-111],[110,-3],[294,178],[65,256],[-16,422],[165,-96],[-33,120],[65,-9],[81,96],[19,-37],[52,21],[171,-89],[13,-71],[-55,-83],[58,-99],[-3,74],[42,-49],[0,52],[-64,47],[80,-28],[68,52],[7,-52],[26,40],[51,-40],[-42,-77],[68,15],[16,65],[30,-46],[80,15],[-19,-145],[65,96],[-75,120],[214,-71],[6,-71],[58,105],[104,18],[-159,-27],[-35,18],[74,74],[-90,-55],[0,52],[-133,15],[-55,53],[-97,-46],[-42,98],[-87,56],[13,55],[106,-21],[13,-114],[65,172],[78,-22],[35,-86],[-35,93],[-136,52],[48,43],[-116,-37],[48,237],[75,37],[-81,117],[136,46],[-143,133],[130,74],[472,-173],[-26,-138],[-97,-136],[168,157],[-16,-218],[-57,-75],[73,35],[-39,-133],[44,-33],[24,199],[71,25],[-16,-74],[78,-74],[-42,93],[81,9],[87,-142],[-68,-37],[71,3],[3,-144],[33,86],[64,-74],[-16,-83],[42,80],[-84,154],[165,-16],[39,-83],[22,8],[-22,42],[10,15],[12,-57],[49,17],[-45,102],[-26,-31],[-71,83],[-123,15],[-23,71],[75,-12],[-68,24],[-68,127],[68,-43],[77,24],[-25,-52],[35,43],[3,-77],[49,99],[13,-87],[64,-15],[-25,-37],[32,43],[16,-46],[-23,182],[-51,27],[51,50],[-203,-68],[-46,31],[152,77],[-84,-22],[-16,68],[-22,-65],[-94,77],[-29,-105],[-84,59],[67,83],[-64,62],[87,-3],[-3,89],[61,9],[114,142],[161,-37],[0,-46],[120,46],[116,-92],[-32,49],[149,24],[-78,4],[-3,64],[100,-18],[-107,83],[-48,-56],[55,281],[-91,83],[-19,111],[158,80],[65,-74],[155,37],[39,-86],[142,30],[172,-166],[-94,-34],[55,-6],[-13,-92],[84,9],[-23,-56],[29,59],[-87,9],[16,71],[126,62],[-71,40],[146,329],[-26,71],[100,105],[10,-83],[68,-62],[-23,-237],[65,-136],[152,-138],[294,-86],[915,30],[401,182],[81,-28],[113,-151],[424,-95],[326,280],[172,56],[45,77],[78,-10],[51,-157],[243,77],[116,-114],[91,43],[81,235],[229,67],[139,117],[68,-61],[168,58],[-32,222],[74,351],[42,34],[-61,212],[-181,102],[210,185],[-336,28],[-133,120],[20,132],[294,-52],[-191,206],[55,99],[-94,24],[16,77],[-109,53],[97,111],[-140,-53],[-87,89],[-330,50],[-165,-77],[-213,31],[-320,-204],[-74,16],[0,-71],[-162,49],[-100,126],[-13,71],[58,0],[35,86],[-55,34],[-161,-24],[6,74],[-106,-19],[-72,43],[146,59],[-55,27],[-7,81],[-113,-71],[-39,21],[81,120],[-93,-15],[-178,95],[-65,-61],[-204,-37],[-58,74],[62,-31],[6,62],[81,-10],[-16,84],[168,-41],[-10,84],[-110,126],[81,-43],[68,52],[65,-77],[6,163],[97,-80],[-26,-24],[75,-62],[3,-71],[55,43],[52,-24],[0,71],[35,-22],[45,52],[-80,127],[109,15],[-80,117],[74,34],[58,-15],[113,-216],[94,62],[-29,-37],[55,-10],[7,-117],[90,65],[-55,-157],[65,-34],[-52,-172],[74,-65],[46,166],[61,-80],[-39,-185],[42,3],[39,-120],[23,74],[87,-61],[-61,169],[32,34],[91,-59],[45,93],[-126,117],[-81,-68],[84,173],[-58,83],[61,52],[-123,120],[3,74],[-67,19],[-20,101],[168,-28],[23,-101],[158,-105],[-9,-68],[132,-169],[-51,305],[174,24],[62,84],[-20,77],[162,-284],[-32,-268],[80,-15],[20,95],[61,22],[-9,108],[45,46],[55,-18],[87,-127],[94,-40],[-65,-86],[75,22],[25,-74],[-51,-40],[148,-40],[123,-161],[117,-52],[58,-216],[90,-104],[214,-6],[165,221],[74,13],[52,117],[81,34],[29,-65],[123,-40],[42,129],[-143,139],[172,24],[165,-264],[123,-47],[126,-221],[97,-47],[-16,-110],[265,-465],[310,-81],[294,121],[46,-77],[-123,-19],[3,-132],[171,-28],[-3,58],[107,77],[39,-77],[-52,-33],[162,-31],[26,-71],[252,126],[-52,-357],[146,212],[135,-9],[-3,-86],[87,6],[107,56],[-22,30],[71,62],[-33,40],[230,-22],[107,62],[68,114],[139,9],[100,-98],[161,34],[75,-84],[-84,-12],[-78,-117],[-142,-3],[-78,-83],[52,-111],[65,-3],[71,-108],[103,19],[10,-44],[398,204],[129,-133],[-10,-120],[181,114],[143,-172],[-81,-90],[71,-55],[32,28],[36,-111],[-103,-219],[64,-108],[39,188],[110,117],[84,6],[-26,154],[129,7],[246,-198],[434,-80],[352,71],[168,105],[104,166],[194,40],[74,-31],[-23,-129],[49,-9],[61,-139],[143,-37],[-4,-163],[46,-55],[371,-84],[275,-317],[288,77],[220,-181],[-10,64],[-158,151],[339,3],[101,-101],[148,33],[33,50],[-126,-37],[-295,163],[266,86],[42,56],[-42,58],[148,56],[49,67],[181,7],[-52,-56],[32,-43],[120,0],[175,86],[42,80],[161,-123],[272,191],[828,265],[-107,-105],[-22,34],[-127,-28],[7,-49],[-194,-135],[-45,-108],[-340,-237],[13,-173],[207,-212],[-45,-87],[123,145],[64,25],[13,-49],[29,141],[81,80],[162,50],[103,101],[23,-123],[61,120],[55,-37],[65,74],[32,-40],[4,46],[132,59],[7,104],[135,65],[-229,-379],[-55,10],[-91,-117],[130,-164],[106,19],[36,105],[116,6],[46,-53],[-29,-61],[-68,-10],[-13,-73],[-65,18],[45,-92],[-152,-154],[-29,-133],[36,59],[119,-9],[-61,-145],[71,-49],[-6,-105],[48,58],[20,-27],[87,166],[68,-86],[74,58],[45,-31],[94,40],[29,-83],[204,3],[-10,-52],[272,243],[0,105],[97,132],[-29,50],[87,61],[-26,77],[113,37],[-48,0],[-81,139],[-356,-28],[-42,86],[-148,-18],[-10,86],[158,34],[-13,65],[65,-3],[107,203],[197,65],[49,-37],[9,73],[84,19],[-6,49],[35,-24],[117,191],[52,-41],[38,93],[156,-37],[106,43],[23,74],[100,-9],[39,49],[-39,77],[62,-120],[-110,-80],[-243,-59],[3,-114],[-51,62],[-39,-62],[81,-6],[64,-117],[42,126],[91,19],[100,-271],[94,-49],[-39,-182],[78,-160],[139,-90],[10,-107],[187,-56],[45,65],[68,-16],[65,121],[-45,58],[-81,-46],[22,49],[-100,71],[-68,-37],[10,49],[327,83],[100,-147],[191,-37],[42,-87],[58,-3],[-7,-98],[84,-3],[23,-167],[-37,-26],[66,-44],[117,49],[-49,-99],[-200,-49],[-388,-406],[-30,-105],[-38,92],[48,93],[62,9],[-4,126],[-219,-92],[54,-114],[-51,-31],[71,-15],[-32,-62],[-140,-34],[-3,-26],[7,14],[123,-6],[38,61],[49,-80],[-107,-21],[-116,-136],[-49,-123],[52,-133],[-197,37],[-88,-73],[-9,-74],[71,-77],[-52,-133],[42,-74],[-119,65],[0,145],[-110,95],[-84,-55],[58,-151],[-84,3],[-107,117],[-58,-40],[71,-62],[-16,-129],[116,-99],[110,4],[-19,-130],[294,-105],[23,-126],[74,-40],[-126,-40],[-26,151],[-126,-95],[0,-62],[-65,0],[-19,169],[-78,-86],[-42,49],[-87,-49],[-123,40],[87,-86],[88,34],[6,-62],[81,-9],[-3,-105],[106,-18],[-113,-293],[-68,46],[-87,-67],[-49,-265],[-71,-3],[23,74],[-45,18],[-133,-80],[-178,-253],[-42,7],[-39,77],[62,67],[-32,84],[129,-10],[65,83],[-104,241],[49,24],[-52,71],[48,31],[7,105],[-126,126],[-136,-231],[97,-40],[-45,-74],[29,-46],[-107,-28],[19,71],[-103,-31],[-10,105],[-35,-77],[-78,28],[-16,-56],[107,-55],[-39,-43],[32,-84],[-74,37],[-68,-138],[-81,43],[-45,-28],[61,-123],[-84,49],[-68,182],[52,74],[-16,191],[-155,-123],[35,-34],[-97,-111],[20,-77],[-72,21],[-38,-40],[38,-74],[-51,-144],[-110,295],[-117,-55],[-39,-197],[-51,135],[-94,-55],[-126,-283],[132,-50],[17,-123],[152,49],[-39,-135],[-104,12],[7,-77],[-120,130],[-110,-47],[-16,-246],[45,-129],[-93,-13],[-17,-77],[97,-95],[52,-145],[84,34],[49,-55],[-107,-37],[-32,-74],[113,-108],[136,12],[252,188],[-26,92],[184,-9],[-226,-332],[10,-201],[-78,-92],[-10,-117],[-255,-289],[10,-161],[-110,-385],[80,-73],[-74,30],[-210,-148],[-71,10],[-152,-163],[-142,24],[87,-80],[-201,-314],[7,-77],[-162,3],[-97,-253],[-171,-172],[-62,-197],[75,-86],[-71,0],[-65,-71],[-110,0],[-159,-182],[-109,28],[93,-453],[223,-329],[324,-201],[249,-24],[216,-194],[81,-3],[369,-204],[385,-320],[591,-323],[146,-3],[97,-71],[97,-370],[152,-166],[0,-111],[29,74],[278,-74],[395,-326],[45,9],[23,-65],[42,25],[-30,43],[201,68],[74,104],[68,-18],[23,43],[32,-65],[136,-33],[-133,-253],[-129,28],[49,-40],[-42,-31],[80,-6],[143,-194],[-75,-142],[49,-86],[74,-3],[136,132],[-32,-83],[200,52],[214,-101],[207,-19],[-130,117],[185,77],[25,74],[29,-74],[55,6],[259,-218],[550,-210],[178,-224],[-46,12],[253,-160],[35,3],[-87,49],[168,-86],[534,-96],[504,-175],[427,-588],[430,-355]],[[129682,96689],[-163,-115],[126,43],[37,72]],[[128928,95942],[-62,-12],[36,-40],[26,52]],[[117093,101113],[51,3],[-55,-18],[4,15]],[[130163,85869],[13,9],[-16,-34],[3,25]],[[114700,100510],[0,6],[6,3],[-6,-9]],[[115246,100750],[7,12],[0,-18],[-7,6]],[[116436,100845],[-10,87],[36,-22],[-26,-65]],[[130273,86210],[10,-12],[-13,3],[3,9]],[[129801,86084],[3,9],[3,-6],[-6,-3]],[[130270,86241],[-4,6],[7,0],[-3,-6]],[[130266,86251],[-3,3],[3,3],[0,-6]],[[129338,86214],[-48,55],[97,-9],[-49,-46]],[[129772,86170],[-7,-52],[-23,28],[30,24]],[[129025,86161],[0,22],[19,-19],[-19,-3]],[[129047,86500],[13,12],[10,-24],[-23,12]],[[129555,86297],[0,12],[16,-3],[-16,-9]],[[130205,86503],[-13,3],[10,9],[3,-12]],[[130182,86546],[4,12],[6,-9],[-10,-3]],[[129063,86306],[4,12],[3,-12],[-7,0]],[[129396,86466],[-6,9],[13,-6],[-7,-3]],[[129384,86297],[-4,3],[10,9],[-6,-12]],[[129206,86180],[-7,3],[3,6],[4,-9]],[[129283,86210],[0,7],[7,-3],[-7,-4]],[[129607,86331],[3,6],[3,-3],[-6,-3]],[[116973,100587],[-42,107],[126,-74],[-39,-61],[-45,28]],[[116530,100645],[16,46],[62,-9],[-78,-37]],[[129089,100808],[81,3],[-52,-46],[-29,43]],[[116449,100824],[-13,-56],[-26,-12],[39,68]],[[129041,100577],[-23,19],[36,-6],[-13,-13]],[[129044,100611],[3,13],[3,-1],[-42,38],[43,46],[64,-25],[-29,43],[74,49],[23,-46],[-142,-357],[-10,-142],[-171,-92],[55,-74],[-188,-108],[3,-138],[-87,-59],[-36,-108],[-174,-188],[-58,37],[-78,-89],[-61,37],[74,40],[0,71],[3,65],[58,-3],[198,191],[19,150],[123,136],[16,98],[58,-12],[59,77],[80,-28],[62,74],[3,136],[-42,21],[71,-18],[20,46],[-72,52],[85,-18],[35,65],[-28,25],[-14,-4]],[[129772,86244],[-65,34],[32,111],[-64,22],[67,-6],[23,64],[-35,9],[80,62],[97,-102],[-45,120],[75,34],[-30,120],[59,-9],[74,-145],[74,-18],[33,40],[-7,-80],[62,-9],[-29,-277],[106,-87],[-100,-221],[-113,30],[-20,120],[-58,-27],[-74,43],[-13,95],[-61,37],[25,114],[-45,-58],[-32,64],[-16,-80]],[[128698,86802],[-65,-80],[26,-133],[-48,-64],[-126,15],[-91,-43],[-90,31],[58,64],[-26,96],[65,188],[135,0],[39,61],[100,-40],[23,-95]],[[129128,86518],[146,7],[110,-56],[25,-74],[-74,-40],[-84,40],[-26,-43],[58,-6],[20,-65],[-214,-120],[-32,83],[74,71],[-68,40],[17,160],[48,3]],[[129523,86632],[32,-9],[-3,-74],[-117,-31],[-26,56],[49,12],[-71,22],[84,111],[-45,123],[126,111],[-23,-80],[100,-179],[-106,-62]],[[125700,88801],[88,73],[-23,93],[52,52],[107,-40],[16,-166],[-104,31],[-77,-65],[-59,22]],[[129409,86765],[-3,-56],[-200,19],[61,58],[133,16],[-20,-49],[29,12]],[[106308,89108],[-71,68],[198,-61],[-127,-7]],[[129257,86620],[-42,19],[39,52],[97,-37],[-94,-34]],[[125413,90039],[6,43],[87,-13],[-58,-74],[-35,44]],[[128795,86645],[71,46],[39,-43],[-110,-3]],[[125991,88200],[4,22],[32,9],[-36,-31]],[[129862,86654],[16,15],[-9,-27],[-7,12]],[[129710,90507],[10,21],[29,-15],[-39,-6]],[[129633,86614],[6,31],[6,-22],[-12,-9]],[[128349,86879],[-3,12],[22,22],[-19,-34]],[[105911,87997],[13,31],[3,-10],[-16,-21]],[[128818,86703],[16,13],[-10,-19],[-6,6]],[[129794,86959],[-19,3],[16,12],[3,-15]],[[129358,90550],[-10,28],[16,-22],[-6,-6]],[[129781,90501],[-13,9],[17,6],[-4,-15]],[[104827,88151],[-3,9],[10,12],[-7,-21]],[[129028,86629],[-10,-6],[0,9],[10,-3]],[[129856,86503],[-13,9],[3,6],[10,-15]],[[129678,86977],[-3,19],[6,-13],[-3,-6]],[[126279,90245],[-3,3],[26,25],[-23,-28]],[[104711,88024],[7,10],[9,-6],[-16,-4]],[[129710,86574],[-3,6],[19,-3],[-16,-3]],[[129807,86712],[10,-6],[-3,-9],[-7,15]],[[125093,89484],[-7,9],[16,-6],[-9,-3]],[[104666,87929],[-3,12],[6,-12],[-3,0]],[[129455,86743],[-7,6],[7,0],[0,-6]],[[126315,90288],[6,15],[-3,-12],[-3,-3]],[[125445,89940],[-3,6],[3,0],[0,-6]],[[126305,90276],[3,9],[4,-3],[-7,-6]],[[128892,86691],[0,3],[7,0],[-7,-3]],[[129561,86857],[0,3],[4,0],[-4,-3]],[[128051,92043],[-26,65],[46,49],[233,-74],[97,59],[19,111],[68,-108],[74,68],[84,-25],[-22,59],[119,-6],[0,70],[-74,10],[10,95],[-88,46],[26,65],[-55,15],[123,40],[74,-30],[-58,-53],[42,-46],[52,62],[91,-10],[64,161],[3,-37],[75,-10],[23,47],[16,-37],[-36,-167],[-126,-61],[52,-117],[123,12],[-75,-71],[49,-151],[87,34],[152,-74],[87,19],[55,80],[-26,68],[-129,-99],[136,166],[0,108],[213,-58],[62,-133],[-130,-111],[-84,-215],[-145,27],[-136,-144],[-23,-179],[55,-52],[84,21],[-3,-58],[-64,-3],[-30,-62],[-58,34],[-22,-123],[-49,64],[-55,-9],[0,-111],[-68,-52],[55,-59],[-16,-104],[168,-65],[81,25],[-58,58],[39,16],[-20,61],[78,-9],[207,-197],[103,31],[68,111],[-10,89],[52,-22],[-10,-64],[117,-3],[-97,-121],[84,-123],[-62,-49],[75,-74],[-94,0],[55,-58],[-123,58],[-48,-37],[19,-43],[-48,9],[-104,90],[-52,-53],[-77,53],[-10,-50],[-26,77],[-168,34],[-197,-55],[-39,-65],[-103,3],[-65,96],[-443,86],[-178,129],[-133,-18],[-229,-136],[-3,102],[281,135],[103,142],[-113,453],[91,252],[-62,126]],[[127324,92241],[-23,64],[-113,-27],[58,-176],[-162,12],[-38,46],[48,87],[-26,172],[33,28],[68,-77],[90,-6],[7,129],[61,83],[-39,9],[197,31],[36,-83],[129,-43],[29,-86],[-116,-3],[-45,-50],[77,-12],[26,-95],[-77,9],[-39,-200],[-139,-22],[19,99],[-61,111]],[[127162,93057],[23,55],[-68,9],[-23,62],[65,197],[-45,136],[-114,52],[191,-83],[84,-163],[91,-40],[-20,-59],[-74,12],[-36,-58],[-74,43],[84,-120],[-58,-46],[-29,-124],[-45,68],[48,59]],[[128316,92462],[55,0],[-19,56],[68,-13],[32,-212],[-71,-62],[-168,157],[13,62],[90,12]],[[107366,94128],[-7,201],[33,-124],[97,-3],[55,-58],[-23,-34],[-155,18]],[[127890,92077],[-107,10],[74,92],[52,-52],[-19,-50]],[[126955,93226],[13,77],[87,-65],[-106,-61],[6,49]],[[107579,94039],[52,34],[19,-92],[-71,58]],[[127456,92866],[49,-43],[-71,-3],[-20,43],[42,3]],[[128850,92622],[6,34],[52,-15],[-55,-80],[-3,61]],[[127489,93257],[13,71],[84,-80],[-97,9]],[[129707,92703],[113,33],[-42,-64],[-71,31]],[[128572,92626],[26,30],[55,-9],[-81,-21]],[[127017,93737],[-17,-58],[-45,74],[62,-16]],[[127980,92502],[16,-37],[-64,65],[48,-28]],[[127993,92730],[58,25],[10,-31],[-68,6]],[[129639,92613],[-68,-24],[71,55],[-3,-31]],[[128747,92595],[25,55],[10,-40],[-35,-15]],[[126619,93651],[10,-40],[-49,71],[39,-31]],[[128924,92724],[42,46],[7,-55],[-49,9]],[[129131,92539],[-58,-12],[16,31],[42,-19]],[[128818,92653],[-23,-31],[-10,25],[33,6]],[[128721,95083],[-20,25],[29,12],[-9,-37]],[[128918,92718],[10,-22],[-26,-18],[16,40]],[[127909,93688],[-10,19],[42,0],[-32,-19]],[[128553,92262],[0,25],[22,-3],[-22,-22]],[[108469,95693],[-10,18],[39,-24],[-29,6]],[[128585,92444],[-10,-19],[-29,10],[39,9]],[[128423,92518],[-6,34],[32,3],[-26,-37]],[[129849,90787],[10,21],[29,-18],[-39,-3]],[[129801,90907],[22,-6],[-19,-16],[-3,22]],[[129700,92616],[7,25],[26,-12],[-33,-13]],[[128873,95055],[13,16],[9,-22],[-22,6]],[[129794,90676],[7,15],[19,-24],[-26,9]],[[109322,95631],[3,25],[10,-15],[-13,-10]],[[125846,90704],[-6,-22],[-17,13],[23,9]],[[128717,92604],[-6,15],[26,16],[-20,-31]],[[127573,92832],[6,21],[16,-6],[-22,-15]],[[127932,92444],[-10,24],[6,13],[4,-37]],[[129057,95012],[-13,13],[16,9],[-3,-22]],[[129830,90833],[-16,6],[19,10],[-3,-16]],[[127046,93294],[9,18],[7,-12],[-16,-6]],[[129264,91289],[6,25],[4,-31],[-10,6]],[[128650,92610],[16,25],[9,-9],[-25,-16]],[[127440,93306],[-16,9],[16,3],[0,-12]],[[127738,92847],[-4,13],[17,-10],[-13,-3]],[[128837,90630],[-10,25],[10,-7],[0,-18]],[[127557,92099],[3,9],[6,-28],[-9,19]],[[126932,93297],[4,15],[9,-12],[-13,-3]],[[127288,92622],[13,0],[-6,-6],[-7,6]],[[128617,92582],[0,10],[7,0],[-7,-10]],[[109248,95585],[-7,12],[13,-6],[-6,-6]],[[127637,92250],[0,9],[13,3],[-13,-12]],[[126874,93636],[7,6],[-3,-9],[-4,3]],[[126981,92167],[0,6],[10,6],[-10,-12]],[[127249,92083],[-3,7],[10,0],[-7,-7]],[[128465,92425],[0,7],[7,0],[-7,-7]],[[127650,92499],[17,9],[0,-6],[-17,-3]],[[127673,92499],[0,9],[6,-6],[-6,-3]],[[128737,92647],[-3,-3],[-4,6],[7,-3]],[[126179,90889],[-6,6],[9,-3],[-3,-3]],[[128721,92601],[6,3],[0,-3],[-6,0]],[[127443,93211],[-3,6],[7,-3],[-4,-3]],[[128675,92610],[4,6],[0,-3],[-4,-3]],[[109439,99589],[77,-123],[55,6],[-22,-71],[51,-77],[36,58],[97,-24],[187,-151],[-249,308],[-116,0],[26,129],[466,93],[161,141],[434,-178],[61,77],[-39,70],[168,47],[68,138],[113,28],[59,-49],[6,-145],[65,-68],[64,74],[4,-102],[32,108],[-91,19],[42,203],[140,55],[16,81],[77,9],[130,-120],[-42,-139],[161,74],[71,-43],[23,-108],[61,25],[0,98],[117,-24],[-23,-114],[107,-74],[10,-179],[184,-25],[68,-181],[-55,-74],[-94,25],[-120,-139],[-16,-206],[49,-19],[-7,-68],[-135,-15],[-152,92],[-152,-305],[-169,-175],[-80,18],[-240,-178],[-323,-136],[-107,-141],[-97,-13],[-213,-166],[-294,262],[-566,178],[-13,111],[-275,136],[-36,83],[-48,-34],[-49,83],[-81,-21],[-126,80],[-51,104],[45,197],[-191,167],[-71,425],[-65,-3],[-19,61],[87,99],[-152,185],[29,258],[94,13],[369,-351],[87,-10],[36,53],[135,-71],[26,-99],[-158,-126],[45,-111],[223,71],[62,120],[13,-206]],[[109290,98563],[84,-74],[-113,-206],[-123,49],[-223,-58],[-602,181],[-588,-166],[-265,3],[-91,148],[39,62],[132,-28],[-38,43],[45,253],[242,-117],[165,178],[42,-46],[-35,-96],[61,-24],[-42,-49],[78,-68],[-49,71],[23,55],[-58,22],[39,70],[135,-113],[75,24],[58,-89],[-29,101],[-107,-9],[-48,59],[24,21],[-76,93],[-126,6],[32,166],[-84,86],[65,127],[97,40],[126,-179],[-10,108],[-81,21],[-16,71],[-87,-43],[-58,80],[-123,9],[123,179],[129,37],[61,142],[-13,-87],[52,-12],[-16,160],[165,16],[116,71],[72,-188],[129,-139],[-81,-259],[78,-98],[210,-111],[13,-280],[161,-77],[110,3],[196,-136],[2,0],[-1,0],[4,-3]],[[115663,100386],[4,-98],[106,12],[39,-46],[-94,-46],[55,-93],[0,-169],[-64,-40],[-39,-176],[-104,133],[-42,194],[-236,286],[123,50],[16,157],[-90,37],[-75,123],[133,-62],[145,53],[55,194],[97,27],[-48,-129],[110,-360],[-91,-47]],[[125280,97639],[110,262],[120,-74],[81,28],[32,92],[220,-9],[226,154],[100,157],[55,-34],[62,46],[58,93],[-74,61],[32,84],[168,-59],[32,-86],[-258,-231],[-194,-262],[-178,-34],[-23,-83],[-320,-49],[-226,-167],[-23,111]],[[127715,98988],[-58,56],[45,27],[107,-58],[9,77],[75,21],[29,-89],[-142,-111],[-52,16],[-65,-74],[-77,80],[-52,-49],[52,6],[-33,-102],[-103,-15],[-23,46],[-32,-65],[-32,28],[-146,-86],[68,46],[-45,105],[132,-40],[10,46],[68,-13],[-26,87],[65,-7],[-13,59],[81,89],[55,-101],[103,21]],[[127159,97612],[-26,58],[74,-46],[49,83],[71,-43],[-13,83],[45,15],[-13,-77],[62,-46],[171,102],[23,80],[116,9],[-16,-120],[-362,-148],[-10,-49],[-213,9],[-33,71],[81,-31],[-6,50]],[[118166,98868],[-39,40],[194,120],[188,-21],[48,-83],[-113,3],[-81,-87],[-22,62],[-84,-25],[45,-86],[-107,-61],[-29,138]],[[126677,98625],[-126,46],[0,68],[233,123],[77,-19],[-64,-126],[-120,-92]],[[123240,97451],[-88,-132],[-106,40],[-10,173],[-61,80],[203,-71],[62,-90]],[[114855,97461],[13,40],[197,15],[68,-138],[-103,-59],[-175,142]],[[127909,99093],[-19,92],[51,-37],[10,65],[55,-9],[87,114],[65,-6],[78,80],[-78,-201],[-249,-98]],[[118266,99305],[246,93],[84,-154],[-184,28],[-165,-130],[52,123],[-33,40]],[[108976,95998],[10,-65],[-58,-61],[126,-219],[-7,-89],[-51,30],[0,117],[-120,117],[-7,136],[104,68],[3,-34]],[[123175,97649],[149,52],[116,-65],[-107,-89],[-158,102]],[[128371,98375],[59,111],[80,-64],[-3,43],[49,-31],[-26,55],[74,-15],[-3,65],[133,9],[-117,-71],[-22,-71],[-224,-31]],[[128223,98215],[22,148],[68,22],[7,-74],[-68,-90],[22,-120],[-71,-55],[20,169]],[[123650,97892],[0,108],[214,-25],[-214,-83]],[[110684,97461],[80,-62],[-19,-37],[-204,25],[97,71],[75,-44],[-29,47]],[[114127,98945],[10,111],[55,34],[61,-136],[-55,-58],[-71,49]],[[129283,97384],[-3,95],[87,46],[13,-191],[-45,-18],[-52,68]],[[110638,97572],[-97,18],[201,55],[-104,-73]],[[116692,100389],[45,7],[6,-90],[-61,31],[-81,-34],[-61,71],[152,15]],[[128032,98178],[23,-40],[25,25],[17,-86],[-207,-31],[139,77],[3,55]],[[127185,97211],[6,-61],[-152,12],[55,71],[91,-22]],[[110758,97528],[81,56],[106,-16],[-35,-43],[-152,3]],[[126506,98523],[123,49],[-59,-89],[-58,-12],[-6,52]],[[122984,97710],[42,-55],[-110,6],[20,61],[48,-12]],[[110793,97701],[152,46],[26,-43],[-178,-3]],[[126528,98043],[-13,77],[162,89],[-149,-166]],[[114739,99004],[12,89],[68,-56],[-19,-52],[-61,19]],[[108530,95773],[-49,49],[42,28],[59,-31],[-52,-46]],[[127204,98680],[-78,-86],[23,132],[55,-46]],[[126790,97288],[26,176],[39,-31],[-58,-176],[-7,31]],[[108627,95955],[36,58],[42,-49],[-55,-37],[-23,28]],[[115874,100199],[35,55],[65,-6],[-68,-71],[-32,22]],[[122861,97673],[65,-68],[-116,50],[22,52],[29,-34]],[[123443,97455],[-45,92],[75,-37],[-30,-55]],[[114920,97267],[-13,-99],[-26,52],[39,47]],[[108575,95909],[23,52],[48,-43],[-71,-9]],[[128113,98012],[71,55],[-13,-64],[-58,9]],[[126848,96820],[84,77],[-64,-105],[-20,28]],[[120792,97402],[-23,37],[55,43],[-32,-80]],[[126942,98455],[7,56],[80,34],[-87,-90]],[[123288,97501],[36,21],[6,-67],[-42,46]],[[127366,98924],[9,-68],[-48,83],[39,-15]],[[129351,98773],[62,9],[-91,-28],[29,19]],[[116287,99635],[0,46],[78,-49],[-78,3]],[[128953,97103],[49,-3],[-32,-61],[-17,64]],[[127046,99096],[51,59],[-25,-68],[-26,9]],[[123961,98674],[16,43],[39,-52],[-55,9]],[[126955,98970],[-3,52],[39,15],[-36,-67]],[[108608,95878],[-36,-16],[-26,34],[62,-18]],[[126858,98403],[-65,-77],[42,92],[23,-15]],[[113600,99358],[23,15],[32,-34],[-55,19]],[[111673,97451],[16,-37],[-29,-9],[13,46]],[[123207,97565],[26,19],[13,-40],[-39,21]],[[126881,98853],[22,46],[4,-62],[-26,16]],[[127747,97867],[33,53],[9,-50],[-42,-3]],[[110098,96069],[26,-22],[-35,-28],[9,50]],[[114842,99173],[13,71],[6,-80],[-19,9]],[[120924,97880],[33,12],[-20,-31],[-13,19]],[[109406,98323],[33,-6],[-46,-16],[13,22]],[[116132,99918],[-35,34],[42,0],[-7,-34]],[[115233,98902],[-6,28],[42,-13],[-36,-15]],[[108776,95804],[3,31],[19,-47],[-22,16]],[[126793,97214],[-25,-67],[19,89],[6,-22]],[[109426,99841],[13,19],[13,-37],[-26,18]],[[108701,96136],[17,34],[6,-15],[-23,-19]],[[128947,100399],[-39,12],[13,9],[26,-21]],[[114315,99022],[10,31],[9,-28],[-19,-3]],[[128553,98151],[-7,15],[32,0],[-25,-15]],[[127747,97855],[-13,-19],[-13,28],[26,-9]],[[110528,97254],[-6,19],[16,6],[-10,-25]],[[118024,98776],[0,24],[19,-6],[-19,-18]],[[126768,96269],[12,40],[4,-22],[-16,-18]],[[110587,97288],[12,19],[13,-6],[-25,-13]],[[114276,99093],[-10,-25],[-3,19],[13,6]],[[127249,96611],[20,-3],[-23,-7],[3,10]],[[127217,97193],[-19,9],[16,3],[3,-12]],[[108617,99509],[3,21],[7,-15],[-10,-6]],[[108656,96090],[7,19],[3,-13],[-10,-6]],[[127020,97538],[3,6],[-6,-28],[3,22]],[[127738,97799],[-10,4],[10,12],[0,-16]],[[116113,99358],[-7,15],[13,-3],[-6,-12]],[[126755,97094],[6,13],[-10,-31],[4,18]],[[129642,96956],[-3,3],[19,-3],[-16,0]],[[125102,97685],[3,10],[4,-16],[-7,6]],[[110354,95850],[0,9],[6,-6],[-6,-3]],[[125135,97562],[0,13],[9,3],[-9,-16]],[[128957,97014],[9,3],[-19,-12],[10,9]],[[109138,99715],[6,3],[0,-9],[-6,6]],[[114380,100460],[0,10],[3,6],[-3,-16]],[[120924,98083],[-6,9],[6,-3],[0,-6]],[[128921,100131],[-3,9],[6,-9],[-3,0]],[[128879,97177],[0,13],[7,-3],[-7,-10]],[[110111,95924],[0,3],[7,6],[-7,-9]],[[129241,97615],[-3,3],[13,3],[-10,-6]],[[110347,96127],[3,-3],[-3,-3],[0,6]],[[110570,97282],[0,3],[10,0],[-10,-3]],[[129513,97467],[-3,3],[3,6],[0,-9]],[[129128,97251],[-3,0],[10,3],[-7,-3]],[[116304,99854],[-7,3],[13,0],[-6,-3]],[[128882,96999],[0,3],[4,0],[-4,-3]],[[122396,98000],[-4,6],[4,-3],[0,-3]],[[128911,100115],[-3,3],[3,0],[0,-3]],[[124465,98582],[0,3],[3,-3],[-3,0]],[[114273,99161],[-3,3],[3,0],[0,-3]],[[110357,96127],[-3,3],[3,0],[0,-3]],[[110140,96035],[-3,0],[0,3],[3,-3]],[[168058,25106],[-61,207]],[[174111,26553],[103,-12],[146,-46],[87,40],[-26,-136],[-103,-15],[-94,-86],[-42,111],[-272,-55]],[[28627,102588],[16,47],[88,0],[35,-164],[-126,-107],[-26,-204],[-81,10],[-55,154],[-151,33],[-140,-30],[78,117],[-19,104],[174,-77],[207,117]],[[230007,45001],[-9,40],[71,-6],[-62,-34]],[[317,97319],[-13,15],[26,-27],[-13,12]],[[297,97334],[-3,3],[13,4],[-10,-7]],[[301,97347],[3,0],[-7,-3],[4,3]],[[294,97350],[3,3],[4,-3],[-7,0]],[[294,97353],[-6,6],[3,3],[3,-9]],[[249,97393],[-19,28],[58,-50],[-39,22]],[[197,97476],[20,3],[13,-15],[-33,12]],[[94,97504],[-45,15],[29,6],[16,-21]],[[0,98280],[29,40],[3,-49],[-32,9]],[[230004,44976],[7,0],[-4,-3],[-3,3]],[[229930,45410],[-4,0],[0,3],[4,-3]],[[155,97137],[3,0],[4,-3],[-7,3]],[[197,97143],[7,-3],[-4,0],[-3,3]],[[338,97185],[2,2],[-2,-2],[2,-42],[-107,-12],[64,10],[0,2],[4,0],[-3,-2],[10,2],[-1,0],[3,0],[0,0],[23,4],[1,33],[-1,0],[1,0],[2,80],[2,-75]],[[333,97264],[-13,0],[10,3],[3,-3]],[[317,97301],[16,3],[3,-16],[-19,13]],[[174457,26538],[-13,12],[13,22],[0,-34]],[[229917,45336],[2,2],[1,72],[249,-98],[-36,-93],[-171,10],[-45,9],[2,98],[-2,0]],[[200,97128],[0,6],[4,-3],[-4,-3]],[[230059,45173],[10,3],[-7,-12],[-3,9]],[[230043,45380],[0,-3],[-7,3],[7,0]],[[230001,45392],[3,3],[0,-3],[-3,0]],[[230011,45386],[3,0],[0,-3],[-3,3]],[[230020,45380],[0,3],[3,0],[-3,-3]],[[317,97279],[-3,3],[19,-6],[-16,3]],[[230046,45207],[-10,6],[10,-3],[0,-3]],[[229988,45201],[0,3],[3,0],[-3,-3]],[[230046,45207],[3,0],[4,-3],[-7,3]],[[333,97177],[0,-3],[-3,6],[3,-3]],[[0,97307],[26,21],[26,-92],[-23,28],[-11,-50],[1,0],[-2,-5],[-4,-16],[68,-71],[65,6],[-59,-12],[-77,71],[-10,120]],[[23,97220],[-4,0],[4,10],[0,-10]],[[317,97245],[3,-3],[-3,0],[0,3]],[[317,97245],[0,3],[3,-3],[-3,0]]],"transform":{"scale":[0.00030925102859203463,0.0003247053082063218],"translate":[96.81699999999998,-43.74]},"objects":{"state_boundaries":{"type":"GeometryCollection","geometries":[{"arcs":[[[0,1,2,3,4,5,6,7,8,9,10,11,12,13,14,15,16,17,18,19],[20],[21],[22],[23],[24],[25],[26,27,28]],[[29]],[[30]],[[31]],[[32]],[[33]],[[34]],[[35]],[[36]],[[37]],[[38]],[[39]],[[40]],[[41]],[[42]],[[43]],[[44]],[[45]],[[46]],[[47]],[[48]],[[49]],[[50]],[[51]],[[52]],[[53]],[[54]],[[55]],[[56]],[[57]],[[58]],[[59]],[[60]],[[61]],[[62]],[[63]],[[64]],[[65]],[[66]],[[67]],[[68]],[[69]],[[70]],[[71]],[[72]],[[73]],[[74]],[[75]],[[76]],[[77]],[[78]],[[79]],[[80]],[[81]],[[82]],[[83]],[[84]],[[85]],[[86]],[[87]],[[88]],[[89]],[[90]],[[91]],[[92]],[[93]],[[94]],[[95]],[[96]],[[97]],[[98]],[[99]],[[100]],[[101]],[[102]],[[103]],[[104]],[[105]],[[106]],[[107]],[[108]],[[109]],[[110]],[[111]],[[112]]],"type":"MultiPolygon","properties":{"objectid":1,"state_code_2021":"1","state_name_2021":"New South Wales","change_flag_2021":"0","change_label_2021":"No change","aus_code_2021":"AUS","aus_name_2021":"Australia","area_albers_sqkm":800797.6591,"asgs_loci_uri_2021":"http://linked.data.gov.au/dataset/asgsed3/STE/1","st_length(shape)":9863629.141025456,"st_area(shape)":1122854446836.6294},"id":1},{"arcs":[[[-4,113,114,115,-12,116,-10,117,-8,118,-6,119]],[[120]],[[121]],[[122]],[[123]],[[124]],[[125]],[[126]],[[127]],[[128]],[[129]],[[130]],[[131]],[[132]],[[133]],[[134]],[[135]],[[136]],[[137]],[[138]],[[139]],[[140]],[[141]],[[142]],[[143]],[[144]],[[145]],[[146]],[[147]],[[148]],[[149]],[[150]],[[151]],[[152]],[[153]],[[154]],[[155]],[[156]],[[157]],[[158]],[[159]],[[160]],[[161]],[[162]],[[163]],[[164]],[[165]],[[166]],[[167]],[[168]],[[169]],[[170]],[[171]],[[172]],[[173]],[[174]],[[175]],[[176]],[[177]],[[178]],[[179]],[[180]],[[181]],[[182]],[[183]],[[184]],[[185]],[[186]],[[187]],[[188]],[[189]],[[190]],[[191]],[[192]],[[193]],[[194]],[[195]],[[196]],[[197]],[[198]],[[199]],[[200]],[[201]],[[202]],[[203]],[[204]],[[205]],[[206]],[[207]],[[208]]],"type":"MultiPolygon","properties":{"objectid":2,"state_code_2021":"2","state_name_2021":"Victoria","change_flag_2021":"0","change_label_2021":"No change","aus_code_2021":"AUS","aus_name_2021":"Australia","area_albers_sqkm":227496.2479,"asgs_loci_uri_2021":"http://linked.data.gov.au/dataset/asgsed3/STE/2","st_length(shape)":6363340.82573404,"st_area(shape)":356138761725.597},"id":2},{"arcs":[[[-15,209,210,211,212,213,-17,214],[216],[217],[218],[569]],[[215]],[[219]],[[220]],[[221]],[[222]],[[223]],[[224]],[[225]],[[226]],[[227]],[[228]],[[229]],[[230]],[[231]],[[232]],[[233]],[[234]],[[235]],[[236]],[[237]],[[238]],[[239]],[[240]],[[241]],[[242]],[[243]],[[244]],[[245]],[[246]],[[247]],[[248]],[[249]],[[250]],[[251]],[[252]],[[253]],[[254]],[[255]],[[256]],[[257]],[[258]],[[259]],[[260]],[[261]],[[262]],[[263]],[[264]],[[265]],[[266]],[[267]],[[268]],[[269]],[[270]],[[271]],[[272]],[[273]],[[274]],[[275]],[[276]],[[277]],[[278]],[[279]],[[280]],[[281]],[[282]],[[283]],[[284]],[[285]],[[286]],[[287]],[[288]],[[289]],[[290]],[[291]],[[292]],[[293]],[[294]],[[295]],[[296]],[[297]],[[298]],[[299]],[[300]],[[301]],[[302]],[[303]],[[304]],[[305]],[[306]],[[307]],[[308]],[[309]],[[310]],[[311]],[[312]],[[313]],[[314]],[[315]],[[316]],[[317]],[[318]],[[319]],[[320]],[[321]],[[322]],[[323]],[[324]],[[325]],[[326]],[[327]],[[328]],[[329]],[[330]],[[331]],[[332]],[[333]],[[334]],[[335]],[[336]],[[337]],[[338]],[[339]],[[340]],[[341]],[[342]],[[343]],[[344]],[[345]],[[346]],[[347]],[[348]],[[349]],[[350]],[[351]],[[352]],[[353]],[[354]],[[355]],[[356]],[[357]],[[358]],[[359]],[[360]],[[361]],[[362]],[[363]],[[364]],[[365]],[[366]],[[367]],[[368]],[[369]],[[370]],[[371]],[[372]],[[373]],[[374]],[[375]],[[376]],[[377]],[[378]],[[379]],[[380]],[[381]],[[382]],[[383]],[[384]],[[385]],[[386]],[[387]],[[388]],[[389]],[[390]],[[391]],[[392]],[[393]],[[394]],[[395]],[[396]],[[397]],[[398]],[[399]],[[400]],[[401]],[[402]],[[403,404]],[[405]],[[406]],[[407]],[[408]],[[409]],[[410]],[[411]],[[412]],[[413]],[[414]],[[415]],[[416]],[[417]],[[418]],[[419]],[[420]],[[421]],[[422]],[[423]],[[424]],[[425]],[[426]],[[427]],[[428]],[[429]],[[430]],[[431]],[[432]],[[433]],[[434]],[[435]],[[436]],[[437]],[[438]],[[439]],[[440]],[[441]],[[442]],[[443]],[[444]],[[445]],[[446]],[[447]],[[448]],[[449]],[[450]],[[451]],[[452]],[[453]],[[454]],[[455]],[[456]],[[457]],[[458]],[[459]],[[460]],[[461]],[[462]],[[463]],[[464]],[[465]],[[466]],[[467]],[[468]],[[469]],[[470]],[[471]],[[472]],[[473]],[[474]],[[475]],[[476]],[[477]],[[478]],[[479]],[[480]],[[481]],[[482]],[[483]],[[484]],[[485]],[[486]],[[487]],[[488]],[[489]],[[490]],[[491]],[[492]],[[493]],[[494]],[[495]],[[496]],[[497]],[[498]],[[499]],[[500]],[[501]],[[502]],[[503]],[[504]],[[505]],[[506]],[[507]],[[508]],[[509]],[[510]],[[511]],[[512]],[[513]],[[514]],[[515]],[[516]],[[517]],[[518]],[[519]],[[520]],[[521]],[[522]],[[523]],[[524]],[[525]],[[526]],[[527]],[[528]],[[529]],[[530]],[[531]],[[532]],[[533]],[[534]],[[535]],[[536]],[[537]],[[538]],[[539]],[[540]],[[541]],[[542]],[[543]],[[544]],[[545]],[[546]],[[547]],[[548]],[[549]],[[550]],[[551]],[[552]],[[553]],[[554]],[[555]],[[556]],[[557]],[[558]],[[559]],[[560]],[[561]],[[562]],[[563]],[[564]],[[565]],[[566]],[[567]],[[568]],[[570]],[[571]],[[572]],[[573]],[[574]],[[575]],[[576]],[[577]],[[578]],[[579]],[[580]],[[581]],[[582]],[[583]],[[584]],[[585]],[[586]],[[587]],[[588]],[[589]],[[590]],[[591]],[[592]],[[593]],[[594]],[[595]],[[596]],[[597]],[[598]],[[599]],[[600]],[[601]],[[602]],[[603]],[[604]],[[605]],[[606]],[[607]],[[608]],[[609]],[[610]],[[611]],[[612]],[[613]],[[614]],[[615]],[[616]],[[617]],[[618]],[[619]],[[620]],[[621]],[[622]],[[623]],[[624]],[[625]],[[626]],[[627]],[[628]],[[629]],[[630]],[[631]],[[632]],[[633]],[[634]],[[635]],[[636]],[[637]],[[638]],[[639]],[[640]],[[641]],[[642]],[[643]],[[644]],[[645]],[[646]],[[647]],[[648]],[[649]],[[650]],[[651]],[[652]],[[653]],[[654]],[[655]],[[656]],[[657]],[[658]],[[659]],[[660]],[[661]],[[662]],[[663]],[[664]],[[665]],[[666]],[[667]],[[668]],[[669]],[[670]],[[671]],[[672]],[[673]],[[674]],[[675]],[[676]],[[677]],[[678]],[[679]],[[680]],[[681]],[[682]],[[683]],[[684]],[[685]],[[686]],[[687]],[[688]],[[689]],[[690]],[[691]],[[692]],[[693]],[[694]],[[695]],[[696]],[[697]],[[698]],[[699]],[[700]],[[701]],[[702]],[[703]],[[704]],[[705]],[[706]],[[707]],[[708]],[[709]],[[710]],[[711]],[[712]],[[713]],[[714]],[[715]],[[716]],[[717]],[[718]],[[719]],[[720]],[[721]],[[722]],[[723]],[[724]],[[725]],[[726]],[[727]],[[728]],[[729]],[[730]],[[731]],[[732]],[[733]],[[734]],[[735]],[[736]],[[737]],[[738]],[[739]],[[740]],[[741]],[[742]],[[743]],[[744]],[[745]],[[746]],[[747]],[[748]],[[749]],[[750]],[[751]],[[752]],[[753]],[[754]],[[755]],[[756]],[[757]],[[758]],[[759]],[[760]],[[761]],[[762]],[[763]],[[764]],[[765]],[[766]],[[767]],[[768]],[[769]],[[770]],[[771]],[[772]],[[773]],[[774]],[[775]],[[776]],[[777]],[[778]],[[779]],[[780]],[[781]],[[782]],[[783]],[[784]],[[785]],[[786]],[[787]],[[788]],[[789]],[[790]],[[791]],[[792]],[[793]],[[794]],[[795]],[[796]],[[797]],[[798]],[[799]],[[800]],[[801]],[[802]],[[803]],[[804]],[[805]],[[806]],[[807]],[[808]],[[809]],[[810]],[[811]],[[812]],[[813]],[[814]],[[815]],[[816]],[[817]],[[818]],[[819]],[[820]],[[821]],[[822]],[[823]],[[824]],[[825]],[[826]],[[827]],[[828]],[[829]],[[830]],[[831]],[[832]],[[833]],[[834]],[[835]],[[836]],[[837]],[[838]],[[839]],[[840]],[[841]],[[842]],[[843]],[[844]],[[845]],[[846]],[[847]],[[848]],[[849]],[[850]],[[851]],[[852]],[[853]],[[854]],[[855]],[[856]],[[857]],[[858]],[[859]],[[860]],[[861]],[[862]],[[863]],[[864]],[[865]],[[866]],[[867]],[[868]],[[869]],[[870]],[[871]],[[872]],[[873]],[[874]],[[875]],[[876]],[[877]],[[878]],[[879]],[[880]],[[881]],[[882]],[[883]],[[884]],[[885]],[[886]],[[887]],[[888]],[[889]],[[890]],[[891]],[[892]],[[893]],[[894]],[[895]],[[896]],[[897]],[[898]],[[899]],[[900]],[[901]],[[902]],[[903]],[[904]],[[905]],[[906]],[[907]],[[908]],[[909]],[[910]],[[911]],[[912]],[[913]],[[914]],[[915]],[[916]],[[917]],[[918]],[[919]],[[920]],[[921]],[[922]],[[923]],[[924]],[[925]],[[926]],[[927]],[[928]],[[929]],[[930]],[[931]],[[932]],[[933]],[[934]],[[935]],[[936]],[[937]],[[938]],[[939]],[[940]],[[941]],[[942]],[[943]],[[944]],[[945]],[[946]],[[947]],[[948]],[[949]],[[950]],[[951]],[[952]],[[953]],[[954]],[[955]],[[956]],[[957]],[[958]],[[959]],[[960]],[[961]],[[962]],[[963]],[[964]],[[965]],[[966]],[[967]],[[968]],[[969]],[[970]],[[971]],[[972]],[[973]],[[974]],[[975]],[[976]],[[977]],[[978]],[[979]],[[980]],[[981]],[[982]],[[983]],[[984]],[[985]],[[986]],[[987]],[[988]],[[989]],[[990]],[[991]],[[992]],[[993]],[[994]],[[995]],[[996]],[[997]],[[998]],[[999]],[[1000]],[[1001]],[[1002]],[[1003]],[[1004]],[[1005]],[[1006]],[[1007]],[[1008]],[[1009]],[[1010]],[[1011]],[[1012]],[[1013]],[[1014]],[[1015]],[[1016]],[[1017]],[[1018]],[[1019]],[[1020]],[[1021]],[[1022]],[[1023,1024]],[[1025]],[[1026]],[[1027]],[[1028]],[[1029]],[[1030]],[[1031]],[[1032]],[[1033]],[[1034]],[[1035]],[[1036]],[[1037]],[[1038]],[[1039]],[[1040]],[[1041]],[[1042]],[[1043]],[[1044]],[[1045]],[[1046]],[[1047]],[[1048]],[[1049]],[[1050]],[[1051]],[[1052]],[[1053]],[[1054]],[[1055]],[[1056]],[[1057]],[[1058]],[[1059]],[[1060]],[[1061]],[[1062]],[[1063]],[[1064]],[[1065]],[[1066]],[[1067]],[[1068]],[[1069]],[[1070]],[[1071]],[[1072]],[[1073]],[[1074]],[[1075]],[[1076]],[[1077]],[[1078]],[[1079]],[[1080]],[[1081]],[[1082]],[[1083]],[[1084]],[[1085]],[[1086]],[[1087]],[[1088]],[[1089]],[[1090]],[[1091]],[[1092]],[[1093]],[[1094]],[[1095]],[[1096]],[[1097]],[[1098]],[[1099]],[[1100]],[[1101]],[[1102]],[[1103]],[[1104]],[[1105]],[[1106]],[[1107]],[[1108]],[[1109]],[[1110]],[[1111]],[[1112]],[[1113]],[[1114]],[[1115]],[[1116]],[[1117]],[[1118]],[[1119]],[[1120]],[[1121]],[[1122]],[[1123]],[[1124]],[[1125]],[[1126]],[[1127]],[[1128]],[[1129]],[[1130]],[[1131]],[[1132]],[[1133]],[[1134]],[[1135]],[[1136]],[[1137]],[[1138]],[[1139]],[[1140]],[[1141]],[[1142]],[[1143]],[[1144]],[[1145]],[[1146]],[[1147]],[[1148]],[[1149]],[[1150]],[[1151]],[[1152]],[[1153]],[[1154]],[[1155]],[[1156]],[[1157]],[[1158]],[[1159]],[[1160]],[[1161]],[[1162]],[[1163]],[[1164]],[[1165]],[[1166]],[[1167]],[[1168]],[[1169]],[[1170]],[[1171]],[[1172]],[[1173]],[[1174]],[[1175]],[[1176]],[[1177]],[[1178]],[[1179]],[[1180]],[[1181]],[[1182]],[[1183]],[[1184]],[[1185]],[[1186]],[[1187]],[[1188]],[[1189]]],"type":"MultiPolygon","properties":{"objectid":3,"state_code_2021":"3","state_name_2021":"Queensland","change_flag_2021":"0","change_label_2021":"No change","aus_code_2021":"AUS","aus_name_2021":"Australia","area_albers_sqkm":1730171.2208,"asgs_loci_uri_2021":"http://linked.data.gov.au/dataset/asgsed3/STE/3","st_length(shape)":17213194.864919484,"st_area(shape)":2050544683829.9878},"id":3},{"arcs":[[[1190,-115,1191,1192,1193,-210,-14],[1194]],[[1195]],[[1196]],[[1197]],[[1198]],[[1199]],[[1200]],[[1201]],[[1202]],[[1203]],[[1204]],[[1205]],[[1206]],[[1207]],[[1208]],[[1209]],[[1210]],[[1211]],[[1212]],[[1213]],[[1214]],[[1215]],[[1216]],[[1217]],[[1218]],[[1219]],[[1220]],[[1221]],[[1222]],[[1223]],[[1224]],[[1225]],[[1226]],[[1227]],[[1228]],[[1229]],[[1230]],[[1231]],[[1232]],[[1233]],[[1234]],[[1235]],[[1236]],[[1237]],[[1238]],[[1239]],[[1240]],[[1241]],[[1242]],[[1243]],[[1244]],[[1245]],[[1246]],[[1247]],[[1248]],[[1249]],[[1250]],[[1251]],[[1252]],[[1253]],[[1254]],[[1255]],[[1256]],[[1257]],[[1258]],[[1259]],[[1260]],[[1261]],[[1262]],[[1263]],[[1264]],[[1265]],[[1266]],[[1267]],[[1268]],[[1269]],[[1270]],[[1271]],[[1272]],[[1273]],[[1274]],[[1275]],[[1276]],[[1277]],[[1278]],[[1279]],[[1280]],[[1281]],[[1282]],[[1283]],[[1284]],[[1285]],[[1286]],[[1287]],[[1288]],[[1289]],[[1290]],[[1291]],[[1292]],[[1293]],[[1294]],[[1295]],[[1296]],[[1297]],[[1298]],[[1299]],[[1300]],[[1301]],[[1302]],[[1303]],[[1304]],[[1305]],[[1306]],[[1307]],[[1308]],[[1309]],[[1310]],[[1311]],[[1312]],[[1313]],[[1314]],[[1315]],[[1316]],[[1317]],[[1318]],[[1319]],[[1320]],[[1321]],[[1322]],[[1323]],[[1324]],[[1325]],[[1326]],[[1327]],[[1328]],[[1329]],[[1330]],[[1331]],[[1332]],[[1333]],[[1334]],[[1335]],[[1336]],[[1337]],[[1338]],[[1339]],[[1340]],[[1341]],[[1342]],[[1343]],[[1344]],[[1345]],[[1346]],[[1347]],[[1348]],[[1349]],[[1350]],[[1351]],[[1352]],[[1353]],[[1354]],[[1355]],[[1356]],[[1357]],[[1358,1359]],[[1360]],[[1361]],[[1362]],[[1363]],[[1364]],[[1365]],[[1366]],[[1367]],[[1368]],[[1369]]],"type":"MultiPolygon","properties":{"objectid":4,"state_code_2021":"4","state_name_2021":"South Australia","change_flag_2021":"0","change_label_2021":"No change","aus_code_2021":"AUS","aus_name_2021":"Australia","area_albers_sqkm":984231.4202,"asgs_loci_uri_2021":"http://linked.data.gov.au/dataset/asgsed3/STE/4","st_length(shape)":9997399.774972212,"st_area(shape)":1323489296047.4766},"id":4},{"arcs":[[[-1193,1370,1371,1372,1373,1374,1375,1376,1377],[1378],[1379],[1380],[1381],[1382]],[[1383]],[[1384]],[[1385]],[[1386]],[[1387]],[[1388]],[[1389]],[[1390]],[[1391]],[[1392]],[[1393]],[[1394]],[[1395]],[[1396]],[[1397]],[[1398]],[[1399]],[[1400]],[[1401]],[[1402]],[[1403]],[[1404]],[[1405]],[[1406]],[[1407]],[[1408]],[[1409]],[[1410]],[[1411]],[[1412]],[[1413]],[[1414]],[[1415]],[[1416]],[[1417]],[[1418]],[[1419]],[[1420]],[[1421]],[[1422]],[[1423]],[[1424]],[[1425]],[[1426]],[[1427]],[[1428]],[[1429]],[[1430]],[[1431]],[[1432]],[[1433]],[[1434]],[[1435]],[[1436]],[[1437]],[[1438]],[[1439]],[[1440]],[[1441]],[[1442]],[[1443]],[[1444]],[[1445]],[[1446]],[[1447]],[[1448]],[[1449]],[[1450]],[[1451]],[[1452]],[[1453]],[[1454]],[[1455]],[[1456]],[[1457]],[[1458]],[[1459]],[[1460]],[[1461]],[[1462]],[[1463]],[[1464]],[[1465]],[[1466]],[[1467]],[[1468]],[[1469]],[[1470]],[[1471]],[[1472]],[[1473]],[[1475]],[[1476]],[[1477]],[[1478]],[[1479]],[[1480]],[[1481]],[[1482]],[[1483]],[[1484]],[[1485]],[[1486]],[[1487]],[[1488]],[[1489]],[[1490]],[[1491]],[[1492]],[[1493]],[[1494]],[[1495]],[[1496]],[[1497]],[[1498]],[[1499]],[[1500]],[[1501]],[[1502]],[[1503]],[[1504]],[[1505]],[[1506]],[[1507]],[[1508]],[[1509]],[[1510]],[[1511]],[[1512]],[[1513]],[[1514]],[[1515]],[[1516]],[[1517]],[[1518]],[[1519]],[[1520]],[[1521]],[[1522]],[[1523]],[[1524]],[[1525]],[[1526]],[[1527]],[[1528]],[[1529]],[[1530]],[[1531]],[[1532]],[[1533]],[[1534]],[[1535]],[[1536]],[[1537]],[[1538]],[[1539]],[[1540]],[[1541]],[[1542]],[[1543]],[[1544]],[[1545]],[[1546]],[[1547]],[[1548]],[[1549]],[[1550]],[[1551]],[[1552]],[[1553]],[[1554]],[[1555]],[[1556]],[[1557]],[[1558]],[[1559]],[[1560]],[[1561]],[[1562]],[[1563]],[[1564]],[[1565]],[[1566]],[[1567]],[[1568]],[[1569]],[[1570]],[[1571]],[[1572]],[[1573]],[[1574]],[[1575]],[[1576]],[[1577]],[[1578]],[[1579]],[[1580]],[[1581]],[[1582]],[[1583]],[[1584]],[[1585]],[[1586]],[[1587]],[[1588]],[[1589]],[[1590]],[[1591]],[[1592]],[[1593]],[[1594]],[[1595]],[[1596],[1597]],[[1598]],[[1599]],[[1600]],[[1601]],[[1602]],[[1603]],[[1604]],[[1605]],[[1606]],[[1607]],[[1608]],[[1609]],[[1610]],[[1611]],[[1612]],[[1613]],[[1614]],[[1615]],[[1616]],[[1617]],[[1618]],[[1619]],[[1620]],[[1621]],[[1622]],[[1623]],[[1624]],[[1625]],[[1626]],[[1627]],[[1628]],[[1629]],[[1630]],[[1631]],[[1632]],[[1633]],[[1634]],[[1635]],[[1636]],[[1637]],[[1638]],[[1639]],[[1640]],[[1641]],[[1642]],[[1643]],[[1644]],[[1645]],[[1646]],[[1647]],[[1648]],[[1649]],[[1650]],[[1651]],[[1652]],[[1653]],[[1654]],[[1655]],[[1656]],[[1657]],[[1658]],[[1659]],[[1660]],[[1661]],[[1662]],[[1663]],[[1664]],[[1665]],[[1666]],[[1667]],[[1668]],[[1669]],[[1670]],[[1671]],[[1672]],[[1673]],[[1674]],[[1675]],[[1676]],[[1677]],[[1678]],[[1679]],[[1680]],[[1681]],[[1682]],[[1683]],[[1684]],[[1685]],[[1686]],[[1687]],[[1688]],[[1689]],[[1690]],[[1691]],[[1692]],[[1693]],[[1694]],[[1695]],[[1696]],[[1697]],[[1698]],[[1699]],[[1700]],[[1701]],[[1702]],[[1703]],[[1704]],[[1705]],[[1706]],[[1707]],[[1708]],[[1709]],[[1710]],[[1711]],[[1712]],[[1713]],[[1714]],[[1715]],[[1716]],[[1717]],[[1718]],[[1719]],[[1720]],[[1721]],[[1722]],[[1723]],[[1724]],[[1725]],[[1726]],[[1727]],[[1728]],[[1729]],[[1730]],[[1731]],[[1732]],[[1733]],[[1734]],[[1735]],[[1736]],[[1737]],[[1738]],[[1739]],[[1740]],[[1741]],[[1742]],[[1743]],[[1744]],[[1745]],[[1746]],[[1747]],[[1748]],[[1749]],[[1750]],[[1751]],[[1752]],[[1753]],[[1754]],[[1755]],[[1756]],[[1757]],[[1758]],[[1759]],[[1760]],[[1761]],[[1762]],[[1763]],[[1764]],[[1765]],[[1766]],[[1767]],[[1768]],[[1769]],[[1770]],[[1771]],[[1772]],[[1773]],[[1774]],[[1775]],[[1776]],[[1777]],[[1778]],[[1779]],[[1780]],[[1781]],[[1782]],[[1783]],[[1784]],[[1785,1786]],[[1787]],[[1788]],[[1789]],[[1790]],[[1791]],[[1792]],[[1793]],[[1794]],[[1795]],[[1796]],[[1797]],[[1798]],[[1799]],[[1800]],[[1801]],[[1802]],[[1803]],[[1804]],[[1805]],[[1806]],[[1807]],[[1808]],[[1809]],[[1810]],[[1811]],[[1812]],[[1813]],[[1814]],[[1815]],[[1816]],[[1817]],[[1818]],[[1819]],[[1820]],[[1821]],[[1822]],[[1823]],[[1824]],[[1825]],[[1826]],[[1827]],[[1828]],[[1829]],[[1830]],[[1831]],[[1832]],[[1833]],[[1834]],[[1835]],[[1836]],[[1837]],[[1838]],[[1839]],[[1840]],[[1841]],[[1842]],[[1843]],[[1844]],[[1845]],[[1846]],[[1847]],[[1848]],[[1849]],[[1850]],[[1851]],[[1852]],[[1853]],[[1854]],[[1855]],[[1856]],[[1857]],[[1858]],[[1859]],[[1860]],[[1861]],[[1862]],[[1863]],[[1864]],[[1865]],[[1866]],[[1867]],[[1868]],[[1869]],[[1870]],[[1871]],[[1872]],[[1873]],[[1874]],[[1875]],[[1876]],[[1877]],[[1878]],[[1879]],[[1880]],[[1881]],[[1882]],[[1883]],[[1884]],[[1885]],[[1886]],[[1887]],[[1888]],[[1889]],[[1890]],[[1891]],[[1892]],[[1893]],[[1894]],[[1895]],[[1896]],[[1897]],[[1898]],[[1899]],[[1900]],[[1901]],[[1902]],[[1903]],[[1904]],[[1905]],[[1906]],[[1907]],[[1908]],[[1909]],[[1910]],[[1911]],[[1912]],[[1913]],[[1914]],[[1915]],[[1916]],[[1917]],[[1918]],[[1919]],[[1920]],[[1921]],[[1922]],[[1923]],[[1924]],[[1925]],[[1926]],[[1927]],[[1928]],[[1929]],[[1930]],[[1931]],[[1932]],[[1933]],[[1934]],[[1935]],[[1936]],[[1937]],[[1938]],[[1939]],[[1940]],[[1941]],[[1942]],[[1943]],[[1944]],[[1945]],[[1946]],[[1947]],[[1948]],[[1949]],[[1950]],[[1951]],[[1952]],[[1953]],[[1954]],[[1955]],[[1956]],[[1957]],[[1958]],[[1959]],[[1960]],[[1961]],[[1962]],[[1963]],[[1964]],[[1965]],[[1966]],[[1967]],[[1968]],[[1969]],[[1970]],[[1971]],[[1972]],[[1973]],[[1974]],[[1975]],[[1976]],[[1977]],[[1978]],[[1979]],[[1980]],[[1981]],[[1982]],[[1983]],[[1984]],[[1985]],[[1986]],[[1987]],[[1988]],[[1989]],[[1990]],[[1991]],[[1992]],[[1993]],[[1994]],[[1995]],[[1996]],[[1997]],[[1998]],[[1999]],[[2000]],[[2001]],[[2002]],[[2003]],[[2004]],[[2005]],[[2006]],[[2007]],[[2008]],[[2009]],[[2010]],[[2011]],[[2012]],[[2013]],[[2014]],[[2015]],[[2016]],[[2017]],[[2018]],[[2019]],[[2020]],[[2021]],[[2022]],[[2023]],[[2024]],[[2025]],[[2026]],[[2027]],[[2028]],[[2029]],[[2030]],[[2031]],[[2032]],[[2033]],[[2034]],[[2035]],[[2036]],[[2037]],[[2038]],[[2039]],[[2040]],[[2041]],[[2042]],[[2043]],[[2044]],[[2045]],[[2046]],[[2047]],[[2048]],[[2049]],[[2050]],[[2051]],[[2052]],[[2053]],[[2054]],[[2055]],[[2056]],[[2057]],[[2058]],[[2059]],[[2060]],[[2061]],[[2062]],[[2063]],[[2064]],[[2065]],[[2066]],[[2067]],[[2068]],[[2069]],[[2070]],[[2071]],[[2072]],[[2073]],[[2074]],[[2075]],[[2076]],[[2077]],[[2078]],[[2079]],[[2080]],[[2081]],[[2082]],[[2083]],[[2084]],[[2085]],[[2086]],[[2087]],[[2088]],[[2089]],[[2090,2091]],[[2092]],[[2093]],[[2094]],[[2095]],[[2096]],[[2097]],[[2098]],[[2099]],[[2100]],[[2101]],[[2102]],[[2103]],[[2104]],[[2105]],[[2106]],[[2107]],[[2108]],[[2109]],[[2110]],[[2111]],[[2112]],[[2113]],[[2114]],[[2115]],[[2116]],[[2117]],[[2118]],[[2119]],[[2120]],[[2121]],[[2122]],[[2123]],[[2124]],[[2125]],[[2126]],[[2127]],[[2128]],[[2129]],[[2130]],[[2131]],[[2132]],[[2133]],[[2134]],[[2135]],[[2136]],[[2137]],[[2138]],[[2139]],[[2140]],[[2141]],[[2142]],[[2143]],[[2144]],[[2145]],[[2146]],[[2147]],[[2148]],[[2149]],[[2150]],[[2151]],[[2152]],[[2153]],[[2154]],[[2155,2156]],[[2157]],[[2158]],[[2159]],[[2160]],[[2161]],[[2162]],[[2163]],[[2164]],[[2165]],[[2166]],[[2167]],[[2168]],[[2169]],[[2170]],[[2171]],[[2172]],[[2173]],[[2174]],[[2175]],[[2176]],[[2177]],[[2178]],[[2179]],[[2180]],[[2181]],[[2182]],[[2183]],[[2184]],[[2185]],[[2186]],[[2187]],[[2188]],[[2189]],[[2190]],[[2191]],[[2192]],[[2193]],[[2194]],[[2195]],[[2196]],[[2197]],[[2198]],[[2199]],[[2200]],[[2201]],[[2202]],[[2203]],[[2204]],[[2205]],[[2206]],[[2207]],[[2208]],[[2209]],[[2210]],[[2211]],[[2212]],[[2213]],[[2214]],[[2215]],[[2216]],[[2217]],[[2218]],[[2219]],[[2220]],[[2221]],[[2222]],[[2223]],[[2224]],[[2225]],[[2226]],[[2227]],[[2228]],[[2229]],[[2230]],[[2231]],[[2232]],[[2233]],[[2234]],[[2235]],[[2236]],[[2237]],[[2238]],[[2239]],[[2240]],[[2241]],[[2242]],[[2243]],[[2244]],[[2245]],[[2246]],[[2247]],[[2248]],[[2249]],[[2250]],[[2251]],[[2252]],[[2253]],[[2254]],[[2255]],[[2256]],[[2257]],[[2258]],[[2259]],[[2260]],[[2261]],[[2262]],[[2263]],[[2264]],[[2265]],[[2266]],[[2267]],[[2268]],[[2269]],[[2270]],[[2271]],[[2272]],[[2273]],[[2274]],[[2275]],[[2276]],[[2277]],[[2278]],[[2279]],[[2280]],[[2281]],[[2282]],[[2283]],[[2284]],[[2285]],[[2286]],[[2287]],[[2288]],[[2289]],[[2290]],[[2291]],[[2292]],[[2293]],[[2294]],[[2295]],[[2296]],[[2297]],[[2298]],[[2299]],[[2300]],[[2301]],[[2302]],[[2303]],[[2304]],[[2305]],[[2306]],[[2307]],[[2308]],[[2309]],[[2310]],[[2311,2312]],[[2313]],[[2314]],[[2315]],[[2316]],[[2317]],[[2318]],[[2319]],[[2320]],[[2321]],[[2322]],[[2323]],[[2324]],[[2325]],[[2326]],[[2327]],[[2328]],[[2329]],[[2330]],[[2331]],[[2332]],[[2333]],[[2334]],[[2335]],[[2336]],[[2337]],[[2338]],[[2339]],[[2340]],[[2341]],[[2342]],[[2343]],[[2344]],[[2345]],[[2346]],[[2347]],[[2348]],[[2349]],[[2350]],[[2351]],[[2352]],[[2353]],[[2354]],[[2355]],[[2356]],[[2357]],[[2358]],[[2359]],[[2360]],[[2361]],[[2362]],[[2363]],[[2364]],[[2365]],[[2366]],[[2367]],[[2368]],[[2369]],[[2370]],[[2371]],[[2372]],[[2373]],[[2374]],[[2375]],[[2376]],[[2377]],[[2378]],[[2379]],[[2380]],[[2381]],[[2382]],[[2383]],[[2384]],[[2385]],[[2386]],[[2387]],[[2388]],[[2389]],[[2390]],[[2391]],[[2392]],[[2393]],[[2394]],[[2395]],[[2396]],[[2397]],[[2398]],[[2399]],[[2400]],[[2401]],[[2402]],[[2403]],[[2404]],[[2405]],[[2406]],[[2407]],[[2408]],[[2409]],[[2410]],[[2411]],[[2412]],[[2413]],[[2414]],[[2415]],[[2416]],[[2417]],[[2418]],[[2419]],[[2420]],[[2421]],[[2422]],[[2423]],[[2424]],[[2425]],[[2426]],[[2427]],[[2428]],[[2429]],[[2430]],[[2431]],[[2432]],[[2433]],[[2434]],[[2435]],[[2436]],[[2437]],[[2438]],[[2439]],[[2440]],[[2441]],[[2442]],[[2443]],[[2444]],[[2445]],[[2446]],[[2447]],[[2448]],[[2449]],[[2450]],[[2451]],[[2452]],[[2453]],[[2454]],[[2455]],[[2456]],[[2457]],[[2458]],[[2459]],[[2460]],[[2461]],[[2462]],[[2463]],[[2464]],[[2465]],[[2466]],[[2467]],[[2468]],[[2469]],[[2470]],[[2471]],[[2472]],[[2473]],[[2474]],[[2475]],[[2476]],[[2477]],[[2478]],[[2479]],[[2480]],[[2481]],[[2482]],[[2483]],[[2484]],[[2485]],[[2486]],[[2487]],[[2488]],[[2489]],[[2490]],[[2491]],[[2492]],[[2493]],[[2494]],[[2495,2496]],[[2497]],[[2498]],[[2499]],[[2500]],[[2501]],[[2502]],[[2503]],[[2504]],[[2505]],[[2506]],[[2507]],[[2508]],[[2509]],[[2510]],[[2511]],[[2512]],[[2513]],[[2514]],[[2515]],[[2516]],[[2517]],[[2518]],[[2519]],[[2520]],[[2521]],[[2522]],[[2523]],[[2524]],[[2525]],[[2526]],[[2527]],[[2528]],[[2529]],[[2530]],[[2531]],[[2532]],[[2533]],[[2534]],[[2535]],[[2536]],[[2537]],[[2538]],[[2539]],[[2540]],[[2541]],[[2542]],[[2543]],[[2544]],[[2545]],[[2546]],[[2547]],[[2548]],[[2549]],[[2550]],[[2551]],[[2552]],[[2553]],[[2554]],[[2555]],[[2556]],[[2557]],[[2558]],[[2559]],[[2560]],[[2561]],[[2562]],[[2563]],[[2564]],[[2565]],[[2566]],[[2567]],[[2568]],[[2569]],[[2570]],[[2571]],[[2572]],[[2573]],[[2574]],[[2575]],[[2576]],[[2577]],[[2578]],[[2579]],[[2580]],[[2581]],[[2582]],[[2583]],[[2584]],[[2585]],[[2586]],[[2587]],[[2588]],[[2589]],[[2590]],[[2591]],[[2592]],[[2593]],[[2594]],[[2595]],[[2596]],[[2597]],[[2598]],[[2599]],[[2600]],[[2601]],[[2602]],[[2603]],[[2604]],[[2605]],[[2606]],[[2607]],[[2608]],[[2609]],[[2610]],[[2611]],[[2612]],[[2613]],[[2614]],[[2615]],[[2616]],[[2617]],[[2618]],[[2619]],[[2620]],[[2621]],[[2622]],[[2623]],[[2624]],[[2625]],[[2626]],[[2627]],[[2628]],[[2629]],[[2630]],[[2631]],[[2632]],[[2633]],[[2634]],[[2635]],[[2636]],[[2637]],[[2638]],[[2639]],[[2640]],[[2641]],[[2642]],[[2643]],[[2644]],[[2645]],[[2646]],[[2647]],[[2648]],[[2649]],[[2650]],[[2651]],[[2652]],[[2653]],[[2654]],[[2655]],[[2656]],[[2657]],[[2658]],[[2659]],[[2660]],[[2661]],[[2662]],[[2663]],[[2664]],[[2665]],[[2666]],[[2667]],[[2668]],[[2669]],[[2670]],[[2671]],[[2672]],[[2673]],[[2674]],[[2675]],[[2676]],[[2677]],[[2678]],[[2679]],[[2680]],[[2681]],[[2682]],[[2683]],[[2684]],[[2685]],[[2686]],[[2687]],[[2688]],[[2689]],[[2690]],[[2691]],[[2692]],[[2693]],[[2694]],[[2695]],[[2696]],[[2697]],[[2698]],[[2699]],[[2700]],[[2701]],[[2702]],[[2703]],[[2704]],[[2705]],[[2706]],[[2707]],[[2708]],[[2709]],[[2710]],[[2711]],[[2712]],[[2713]],[[2714]],[[2715]],[[2716]],[[2717]],[[2718]],[[2719]],[[2720]],[[2721]],[[2722]],[[2723]],[[2724]],[[2725]],[[2726]],[[2727]],[[2728]],[[2729]],[[2730]],[[2731]],[[2732]],[[2733]],[[2734]],[[2735]],[[2736]],[[2737]],[[2738]],[[2739]],[[2740]],[[2741]],[[2742]],[[2743]],[[2744]],[[2745]],[[2746]],[[2747]],[[2748]],[[2749]],[[2750]],[[2751]],[[2752]],[[2753]],[[2754]],[[2755]],[[2756]],[[2757]],[[2758]],[[2759]],[[2760]],[[2761]],[[2762]],[[2763]],[[2764]],[[2765]],[[2766]],[[2767]],[[2768]],[[2769]],[[2770]],[[2771]],[[2772]],[[2773]],[[2774]],[[2775]],[[2776]],[[2777]],[[2778]],[[2779]],[[2780]],[[2781]],[[2782]],[[2783]],[[2784]],[[2785]],[[2786]],[[2787]],[[2788]],[[2789]],[[2790]],[[2791]],[[2792]],[[2793]],[[2794]],[[2795]],[[2796]],[[2797]],[[2798]],[[2799]],[[2800]],[[2801]],[[2802]],[[2803]],[[2804]],[[2805]],[[2806]],[[2807]],[[2808]],[[2809]],[[2810]],[[2811]],[[2812]],[[2813]],[[2814]],[[2815]],[[2816]],[[2817]],[[2818]],[[2819]],[[2820]],[[2821]],[[2822]],[[2823]],[[2824]],[[2825]],[[2826]],[[2827]],[[2828]],[[2829]],[[2830]],[[2831]],[[2832]],[[2833]],[[2834]],[[2835]],[[2836]],[[2837]],[[2838]],[[2839]],[[2840]],[[2841]],[[2842]],[[2843]],[[2844]],[[2845]],[[2846]],[[2847]],[[2848]],[[2849]],[[2850]],[[2851]],[[2852]],[[2853]],[[2854]],[[2855]],[[2856]],[[2857]],[[2858]],[[2859]],[[2860]],[[2861]],[[2862]],[[2863]],[[2864]],[[2865]],[[2866]],[[2867]],[[2868]],[[2869]],[[2870]],[[2871]],[[2872]],[[2873]],[[2874]],[[2875]],[[2876]],[[2877]],[[2878]],[[2879]],[[2880]],[[2881]],[[2882]],[[2883]],[[2884]],[[2885]],[[2886]],[[2887]],[[2888]],[[2889]],[[2890]],[[2891]],[[2892]],[[2893]],[[2894]],[[2895]],[[2896]],[[2897]],[[2898]],[[2899]],[[2900]],[[2901]],[[2902]],[[2903]],[[2904]],[[2905]],[[2906]],[[2907]],[[2908]],[[2909]],[[2910]],[[2911]],[[2912]],[[2913]],[[2914]],[[2915]],[[2916]],[[2917]],[[2918]],[[2919]],[[2920]],[[2921]],[[2922]],[[2923]],[[2924]],[[2925]],[[2926]],[[2927]],[[2928]],[[2929]],[[2930]],[[2931]],[[2932]],[[2933]],[[2934]],[[2935]],[[2936]],[[2937]],[[2938]],[[2939]],[[2940]],[[2941]],[[2942]],[[2943]],[[2944]],[[2945]],[[2946]],[[2947]],[[2948]],[[2949]],[[2950]],[[2951]],[[2952]],[[2953]],[[2954]],[[2955]],[[2956]],[[2957]],[[2958]],[[2959]],[[2960]],[[2961]],[[2962]],[[2963]],[[2964]],[[2965]],[[2966]],[[2967]],[[2968]],[[2969]],[[2970]],[[2971]],[[2972]],[[2973]],[[2974]],[[2975]],[[2976]],[[2977]],[[2978]],[[2979]],[[2980]],[[2981]],[[2982]],[[2983]],[[2984]],[[2985]],[[2986]],[[2987]],[[2988]],[[2989]],[[2990]],[[2991]],[[2992]],[[2993]],[[2994]],[[2995]],[[2996]],[[2997]],[[2998]],[[2999]],[[3000]],[[3001]],[[3002]],[[3003]],[[3004]],[[3005]],[[3006]],[[3007]],[[3008]],[[3009]],[[3010]],[[3011]],[[3012]],[[3013]],[[3014]],[[3015]],[[3016]],[[3017]],[[3018]],[[3019]],[[3020]],[[3021]],[[3022]],[[3023]],[[3024]],[[3025]],[[3026]],[[3027]],[[3028]],[[3029]],[[3030]],[[3031]],[[3032]],[[3033]],[[3034]],[[3035]],[[3036]],[[3037]],[[3038]],[[3039]],[[3040]],[[3041]],[[3042]],[[3043]],[[3044]],[[3045]],[[3046]],[[3047]],[[3048]],[[3049]],[[3050]],[[3051]],[[3052]],[[3053]],[[3054]],[[3055]],[[3056]],[[3057]],[[3058]],[[3059]],[[3060]],[[3061]],[[3062]],[[3063]],[[3064]],[[3065]],[[3066]],[[3067]],[[3068]],[[3069]],[[3070]],[[3071]],[[3072]],[[3073]],[[3074]],[[3075]],[[3076]],[[3077]],[[3078]],[[3079]],[[3080]],[[3081]],[[3082]],[[3083]],[[3084]],[[3085]],[[3086]],[[3087]],[[3088]],[[3089]],[[3090]],[[3091]],[[3092]],[[3093]],[[3094]],[[3095]],[[3096]],[[3097]],[[3098]],[[3099]],[[3100]],[[3101]],[[3102]],[[3103]],[[3104]],[[3105]],[[3106]],[[3107]],[[3108]],[[3109]],[[3110]],[[3111]],[[3112]],[[3113]],[[3114]],[[3115]],[[3116]],[[3117]],[[3118]],[[3119]],[[3120]],[[3121]],[[3122]],[[3123]],[[3124]],[[3125,3126]],[[3127]],[[3128,3129]],[[3130]],[[3131]],[[3132]],[[3133]],[[3134]],[[3135]],[[3136]],[[3137]],[[3138]],[[3139]],[[3140]],[[3141]],[[3142]],[[3143]],[[3144]],[[3145]],[[3146]],[[3147]],[[3148]],[[3149]],[[3150]],[[3151]],[[3152]],[[3153]],[[3154]],[[3155]],[[3156]],[[3157]],[[3158]],[[3159]],[[3160]],[[3161]],[[3162]],[[3163]],[[3164]],[[3165]],[[3166]],[[3167]],[[3168]],[[3169]],[[3170]],[[3171]],[[3172]],[[3173]],[[3174]],[[3175]],[[3176]],[[3177]],[[3178]],[[3179]],[[3180]],[[3181]],[[3182]],[[3183]],[[3184]],[[3185]],[[3186]],[[3187]],[[3188]],[[3189]],[[3190]],[[3191]],[[3192]],[[3193]],[[3194]],[[3195]],[[3196]],[[3197]],[[3198]],[[3199]],[[3200]],[[3201]],[[3202]],[[3203]],[[3204]],[[3205]],[[3206]],[[3207]],[[3208]],[[3209]],[[3210]],[[3211]],[[3212]],[[3213]],[[3214]],[[3215]],[[3216]],[[3217]],[[3218]],[[3219]],[[3220]],[[3221]],[[3222]],[[3223]],[[3224]],[[3225]],[[3226]],[[3227]],[[3228]],[[3229]],[[3230]],[[3231]],[[3232]],[[3233]],[[3234]],[[3235]],[[3236]],[[3237]],[[3238]],[[3239]],[[3240]],[[3241]],[[3242]],[[3243]],[[3244]],[[3245]],[[3246]],[[3247]],[[3248]],[[3249]],[[3250]],[[3251]],[[3252]],[[3253]],[[3254]],[[3255]],[[3256]],[[3257]],[[3258]],[[3259]],[[3260]],[[3261]],[[3262]],[[3263]],[[3264]],[[3265]],[[3266]],[[3267]],[[3268]],[[3269]],[[3270]],[[3271]],[[3272]],[[3273]],[[3274]],[[3275]],[[3276]],[[3277]],[[3278]],[[3279]],[[3280]],[[3281]],[[3282]],[[3283]],[[3284]],[[3285]],[[3286]],[[3287]],[[3288]],[[3289]],[[3290]],[[3291]],[[3292]],[[3293]],[[3294]],[[3295]],[[3296]],[[3297]],[[3298]],[[3299]],[[3300]],[[3301]],[[3302]],[[3303]],[[3304]],[[3305]],[[3306]],[[3307]],[[3308]],[[3309]],[[3310]],[[3311]],[[3312]],[[3313]],[[3314]],[[3315]],[[3316]],[[3317]],[[3318]],[[3319]],[[3320]],[[3321]],[[3322]],[[3323]],[[3324]],[[3325]],[[3326]],[[3327]],[[3328]],[[3329]],[[3330]],[[3331]],[[3332]],[[3333]],[[3334]],[[3335]],[[3336]],[[3337]],[[3338]],[[3339]],[[3340]],[[3341]],[[3342]],[[3343]],[[3344]],[[3345]],[[3346]],[[3347]],[[3348]],[[3349]],[[3350]],[[3351]],[[3352]],[[3353]],[[3354]],[[3355]],[[3356]],[[3357]],[[3358]],[[3359]],[[3360]],[[3361]],[[3362]],[[3363]],[[3364]],[[3365]],[[3366]],[[3367]],[[3368]],[[3369]],[[3370]],[[3371]],[[3372]],[[3373]],[[3374]],[[3375]],[[3376]],[[3377]],[[3378]],[[3379]],[[3380]],[[3381]],[[3382]],[[3383]],[[3384]],[[3385]],[[3386]],[[3387]],[[3388]],[[3389]],[[3390]],[[3391]],[[3392]],[[3393]],[[3394]],[[3395]],[[3396,3397]],[[3398]],[[3399]],[[3400]],[[3401]],[[3402]],[[3403]],[[3404]],[[3405]],[[3406]],[[3407]],[[3408]],[[3409]],[[3410]],[[3411]],[[3412]],[[3413]],[[3414]],[[3415]],[[3416]],[[3417]],[[3418]],[[3419]],[[3420]],[[3421]],[[3422]],[[3423]],[[3424]],[[3425]],[[3426]],[[3427]],[[3428]],[[3429]],[[3430]],[[3431]],[[3432]],[[3433]]],"type":"MultiPolygon","properties":{"objectid":5,"state_code_2021":"5","state_name_2021":"Western Australia","change_flag_2021":"0","change_label_2021":"No change","aus_code_2021":"AUS","aus_name_2021":"Australia","area_albers_sqkm":2526632.4825,"asgs_loci_uri_2021":"http://linked.data.gov.au/dataset/asgsed3/STE/5","st_length(shape)":25965392.053254675,"st_area(shape)":3140939135191.312},"id":5},{"arcs":[[[3434,3435,3436],[3437],[3438],[3439],[3440],[3441],[3443],[3444],[3445]],[[3442]],[[3446]],[[3447]],[[3448]],[[3449,3450]],[[3451]],[[3452]],[[3453]],[[3454]],[[3455]],[[3456]],[[3457]],[[3458]],[[3459]],[[3460]],[[3461]],[[3462]],[[3463]],[[3464]],[[3465]],[[3466]],[[3467]],[[3468]],[[3469]],[[3470]],[[3471]],[[3472]],[[3473]],[[3474]],[[3475]],[[3476]],[[3477]],[[3478]],[[3479]],[[3480]],[[3481]],[[3482]],[[3483]],[[3484]],[[3485]],[[3486]],[[3487]],[[3488]],[[3489]],[[3490]],[[3491]],[[3492]],[[3493]],[[3494]],[[3495]],[[3496]],[[3497]],[[3498]],[[3499]],[[3500]],[[3501]],[[3502]],[[3503]],[[3504]],[[3505]],[[3506]],[[3507]],[[3508]],[[3509]],[[3510]],[[3511]],[[3512]],[[3513]],[[3514]],[[3515]],[[3516]],[[3517]],[[3518]],[[3519]],[[3520]],[[3521]],[[3522]],[[3523]],[[3524]],[[3525]],[[3526]],[[3527]],[[3528]],[[3529]],[[3530]],[[3531]],[[3532]],[[3533]],[[3534]],[[3535]],[[3536]],[[3537]],[[3538]],[[3539]],[[3540]],[[3541]],[[3542]],[[3543]],[[3544]],[[3545]],[[3546]],[[3547]],[[3548]],[[3549]],[[3550]],[[3551]],[[3552]],[[3553]],[[3554]],[[3555]],[[3556]],[[3557]],[[3558]],[[3559]],[[3560]],[[3561]],[[3562]],[[3563]],[[3564]],[[3565]],[[3566]],[[3567]],[[3568]],[[3569]],[[3570]],[[3571]],[[3572]],[[3573]],[[3574]],[[3575]],[[3576]],[[3577]],[[3578]],[[3579]],[[3580]],[[3581]],[[3582]],[[3583]],[[3584]],[[3585]],[[3586]],[[3587]],[[3588]],[[3589]],[[3590]],[[3591]],[[3592]],[[3593]],[[3594]],[[3595]],[[3596]],[[3597]],[[3598]],[[3599]],[[3600]],[[3601]],[[3602]],[[3603]],[[3604]],[[3605]],[[3606]],[[3607]],[[3608]],[[3609]],[[3610],[3611]],[[3612]],[[3613]],[[3614]],[[3615]],[[3616]],[[3617]],[[3618]],[[3619]],[[3620]],[[3621]],[[3622]],[[3623]],[[3624]],[[3625]],[[3626]],[[3627]],[[3628]],[[3629]],[[3630]],[[3631,3632]],[[3633]],[[3634]],[[3635]],[[3636]],[[3637]],[[3638]],[[3639]],[[3640]],[[3641]],[[3642]],[[3643]],[[3644]],[[3645]],[[3646]],[[3647]],[[3648]],[[3649]],[[3650]],[[3651]],[[3652]],[[3653]],[[3654]],[[3655]],[[3656]],[[3657]],[[3658]],[[3659]],[[3660]],[[3661]],[[3662]],[[3663]],[[3664]],[[3665,3666]],[[3667]],[[3668]],[[3669]],[[3670]],[[3671]],[[3672]],[[3673]],[[3674]],[[3675]],[[3676]],[[3677]],[[3678]],[[3679]],[[3680]],[[3681]],[[3682]],[[3683]],[[3684]],[[3685]],[[3686]],[[3687]],[[3688]],[[3689]],[[3690]],[[3691]],[[3692]],[[3693]],[[3694]],[[3695]],[[3696]],[[3697]],[[3698]],[[3699]],[[3700]],[[3701]],[[3702]],[[3703]],[[3704]],[[3705]],[[3706]],[[3707]],[[3708]],[[3709]],[[3710]],[[3711]],[[3712]],[[3713]],[[3714]],[[3715]],[[3716]],[[3717]],[[3718]],[[3719]],[[3720]],[[3721]],[[3722]],[[3723]],[[3724]],[[3725]],[[3726]],[[3727]],[[3728]],[[3729]],[[3730]],[[3731]],[[3732]],[[3733]],[[3734]],[[3736]],[[3737]],[[3738]],[[3739]],[[3740]],[[3741]],[[3742]],[[3743]],[[3744]],[[3745]],[[3746]],[[3747]],[[3748]],[[3749,3750]],[[3751]],[[3752]],[[3753]],[[3754]],[[3755]],[[3756]],[[3757]],[[3758]],[[3759]],[[3760]],[[3761]],[[3762]],[[3763]],[[3764]],[[3765]],[[3766]],[[3767]],[[3768]],[[3769]],[[3770]],[[3771]],[[3772]],[[3773]],[[3774]],[[3775]],[[3776]],[[3777]],[[3778]],[[3779]],[[3780]],[[3781]],[[3782]],[[3783]],[[3784]],[[3785]],[[3786]],[[3787]],[[3788]],[[3789]],[[3790]],[[3791]],[[3792]],[[3793]],[[3794]],[[3795]],[[3796]],[[3797]],[[3798]],[[3799]],[[3800]],[[3801]],[[3802]],[[3803]],[[3804]],[[3805]],[[3806]],[[3807]],[[3808]],[[3809]],[[3810]],[[3811]],[[3812]],[[3813]],[[3814]],[[3815]],[[3816]],[[3817]],[[3818]],[[3819]],[[3820]],[[3821]],[[3822]],[[3823]],[[3824]],[[3825]],[[3826]],[[3827]],[[3828]],[[3829]],[[3830]],[[3831]],[[3832]],[[3833]],[[3834]],[[3835]],[[3836]],[[3837]],[[3838]],[[3839]],[[3840]]],"type":"MultiPolygon","properties":{"objectid":6,"state_code_2021":"6","state_name_2021":"Tasmania","change_flag_2021":"0","change_label_2021":"No change","aus_code_2021":"AUS","aus_name_2021":"Australia","area_albers_sqkm":68017.5393,"asgs_loci_uri_2021":"http://linked.data.gov.au/dataset/asgsed3/STE/6","st_length(shape)":10007150.361605955,"st_area(shape)":123049564900.85107},"id":6},{"arcs":[[[-211,-1194,-1378,3841],[3842],[3843]],[[3844]],[[3845]],[[3846]],[[3847]],[[3848]],[[3849]],[[3850]],[[3851]],[[3852]],[[3853]],[[3854]],[[3855]],[[3856]],[[3857]],[[3858]],[[3859]],[[3860]],[[3861]],[[3862]],[[3863]],[[3864]],[[3865]],[[3866]],[[3867]],[[3868]],[[3869]],[[3870]],[[3871]],[[3872]],[[3873]],[[3874]],[[3875]],[[3876]],[[3877]],[[3878]],[[3879]],[[3880]],[[3881]],[[3882]],[[3883]],[[3884]],[[3885]],[[3886]],[[3887]],[[3888]],[[3889]],[[3890]],[[3891]],[[3892]],[[3893]],[[3894]],[[3895]],[[3896]],[[3897]],[[3898]],[[3899]],[[3900]],[[3901]],[[3902]],[[3903]],[[3904]],[[3905]],[[3906]],[[3907]],[[3908]],[[3909]],[[3910]],[[3911]],[[3912]],[[3913]],[[3914]],[[3915]],[[3916]],[[3917]],[[3918]],[[3919]],[[3920]],[[3921]],[[3922]],[[3923]],[[3924]],[[3925]],[[3926]],[[3927]],[[3928]],[[3929]],[[3930]],[[3931]],[[3932]],[[3933]],[[3934]],[[3935]],[[3936]],[[3937]],[[3938]],[[3939]],[[3940]],[[3941]],[[3942]],[[3943]],[[3944]],[[3945]],[[3946]],[[3947]],[[3948]],[[3949]],[[3950]],[[3951]],[[3952]],[[3953]],[[3954]],[[3955]],[[3956]],[[3957]],[[3958]],[[3959]],[[3960]],[[3961]],[[3962]],[[3963]],[[3964]],[[3965]],[[3966]],[[3967]],[[3968]],[[3969]],[[3970]],[[3971]],[[3972]],[[3973]],[[3974]],[[3975]],[[3976]],[[3977]],[[3978]],[[3979]],[[3980]],[[3981]],[[3982]],[[3983]],[[3984]],[[3985]],[[3986]],[[3987]],[[3988]],[[3989]],[[3990]],[[3991]],[[3992]],[[3993]],[[3994]],[[3995]],[[3996]],[[3997]],[[3998]],[[3999]],[[4000]],[[4001]],[[4002]],[[4003]],[[4004]],[[4005]],[[4006]],[[4007]],[[4008]],[[4009]],[[4010]],[[4011]],[[4012]],[[4013]],[[4014]],[[4015]],[[4016]],[[4017]],[[4018]],[[4019]],[[4020]],[[4021]],[[4022]],[[4023]],[[4024]],[[4025]],[[4026]],[[4027]],[[4028]],[[4029]],[[4030]],[[4031]],[[4032]],[[4033]],[[4034]],[[4035]],[[4036]],[[4037]],[[4038]],[[4039]],[[4040]],[[4041]],[[4042]],[[4043]],[[4044]],[[4045]],[[4046]],[[4047]],[[4048]],[[4049]],[[4050]],[[4051]],[[4052]],[[4053]],[[4054]],[[4055]],[[4056]],[[4057]],[[4058]],[[4059]],[[4060]],[[4061]],[[4062]],[[4063]],[[4064]],[[4065]],[[4066]],[[4067]],[[4068]],[[4069]],[[4070]],[[4071]],[[4072]],[[4073]],[[4074]],[[4075]],[[4076]],[[4077]],[[4078]],[[4079]],[[4080]]],"type":"MultiPolygon","properties":{"objectid":7,"state_code_2021":"7","state_name_2021":"Northern Territory","change_flag_2021":"0","change_label_2021":"No change","aus_code_2021":"AUS","aus_name_2021":"Australia","area_albers_sqkm":1348134.4931,"asgs_loci_uri_2021":"http://linked.data.gov.au/dataset/asgsed3/STE/7","st_length(shape)":13721486.919828963,"st_area(shape)":1531551268311.6885},"id":7},{"arcs":[[-27,-29,4081]],"type":"Polygon","properties":{"objectid":8,"state_code_2021":"8","state_name_2021":"Australian Capital Territory","change_flag_2021":"0","change_label_2021":"No change","aus_code_2021":"AUS","aus_name_2021":"Australia","area_albers_sqkm":2358.133,"asgs_loci_uri_2021":"http://linked.data.gov.au/dataset/asgsed3/STE/8","st_length(shape)":376481.7822122172,"st_area(shape)":3564817835.3824544},"id":8},{"arcs":[[[-20,4082,-1]],[[4083]],[[4084]],[[4085]],[[4086]],[[4087]],[[4088]],[[4089]],[[4090]],[[4091]],[[4092]],[[4093]],[[4094]],[[4095]],[[4096]],[[4097]],[[4098]],[[4099]],[[4100]],[[4101]],[[4102]],[[4103]],[[4104]],[[4105]],[[4106]],[[4107]],[[4108]],[[4109]],[[4110]],[[4111]],[[4112]],[[4113]],[[4114]],[[4115]],[[4116]],[[4117]]],"type":"MultiPolygon","properties":{"objectid":9,"state_code_2021":"9","state_name_2021":"Other Territories","change_flag_2021":"0","change_label_2021":"No change","aus_code_2021":"AUS","aus_name_2021":"Australia","area_albers_sqkm":255.742,"asgs_loci_uri_2021":"http://linked.data.gov.au/dataset/asgsed3/STE/9","st_length(shape)":364177.9801512676,"st_area(shape)":307673385.8455407},"id":9}]}}}